time,temperature_2m_max,temperature_2m_min,temperature_2m_mean,precipitation_sum,region,ma7,ma30,year_month
2022-01-01,1.3,-8.0,-4.0,0.0,대전,,,2022-01
2022-01-02,6.4,-5.0,-0.9,0.0,대전,,,2022-01
2022-01-03,3.7,-6.4,-2.0,0.0,대전,,,2022-01
2022-01-04,3.2,-5.0,-0.8,0.0,대전,,,2022-01
2022-01-05,5.2,-5.9,-0.8,0.0,대전,,,2022-01
2022-01-06,4.2,-5.0,-1.5,0.0,대전,,,2022-01
2022-01-07,4.6,-5.1,-1.5,0.0,대전,-1.6428571428571428,,2022-01
2022-01-08,6.1,-3.3,-0.1,0.0,대전,-1.0857142857142856,,2022-01
2022-01-09,6.1,-2.9,1.6,0.0,대전,-0.7285714285714285,,2022-01
2022-01-10,6.1,-4.1,0.5,0.1,대전,-0.37142857142857144,,2022-01
2022-01-11,-0.2,-6.3,-3.6,0.4,대전,-0.7714285714285715,,2022-01
2022-01-12,-0.3,-8.6,-5.0,0.0,대전,-1.3714285714285717,,2022-01
2022-01-13,-0.7,-6.6,-4.1,0.3,대전,-1.7428571428571427,,2022-01
2022-01-14,1.1,-7.7,-4.2,0.0,대전,-2.1285714285714286,,2022-01
2022-01-15,6.0,-4.4,-0.0,0.0,대전,-2.1142857142857143,,2022-01
2022-01-16,2.2,-5.0,-0.3,0.3,대전,-2.3857142857142857,,2022-01
2022-01-17,1.4,-7.2,-3.2,0.3,대전,-2.914285714285714,,2022-01
2022-01-18,0.4,-7.6,-4.8,0.0,대전,-3.085714285714286,,2022-01
2022-01-19,4.7,-6.6,-2.0,0.6,대전,-2.6571428571428575,,2022-01
2022-01-20,2.0,-8.1,-4.4,0.0,대전,-2.6999999999999997,,2022-01
2022-01-21,5.9,-7.2,-2.3,0.0,대전,-2.4285714285714284,,2022-01
2022-01-22,7.0,-3.0,2.4,0.0,대전,-2.085714285714286,,2022-01
2022-01-23,9.1,-1.4,3.3,0.0,대전,-1.5714285714285714,,2022-01
2022-01-24,9.5,-1.2,4.3,0.0,대전,-0.5,,2022-01
2022-01-25,5.1,1.7,3.2,1.4,대전,0.6428571428571429,,2022-01
2022-01-26,6.6,-2.3,1.4,0.0,대전,1.1285714285714286,,2022-01
2022-01-27,5.0,-4.5,-0.7,0.0,대전,1.657142857142857,,2022-01
2022-01-28,3.4,-5.2,-2.0,0.0,대전,1.6999999999999997,,2022-01
2022-01-29,2.1,-5.6,-2.7,0.0,대전,0.9714285714285715,,2022-01
2022-01-30,3.0,-6.4,-2.8,0.0,대전,0.10000000000000009,-1.2333333333333334,2022-01
2022-01-31,5.1,-6.2,-1.4,0.0,대전,-0.7142857142857142,-1.1466666666666667,2022-01
2022-02-01,2.9,-3.5,-0.4,0.9,대전,-1.2285714285714284,-1.13,2022-02
2022-02-02,2.2,-5.1,-1.7,0.0,대전,-1.6714285714285713,-1.12,2022-02
2022-02-03,2.7,-4.9,-2.2,0.0,대전,-1.8857142857142857,-1.1666666666666667,2022-02
2022-02-04,2.0,-5.4,-2.4,0.0,대전,-1.9428571428571426,-1.22,2022-02
2022-02-05,-1.1,-7.1,-4.4,0.0,대전,-2.185714285714286,-1.3166666666666667,2022-02
2022-02-06,3.3,-6.0,-2.7,0.0,대전,-2.1714285714285713,-1.3566666666666667,2022-02
2022-02-07,1.4,-6.0,-2.4,0.0,대전,-2.314285714285714,-1.4333333333333333,2022-02
2022-02-08,6.1,-3.9,-0.2,0.0,대전,-2.2857142857142856,-1.4933333333333332,2022-02
2022-02-09,7.5,-5.0,0.9,0.0,대전,-1.9142857142857144,-1.48,2022-02
2022-02-10,7.4,-2.3,1.4,0.0,대전,-1.4000000000000001,-1.3133333333333332,2022-02
2022-02-11,8.9,-2.9,2.0,0.0,대전,-0.7714285714285714,-1.0799999999999998,2022-02
2022-02-12,10.2,-1.0,3.3,0.0,대전,0.3285714285714287,-0.8333333333333334,2022-02
2022-02-13,11.4,0.9,5.1,0.0,대전,1.442857142857143,-0.5233333333333334,2022-02
2022-02-14,10.5,0.1,4.4,0.1,대전,2.4142857142857146,-0.3766666666666667,2022-02
2022-02-15,-0.4,-6.5,-2.8,0.0,대전,2.042857142857143,-0.46,2022-02
2022-02-16,-1.7,-7.1,-4.9,0.0,대전,1.2142857142857142,-0.5166666666666667,2022-02
2022-02-17,-0.8,-8.8,-5.8,0.0,대전,0.1857142857142858,-0.55,2022-02
2022-02-18,6.4,-7.5,-1.2,0.0,대전,-0.2714285714285713,-0.5233333333333333,2022-02
2022-02-19,4.1,-4.8,0.1,0.0,대전,-0.7285714285714285,-0.37333333333333335,2022-02
2022-02-20,-0.4,-6.8,-4.0,0.0,대전,-2.0285714285714285,-0.43000000000000005,2022-02
2022-02-21,4.7,-5.8,-1.4,0.0,대전,-2.857142857142857,-0.5566666666666666,2022-02
2022-02-22,2.2,-5.9,-2.6,0.3,대전,-2.8285714285714287,-0.7533333333333334,2022-02
2022-02-23,1.0,-7.1,-4.3,0.0,대전,-2.7428571428571424,-1.0399999999999998,2022-02
2022-02-24,5.1,-7.4,-2.3,0.0,대전,-2.242857142857143,-1.2233333333333334,2022-02
2022-02-25,10.6,-3.5,2.2,0.0,대전,-1.757142857142857,-1.1966666666666665,2022-02
2022-02-26,11.1,1.0,5.4,1.2,대전,-0.9999999999999998,-0.9933333333333333,2022-02
2022-02-27,10.5,-2.8,3.2,0.0,대전,0.02857142857142885,-0.82,2022-02
2022-02-28,12.2,-2.9,5.1,0.0,대전,0.9571428571428573,-0.56,2022-02
2022-03-01,13.3,0.5,6.9,1.6,대전,2.3142857142857145,-0.23666666666666664,2022-03
2022-03-02,9.5,-3.7,2.1,0.0,대전,3.2285714285714286,-0.11999999999999997,2022-03
2022-03-03,12.7,-0.5,5.2,0.0,대전,4.3,0.06666666666666671,2022-03
2022-03-04,16.5,-1.4,7.9,0.0,대전,5.114285714285714,0.3866666666666667,2022-03
2022-03-05,7.2,-1.2,3.0,0.0,대전,4.771428571428572,0.56,2022-03
2022-03-06,7.0,-3.7,0.8,0.0,대전,4.428571428571429,0.6666666666666667,2022-03
2022-03-07,10.5,-3.2,3.2,0.0,대전,4.1571428571428575,0.92,2022-03
2022-03-08,12.2,-2.5,4.5,0.0,대전,3.8142857142857145,1.16,2022-03
2022-03-09,15.3,1.3,7.3,0.0,대전,4.557142857142858,1.4833333333333334,2022-03
2022-03-10,16.9,0.3,8.2,0.0,대전,4.985714285714287,1.7633333333333334,2022-03
2022-03-11,19.3,0.7,10.6,0.1,대전,5.371428571428572,2.086666666666667,2022-03
2022-03-12,22.3,8.0,15.3,0.1,대전,7.128571428571429,2.55,2022-03
2022-03-13,16.8,11.5,14.1,11.7,대전,9.028571428571428,2.9533333333333336,2022-03
2022-03-14,18.5,4.8,11.4,5.8,대전,10.200000000000001,3.2233333333333336,2022-03
2022-03-15,15.8,0.1,7.9,0.0,대전,10.685714285714287,3.316666666666667,2022-03
2022-03-16,18.7,1.8,10.1,0.0,대전,11.085714285714287,3.506666666666667,2022-03
2022-03-17,11.3,5.9,8.6,5.8,대전,11.142857142857142,3.886666666666667,2022-03
2022-03-18,9.3,4.0,5.9,4.3,대전,10.471428571428573,4.246666666666666,2022-03
2022-03-19,8.0,1.6,4.9,13.7,대전,8.985714285714286,4.6033333333333335,2022-03
2022-03-20,10.6,-1.6,4.1,0.0,대전,7.557142857142858,4.78,2022-03
2022-03-21,11.4,-1.6,5.0,0.0,대전,6.642857142857144,4.9433333333333325,2022-03
2022-03-22,11.8,-0.1,5.7,0.0,대전,6.328571428571429,5.266666666666667,2022-03
2022-03-23,10.6,1.5,5.3,0.1,대전,5.642857142857144,5.489999999999999,2022-03
2022-03-24,16.0,1.0,8.0,0.0,대전,5.557142857142858,5.843333333333333,2022-03
2022-03-25,21.1,4.0,12.1,7.9,대전,6.442857142857144,6.39,2022-03
2022-03-26,14.8,6.6,11.7,38.2,대전,7.414285714285714,6.856666666666667,2022-03
2022-03-27,15.1,2.3,7.9,0.0,대전,7.957142857142857,7.046666666666667,2022-03
2022-03-28,13.6,1.3,7.0,0.0,대전,8.242857142857144,7.1,2022-03
2022-03-29,16.6,-0.2,8.3,0.0,대전,8.614285714285716,7.27,2022-03
2022-03-30,18.8,3.1,11.2,1.2,대전,9.457142857142857,7.473333333333334,2022-03
2022-03-31,15.1,7.8,11.1,0.5,대전,9.900000000000002,7.613333333333333,2022-03
2022-04-01,14.1,3.3,8.5,0.0,대전,9.385714285714286,7.826666666666667,2022-04
2022-04-02,13.6,0.3,7.0,0.0,대전,8.714285714285714,7.886666666666667,2022-04
2022-04-03,15.8,-0.7,7.8,0.0,대전,8.7,7.883333333333334,2022-04
2022-04-04,17.4,3.2,9.6,0.0,대전,9.071428571428571,8.103333333333333,2022-04
2022-04-05,16.8,0.4,9.2,0.0,대전,9.200000000000001,8.383333333333333,2022-04
2022-04-06,20.0,3.0,11.3,0.0,대전,9.214285714285714,8.653333333333334,2022-04
2022-04-07,18.5,6.4,11.1,0.2,대전,9.214285714285714,8.873333333333333,2022-04
2022-04-08,22.2,2.3,12.5,0.0,대전,9.785714285714286,9.046666666666665,2022-04
2022-04-09,25.8,12.1,18.3,0.0,대전,11.400000000000002,9.383333333333333,2022-04
2022-04-10,26.9,10.6,17.9,0.0,대전,12.842857142857143,9.626666666666665,2022-04
2022-04-11,27.9,11.7,19.9,0.0,대전,14.314285714285713,9.78,2022-04
2022-04-12,27.2,14.2,19.4,0.3,대전,15.771428571428572,9.956666666666667,2022-04
2022-04-13,20.5,9.2,14.8,19.2,대전,16.27142857142857,10.069999999999999,2022-04
2022-04-14,16.2,8.3,11.2,4.7,대전,16.285714285714285,10.18,2022-04
2022-04-15,19.0,4.7,11.7,0.0,대전,16.17142857142857,10.23333333333333,2022-04
2022-04-16,19.3,4.1,11.8,0.0,대전,15.242857142857144,10.34,2022-04
2022-04-17,21.4,2.8,12.5,0.0,대전,14.471428571428572,10.559999999999999,2022-04
2022-04-18,22.1,7.9,14.3,0.0,대전,13.671428571428573,10.873333333333333,2022-04
2022-04-19,23.8,6.7,14.8,0.0,대전,13.014285714285714,11.229999999999999,2022-04
2022-04-20,23.1,5.3,14.4,0.0,대전,12.957142857142857,11.543333333333331,2022-04
2022-04-21,21.3,7.7,15.1,0.0,대전,13.514285714285714,11.856666666666666,2022-04
2022-04-22,25.8,11.5,16.9,0.0,대전,14.257142857142856,12.243333333333332,2022-04
2022-04-23,27.1,12.1,18.7,0.0,대전,15.242857142857144,12.599999999999998,2022-04
2022-04-24,27.4,10.9,18.4,0.0,대전,16.085714285714285,12.81,2022-04
2022-04-25,29.4,14.3,20.9,0.5,대전,17.02857142857143,13.116666666666667,2022-04
2022-04-26,24.6,15.9,19.0,20.0,대전,17.62857142857143,13.486666666666666,2022-04
2022-04-27,23.1,10.5,16.4,0.0,대전,17.914285714285715,13.8,2022-04
2022-04-28,26.8,9.7,16.9,0.0,대전,18.17142857142857,14.086666666666666,2022-04
2022-04-29,15.6,9.0,13.1,12.2,대전,17.628571428571426,14.15,2022-04
2022-04-30,17.1,7.9,12.5,0.2,대전,16.74285714285714,14.196666666666667,2022-04
2022-05-01,18.6,5.0,12.1,0.0,대전,15.842857142857143,14.316666666666666,2022-05
2022-05-02,19.2,7.1,12.7,0.4,대전,14.671428571428569,14.506666666666666,2022-05
2022-05-03,20.4,4.7,12.8,0.0,대전,13.785714285714286,14.673333333333334,2022-05
2022-05-04,25.6,8.0,16.3,0.0,대전,13.771428571428572,14.896666666666667,2022-05
2022-05-05,26.3,8.3,17.5,0.0,대전,13.857142857142858,15.173333333333334,2022-05
2022-05-06,27.4,10.1,19.3,0.0,대전,14.742857142857144,15.44,2022-05
2022-05-07,24.3,12.0,17.8,0.1,대전,15.5,15.663333333333334,2022-05
2022-05-08,24.0,12.0,17.5,0.0,대전,16.271428571428572,15.830000000000002,2022-05
2022-05-09,24.0,12.1,17.2,1.6,대전,16.914285714285715,15.793333333333333,2022-05
2022-05-10,25.5,11.3,18.4,0.0,대전,17.714285714285715,15.809999999999999,2022-05
2022-05-11,26.1,15.9,20.2,0.0,대전,18.27142857142857,15.819999999999999,2022-05
2022-05-12,28.1,15.3,20.7,0.0,대전,18.728571428571428,15.863333333333333,2022-05
2022-05-13,24.0,15.4,19.6,1.3,대전,18.771428571428572,16.023333333333333,2022-05
2022-05-14,21.6,9.8,15.8,0.0,대전,18.485714285714288,16.176666666666666,2022-05
2022-05-15,21.5,9.6,15.4,0.0,대전,18.185714285714287,16.3,2022-05
2022-05-16,24.1,8.5,16.4,0.0,대전,18.071428571428573,16.453333333333333,2022-05
2022-05-17,27.2,11.1,19.6,0.0,대전,18.24285714285714,16.69,2022-05
2022-05-18,28.6,16.7,22.0,0.0,대전,18.5,16.946666666666665,2022-05
2022-05-19,26.8,16.5,21.0,0.0,대전,18.542857142857144,17.153333333333332,2022-05
2022-05-20,27.6,13.3,20.4,0.0,대전,18.657142857142862,17.353333333333335,2022-05
2022-05-21,27.8,12.7,20.1,0.0,대전,19.271428571428572,17.52,2022-05
2022-05-22,28.0,14.7,20.6,0.0,대전,20.014285714285716,17.64333333333333,2022-05
2022-05-23,31.3,14.8,22.4,0.0,대전,20.87142857142857,17.766666666666666,2022-05
2022-05-24,32.4,13.8,23.1,0.0,대전,21.371428571428574,17.923333333333336,2022-05
2022-05-25,30.6,15.7,22.2,0.0,대전,21.400000000000002,17.966666666666665,2022-05
2022-05-26,26.5,13.1,19.5,4.0,대전,21.185714285714287,17.983333333333334,2022-05
2022-05-27,27.0,14.8,20.5,0.0,대전,21.2,18.12,2022-05
2022-05-28,30.1,15.5,22.4,0.0,대전,21.528571428571432,18.303333333333335,2022-05
2022-05-29,32.2,14.4,23.1,0.0,대전,21.88571428571429,18.636666666666667,2022-05
2022-05-30,27.4,18.5,22.6,2.2,대전,21.914285714285715,18.973333333333333,2022-05
2022-05-31,29.0,12.9,20.9,0.0,대전,21.6,19.266666666666666,2022-05
2022-06-01,31.8,14.9,23.0,0.0,대전,21.714285714285715,19.610000000000003,2022-06
2022-06-02,29.5,14.2,21.9,0.0,대전,22.057142857142857,19.913333333333334,2022-06
2022-06-03,34.1,17.6,25.1,0.1,대전,22.714285714285715,20.206666666666667,2022-06
2022-06-04,33.0,18.0,25.4,0.0,대전,23.142857142857142,20.470000000000002,2022-06
2022-06-05,23.9,17.6,19.6,15.2,대전,22.642857142857142,20.480000000000004,2022-06
2022-06-06,22.4,15.1,18.9,1.9,대전,22.114285714285717,20.516666666666666,2022-06
2022-06-07,22.3,14.1,17.5,12.1,대전,21.62857142857143,20.516666666666666,2022-06
2022-06-08,24.5,15.1,19.3,1.3,대전,21.099999999999998,20.586666666666666,2022-06
2022-06-09,25.9,15.9,20.3,6.5,대전,20.87142857142857,20.65,2022-06
2022-06-10,30.1,15.0,21.8,6.7,대전,20.400000000000002,20.703333333333333,2022-06
2022-06-11,30.3,18.1,22.6,12.7,대전,20.0,20.766666666666666,2022-06
2022-06-12,29.7,16.6,22.6,0.1,대전,20.428571428571427,20.866666666666667,2022-06
2022-06-13,27.6,17.9,22.2,0.1,대전,20.900000000000002,21.08,2022-06
2022-06-14,22.6,16.2,18.7,3.3,대전,21.071428571428573,21.19,2022-06
2022-06-15,24.8,15.7,19.2,13.4,대전,21.057142857142857,21.283333333333335,2022-06
2022-06-16,26.0,16.9,20.7,1.5,대전,21.114285714285717,21.32,2022-06
2022-06-17,29.6,16.0,22.4,1.8,대전,21.2,21.333333333333332,2022-06
2022-06-18,30.6,20.2,24.2,1.5,대전,21.428571428571427,21.44,2022-06
2022-06-19,28.9,20.3,24.5,0.0,대전,21.7,21.576666666666668,2022-06
2022-06-20,32.7,19.7,26.0,0.1,대전,22.242857142857144,21.773333333333333,2022-06
2022-06-21,34.9,19.8,27.5,0.0,대전,23.5,22.003333333333334,2022-06
2022-06-22,34.0,20.4,26.3,0.7,대전,24.514285714285712,22.133333333333333,2022-06
2022-06-23,32.2,21.3,25.9,14.3,대전,25.257142857142856,22.226666666666667,2022-06
2022-06-24,28.5,22.2,24.6,5.6,대전,25.571428571428573,22.306666666666665,2022-06
2022-06-25,31.7,22.1,25.9,0.8,대전,25.814285714285713,22.519999999999996,2022-06
2022-06-26,30.5,23.1,26.3,6.0,대전,26.071428571428573,22.71333333333333,2022-06
2022-06-27,29.4,24.7,26.7,5.4,대전,26.17142857142857,22.856666666666666,2022-06
2022-06-28,32.5,25.6,28.4,0.0,대전,26.3,23.033333333333335,2022-06
2022-06-29,28.5,24.2,26.5,6.2,대전,26.32857142857143,23.163333333333338,2022-06
2022-06-30,29.8,23.9,26.0,5.4,대전,26.342857142857145,23.333333333333332,2022-06
2022-07-01,32.7,22.6,27.1,2.5,대전,26.7,23.469999999999995,2022-07
2022-07-02,34.4,22.2,28.5,0.2,대전,27.071428571428573,23.689999999999998,2022-07
2022-07-03,33.6,23.0,28.1,1.5,대전,27.328571428571426,23.79,2022-07
2022-07-04,33.5,23.8,27.5,1.8,대전,27.442857142857143,23.86,2022-07
2022-07-05,31.7,24.3,27.3,9.3,대전,27.285714285714285,24.116666666666667,2022-07
2022-07-06,34.3,23.6,28.7,0.3,대전,27.599999999999998,24.44333333333333,2022-07
2022-07-07,35.6,25.7,29.2,1.1,대전,28.057142857142857,24.833333333333332,2022-07
2022-07-08,31.9,23.8,27.6,2.8,대전,28.12857142857143,25.110000000000003,2022-07
2022-07-09,31.2,21.8,26.6,0.3,대전,27.857142857142858,25.319999999999997,2022-07
2022-07-10,34.4,22.7,27.9,25.9,대전,27.82857142857143,25.523333333333333,2022-07
2022-07-11,30.0,23.7,26.0,22.7,대전,27.614285714285717,25.636666666666667,2022-07
2022-07-12,28.7,23.2,26.3,2.1,대전,27.47142857142857,25.759999999999998,2022-07
2022-07-13,26.4,23.3,24.9,21.2,대전,26.928571428571427,25.85,2022-07
2022-07-14,29.5,23.8,26.0,2.9,대전,26.471428571428568,26.09333333333333,2022-07
2022-07-15,30.6,21.8,25.6,0.0,대전,26.185714285714287,26.30666666666667,2022-07
2022-07-16,28.9,20.5,24.6,1.8,대전,25.900000000000002,26.436666666666667,2022-07
2022-07-17,29.5,21.6,25.3,0.7,대전,25.52857142857143,26.533333333333335,2022-07
2022-07-18,24.4,22.1,23.2,40.0,대전,25.12857142857143,26.5,2022-07
2022-07-19,29.0,21.1,25.0,2.3,대전,24.942857142857147,26.516666666666666,2022-07
2022-07-20,31.1,22.8,26.8,1.9,대전,25.214285714285715,26.543333333333333,2022-07
2022-07-21,27.3,22.2,25.0,27.8,대전,25.071428571428573,26.459999999999997,2022-07
2022-07-22,29.1,21.0,24.5,2.5,대전,24.91428571428571,26.4,2022-07
2022-07-23,28.5,20.2,24.3,8.5,대전,24.87142857142857,26.34666666666667,2022-07
2022-07-24,28.7,22.3,25.3,9.4,대전,24.871428571428574,26.37,2022-07
2022-07-25,31.6,22.7,26.4,0.1,대전,25.328571428571426,26.386666666666667,2022-07
2022-07-26,32.1,21.9,26.8,0.3,대전,25.585714285714285,26.403333333333332,2022-07
2022-07-27,32.5,24.2,27.4,0.2,대전,25.671428571428574,26.42666666666667,2022-07
2022-07-28,33.4,22.5,27.8,0.2,대전,26.071428571428573,26.406666666666663,2022-07
2022-07-29,33.5,24.5,28.9,2.1,대전,26.7,26.486666666666665,2022-07
2022-07-30,31.8,24.7,28.2,2.3,대전,27.25714285714286,26.56,2022-07
2022-07-31,29.0,25.3,26.7,27.3,대전,27.457142857142856,26.54666666666667,2022-07
2022-08-01,32.0,25.2,28.1,8.6,대전,27.7,26.533333333333335,2022-08
2022-08-02,30.5,25.6,27.6,10.6,대전,27.814285714285713,26.516666666666666,2022-08
2022-08-03,31.7,24.1,27.6,5.7,대전,27.842857142857145,26.52,2022-08
2022-08-04,31.2,25.4,27.8,3.3,대전,27.842857142857145,26.536666666666665,2022-08
2022-08-05,31.7,25.0,27.9,3.5,대전,27.7,26.51,2022-08
2022-08-06,32.4,26.1,28.8,0.9,대전,27.785714285714285,26.496666666666666,2022-08
2022-08-07,33.0,25.6,28.5,0.5,대전,28.042857142857144,26.526666666666664,2022-08
2022-08-08,31.4,26.3,28.4,1.5,대전,28.085714285714285,26.586666666666666,2022-08
2022-08-09,29.8,26.0,27.4,3.6,대전,28.057142857142857,26.569999999999997,2022-08
2022-08-10,27.5,24.5,26.1,36.1,대전,27.842857142857138,26.57333333333333,2022-08
2022-08-11,26.1,25.0,25.4,68.1,대전,27.5,26.543333333333333,2022-08
2022-08-12,31.5,23.2,27.0,0.9,대전,27.37142857142857,26.613333333333333,2022-08
2022-08-13,30.0,22.6,25.7,4.7,대전,26.928571428571427,26.603333333333335,2022-08
2022-08-14,29.8,24.6,26.9,21.9,대전,26.699999999999996,26.646666666666665,2022-08
2022-08-15,31.3,25.9,28.2,2.1,대전,26.671428571428574,26.766666666666666,2022-08
2022-08-16,29.2,23.6,26.2,32.6,대전,26.5,26.796666666666667,2022-08
2022-08-17,29.5,21.9,24.8,5.3,대전,26.314285714285717,26.85,2022-08
2022-08-18,29.8,19.0,24.3,0.0,대전,26.157142857142855,26.826666666666664,2022-08
2022-08-19,29.4,21.0,25.8,0.7,대전,25.985714285714288,26.793333333333337,2022-08
2022-08-20,31.0,24.8,27.4,4.6,대전,26.228571428571428,26.873333333333335,2022-08
2022-08-21,31.1,23.4,26.8,0.0,대전,26.214285714285715,26.95,2022-08
2022-08-22,30.4,22.3,26.0,0.2,대전,25.9,27.006666666666664,2022-08
2022-08-23,26.4,23.1,25.0,49.3,대전,25.728571428571428,26.996666666666666,2022-08
2022-08-24,25.6,20.8,23.5,0.8,대전,25.54285714285714,26.9,2022-08
2022-08-25,27.1,18.9,22.5,0.8,대전,25.285714285714285,26.756666666666664,2022-08
2022-08-26,26.7,16.0,21.6,0.0,대전,24.685714285714287,26.563333333333333,2022-08
2022-08-27,23.8,17.1,20.6,0.1,대전,23.714285714285715,26.323333333333334,2022-08
2022-08-28,26.7,15.0,20.6,0.0,대전,22.82857142857143,26.04666666666667,2022-08
2022-08-29,22.1,18.6,20.2,5.0,대전,22.0,25.779999999999998,2022-08
2022-08-30,22.2,18.8,20.5,35.8,대전,21.357142857142858,25.57333333333333,2022-08
2022-08-31,24.2,19.4,21.2,13.2,대전,21.028571428571432,25.343333333333337,2022-08
2022-09-01,26.6,17.2,21.4,0.0,대전,20.871428571428574,25.136666666666667,2022-09
2022-09-02,25.9,17.8,21.9,0.4,대전,20.914285714285715,24.946666666666665,2022-09
2022-09-03,25.8,20.2,22.8,0.0,대전,21.228571428571428,24.780000000000005,2022-09
2022-09-04,29.3,20.5,24.1,7.2,대전,21.728571428571428,24.65333333333333,2022-09
2022-09-05,25.9,21.5,23.9,48.7,대전,22.25714285714286,24.490000000000002,2022-09
2022-09-06,25.7,17.0,20.4,52.5,대전,22.242857142857144,24.220000000000002,2022-09
2022-09-07,26.5,15.4,20.4,0.0,대전,22.128571428571426,23.953333333333333,2022-09
2022-09-08,27.6,16.0,21.4,0.0,대전,22.12857142857143,23.753333333333334,2022-09
2022-09-09,26.9,16.5,21.8,0.0,대전,22.114285714285717,23.610000000000003,2022-09
2022-09-10,25.2,18.6,21.4,0.0,대전,21.91428571428571,23.47666666666667,2022-09
2022-09-11,27.5,18.3,22.7,0.4,대전,21.714285714285715,23.333333333333332,2022-09
2022-09-12,24.2,20.0,22.1,2.9,대전,21.457142857142856,23.21333333333333,2022-09
2022-09-13,27.1,20.1,23.2,1.1,대전,21.857142857142858,23.09,2022-09
2022-09-14,27.6,21.2,23.5,0.0,대전,22.300000000000004,22.933333333333334,2022-09
2022-09-15,29.4,20.8,24.2,0.0,대전,22.7,22.866666666666667,2022-09
2022-09-16,31.6,20.7,25.3,1.7,대전,23.199999999999996,22.883333333333333,2022-09
2022-09-17,30.2,21.0,25.5,0.4,대전,23.785714285714285,22.923333333333336,2022-09
2022-09-18,31.6,23.0,26.5,0.8,대전,24.32857142857143,22.946666666666665,2022-09
2022-09-19,28.3,18.1,24.1,0.0,대전,24.614285714285717,22.836666666666666,2022-09
2022-09-20,22.8,14.5,18.5,0.0,대전,23.942857142857147,22.560000000000002,2022-09
2022-09-21,22.8,12.4,17.5,0.0,대전,23.08571428571429,22.276666666666667,2022-09
2022-09-22,22.8,13.4,17.8,0.0,대전,22.17142857142857,22.03666666666667,2022-09
2022-09-23,23.5,12.8,17.3,0.1,대전,21.02857142857143,21.83,2022-09
2022-09-24,22.2,11.5,16.5,0.0,대전,19.74285714285714,21.63,2022-09
2022-09-25,23.0,13.5,18.1,0.0,대전,18.542857142857144,21.513333333333332,2022-09
2022-09-26,23.2,14.7,18.6,0.0,대전,17.75714285714286,21.446666666666665,2022-09
2022-09-27,25.6,11.9,18.8,0.0,대전,17.8,21.386666666666663,2022-09
2022-09-28,24.8,14.2,18.9,0.0,대전,18.0,21.343333333333337,2022-09
2022-09-29,24.5,13.8,19.3,0.0,대전,18.214285714285715,21.303333333333335,2022-09
2022-09-30,26.8,12.7,19.7,0.0,대전,18.557142857142857,21.253333333333334,2022-09
2022-10-01,26.7,11.7,20.0,0.0,대전,19.057142857142857,21.206666666666667,2022-10
2022-10-02,28.9,15.9,21.5,0.5,대전,19.542857142857144,21.193333333333335,2022-10
2022-10-03,28.0,21.6,24.4,6.1,대전,20.37142857142857,21.246666666666666,2022-10
2022-10-04,23.5,15.1,20.2,30.2,대전,20.571428571428573,21.116666666666667,2022-10
2022-10-05,20.5,14.2,16.4,1.7,대전,20.214285714285715,20.866666666666667,2022-10
2022-10-06,20.5,13.9,16.5,0.9,대전,19.814285714285713,20.736666666666668,2022-10
2022-10-07,18.1,11.8,15.0,1.1,대전,19.142857142857142,20.55666666666667,2022-10
2022-10-08,19.7,10.6,15.1,0.0,대전,18.442857142857143,20.346666666666668,2022-10
2022-10-09,14.7,11.9,13.8,11.8,대전,17.34285714285714,20.08,2022-10
2022-10-10,13.6,9.0,10.8,1.4,대전,15.4,19.726666666666667,2022-10
2022-10-11,15.6,8.6,11.1,0.0,대전,14.1,19.34,2022-10
2022-10-12,19.5,5.4,12.2,0.0,대전,13.5,19.01,2022-10
2022-10-13,20.5,9.3,14.0,0.0,대전,13.142857142857142,18.703333333333333,2022-10
2022-10-14,21.3,9.6,15.0,0.0,대전,13.142857142857142,18.42,2022-10
2022-10-15,22.4,10.9,16.7,0.0,대전,13.37142857142857,18.17,2022-10
2022-10-16,22.0,13.6,17.3,0.0,대전,13.87142857142857,17.903333333333332,2022-10
2022-10-17,13.5,7.4,11.5,0.0,대전,13.971428571428573,17.436666666666667,2022-10
2022-10-18,12.6,3.4,7.5,0.0,대전,13.457142857142856,16.80333333333333,2022-10
2022-10-19,14.8,5.0,8.9,0.0,대전,12.985714285714286,16.296666666666667,2022-10
2022-10-20,16.9,4.6,11.0,0.0,대전,12.557142857142859,16.046666666666667,2022-10
2022-10-21,18.7,5.8,12.2,0.0,대전,12.157142857142858,15.870000000000001,2022-10
2022-10-22,19.2,10.3,14.0,0.0,대전,11.771428571428572,15.743333333333334,2022-10
2022-10-23,17.5,9.2,13.2,0.0,대전,11.185714285714285,15.606666666666666,2022-10
2022-10-24,13.4,5.8,9.1,0.0,대전,10.842857142857143,15.359999999999998,2022-10
2022-10-25,16.1,2.7,9.0,0.0,대전,11.057142857142859,15.056666666666668,2022-10
2022-10-26,17.2,4.9,10.9,0.0,대전,11.342857142857143,14.8,2022-10
2022-10-27,18.3,7.1,11.8,0.0,대전,11.457142857142857,14.566666666666666,2022-10
2022-10-28,19.0,7.6,12.7,0.0,대전,11.528571428571428,14.360000000000001,2022-10
2022-10-29,19.5,9.6,13.6,0.0,대전,11.471428571428572,14.17,2022-10
2022-10-30,19.3,8.5,13.3,0.0,대전,11.485714285714284,13.956666666666667,2022-10
2022-10-31,18.6,9.6,13.4,0.0,대전,12.1,13.736666666666668,2022-10
2022-11-01,17.7,7.0,12.1,0.0,대전,12.542857142857143,13.423333333333334,2022-11
2022-11-02,16.9,5.6,10.0,0.0,대전,12.414285714285713,12.943333333333332,2022-11
2022-11-03,14.6,6.0,10.0,0.0,대전,12.157142857142857,12.603333333333332,2022-11
2022-11-04,9.5,0.9,5.2,0.0,대전,11.085714285714285,12.23,2022-11
2022-11-05,12.4,-0.9,5.4,0.0,대전,9.914285714285715,11.860000000000001,2022-11
2022-11-06,15.4,0.4,8.0,0.0,대전,9.157142857142858,11.626666666666667,2022-11
2022-11-07,16.0,2.5,9.0,0.0,대전,8.528571428571428,11.423333333333334,2022-11
2022-11-08,17.3,5.6,11.0,0.0,대전,8.371428571428572,11.33,2022-11
2022-11-09,16.5,6.0,11.2,0.0,대전,8.542857142857143,11.343333333333334,2022-11
2022-11-10,18.5,3.7,11.1,0.0,대전,8.7,11.343333333333334,2022-11
2022-11-11,21.7,8.6,13.8,0.0,대전,9.928571428571429,11.396666666666668,2022-11
2022-11-12,25.4,9.3,16.5,5.4,대전,11.514285714285714,11.479999999999999,2022-11
2022-11-13,18.0,8.9,12.0,7.7,대전,12.085714285714285,11.379999999999999,2022-11
2022-11-14,13.5,5.3,9.9,0.4,대전,12.214285714285714,11.153333333333334,2022-11
2022-11-15,11.9,2.3,7.2,0.9,대전,11.671428571428569,10.816666666666666,2022-11
2022-11-16,13.8,5.1,9.1,0.2,대전,11.371428571428572,10.736666666666668,2022-11
2022-11-17,14.2,4.3,8.4,0.0,대전,10.985714285714284,10.766666666666667,2022-11
2022-11-18,17.2,1.4,7.9,0.0,대전,10.142857142857142,10.733333333333333,2022-11
2022-11-19,17.9,6.5,10.8,0.0,대전,9.328571428571427,10.726666666666665,2022-11
2022-11-20,18.3,8.2,12.2,0.0,대전,9.357142857142858,10.726666666666665,2022-11
2022-11-21,18.0,4.0,10.8,0.0,대전,9.485714285714286,10.62,2022-11
2022-11-22,15.9,7.9,10.9,2.2,대전,10.014285714285714,10.543333333333333,2022-11
2022-11-23,15.4,5.0,9.8,0.2,대전,10.114285714285716,10.566666666666668,2022-11
2022-11-24,13.2,4.0,8.3,0.0,대전,10.1,10.543333333333331,2022-11
2022-11-25,16.8,1.8,8.5,0.0,대전,10.185714285714285,10.463333333333333,2022-11
2022-11-26,12.2,2.4,7.9,0.7,대전,9.771428571428572,10.333333333333334,2022-11
2022-11-27,14.6,-1.7,5.2,0.0,대전,8.771428571428572,10.083333333333334,2022-11
2022-11-28,16.6,3.9,10.5,20.0,대전,8.72857142857143,9.979999999999999,2022-11
2022-11-29,14.7,1.1,9.1,8.2,대전,8.471428571428572,9.840000000000002,2022-11
2022-11-30,1.1,-6.3,-3.1,0.0,대전,6.628571428571428,9.29,2022-11
2022-12-01,-0.1,-7.1,-3.6,0.1,대전,4.928571428571429,8.766666666666667,2022-12
2022-12-02,2.0,-6.1,-2.4,0.0,대전,3.371428571428571,8.353333333333333,2022-12
2022-12-03,7.8,-0.6,3.3,0.0,대전,2.7142857142857144,8.129999999999999,2022-12
2022-12-04,1.3,-4.7,-1.7,0.0,대전,1.7285714285714284,7.9,2022-12
2022-12-05,0.9,-5.2,-3.1,0.0,대전,-0.2142857142857144,7.616666666666666,2022-12
2022-12-06,5.7,-4.6,0.4,0.2,대전,-1.4571428571428573,7.363333333333333,2022-12
2022-12-07,8.7,-0.4,3.7,0.0,대전,-0.4857142857142857,7.1866666666666665,2022-12
2022-12-08,8.1,-1.0,3.7,0.0,대전,0.5571428571428573,6.9433333333333325,2022-12
2022-12-09,10.8,-1.1,4.0,0.0,대전,1.4714285714285715,6.703333333333333,2022-12
2022-12-10,6.6,-2.8,1.5,0.6,대전,1.2142857142857142,6.383333333333334,2022-12
2022-12-11,6.7,-2.0,1.4,0.0,대전,1.657142857142857,5.97,2022-12
2022-12-12,7.6,-3.1,1.9,0.2,대전,2.3714285714285714,5.483333333333333,2022-12
2022-12-13,5.6,-1.0,2.0,3.0,대전,2.6000000000000005,5.15,2022-12
2022-12-14,-2.3,-9.4,-6.3,0.0,대전,1.1714285714285713,4.609999999999999,2022-12
2022-12-15,4.9,-7.2,-1.4,2.5,대전,0.442857142857143,4.323333333333334,2022-12
2022-12-16,-1.8,-8.1,-4.6,0.0,대전,-0.7857142857142855,3.8666666666666667,2022-12
2022-12-17,-1.8,-7.6,-5.2,0.3,대전,-1.7428571428571427,3.4133333333333336,2022-12
2022-12-18,-4.9,-10.3,-7.9,0.0,대전,-3.0714285714285716,2.8866666666666663,2022-12
2022-12-19,0.0,-8.8,-5.2,0.0,대전,-4.085714285714285,2.3533333333333335,2022-12
2022-12-20,2.7,-7.3,-3.1,0.0,대전,-4.814285714285714,1.8433333333333333,2022-12
2022-12-21,5.9,-1.8,1.4,6.5,대전,-3.7142857142857144,1.5300000000000002,2022-12
2022-12-22,-1.1,-8.3,-4.6,0.4,대전,-4.171428571428572,1.0133333333333332,2022-12
2022-12-23,-4.6,-10.5,-7.8,0.3,대전,-4.628571428571428,0.4266666666666667,2022-12
2022-12-24,-5.8,-12.9,-9.4,0.0,대전,-5.228571428571428,-0.1633333333333334,2022-12
2022-12-25,1.4,-7.9,-4.5,0.0,대전,-4.742857142857143,-0.5966666666666668,2022-12
2022-12-26,1.0,-6.3,-3.0,0.0,대전,-4.428571428571428,-0.9600000000000002,2022-12
2022-12-27,2.7,-6.1,-2.1,0.0,대전,-4.285714285714286,-1.2033333333333334,2022-12
2022-12-28,2.2,-5.1,-1.8,0.1,대전,-4.742857142857142,-1.6133333333333335,2022-12
2022-12-29,0.4,-5.8,-2.9,0.0,대전,-4.5,-2.013333333333333,2022-12
2022-12-30,3.0,-4.5,-0.7,0.0,대전,-3.4857142857142853,-1.9333333333333333,2022-12
2022-12-31,3.7,-4.1,-1.3,0.0,대전,-2.3285714285714283,-1.8566666666666667,2022-12
2023-01-01,4.8,-2.8,-0.0,0.0,대전,-1.6857142857142853,-1.7766666666666666,2023-01
2023-01-02,0.2,-6.5,-3.6,0.0,대전,-1.7714285714285711,-2.006666666666667,2023-01
2023-01-03,2.1,-7.7,-3.9,0.0,대전,-2.0285714285714285,-2.08,2023-01
2023-01-04,5.1,-5.8,-1.1,0.0,대전,-1.9285714285714284,-2.013333333333333,2023-01
2023-01-05,6.4,-4.0,0.7,0.2,대전,-1.414285714285714,-2.0033333333333334,2023-01
2023-01-06,7.2,-4.2,1.2,1.4,대전,-1.1428571428571426,-2.086666666666667,2023-01
2023-01-07,5.8,-2.9,2.0,1.4,대전,-0.6714285714285712,-2.143333333333333,2023-01
2023-01-08,8.0,-4.1,0.4,0.0,대전,-0.614285714285714,-2.263333333333333,2023-01
2023-01-09,7.6,-3.2,2.1,0.0,대전,0.20000000000000023,-2.243333333333333,2023-01
2023-01-10,9.7,-5.7,0.2,0.0,대전,0.7857142857142859,-2.283333333333333,2023-01
2023-01-11,9.5,-2.6,1.9,0.0,대전,1.2142857142857146,-2.2833333333333337,2023-01
2023-01-12,14.7,-2.2,4.7,0.0,대전,1.785714285714286,-2.193333333333334,2023-01
2023-01-13,13.5,7.9,10.5,26.5,대전,3.1142857142857143,-1.6333333333333333,2023-01
2023-01-14,9.5,6.5,8.0,2.1,대전,3.9714285714285715,-1.3200000000000003,2023-01
2023-01-15,6.3,-3.3,1.7,2.8,대전,4.1571428571428575,-1.11,2023-01
2023-01-16,-0.2,-6.3,-3.6,0.0,대전,3.3428571428571425,-1.0566666666666669,2023-01
2023-01-17,2.2,-6.2,-2.8,0.0,대전,2.9142857142857146,-0.8866666666666667,2023-01
2023-01-18,3.7,-4.4,-1.2,0.0,대전,2.471428571428572,-0.7533333333333333,2023-01
2023-01-19,5.3,-5.0,-0.1,0.0,대전,1.785714285714286,-0.6533333333333334,2023-01
2023-01-20,2.7,-6.1,-1.4,0.0,대전,0.08571428571428595,-0.7466666666666666,2023-01
2023-01-21,1.8,-7.7,-3.8,0.0,대전,-1.5999999999999999,-0.7200000000000001,2023-01
2023-01-22,5.5,-3.2,-0.0,0.0,대전,-1.8428571428571427,-0.46,2023-01
2023-01-23,7.0,-4.3,0.5,0.0,대전,-1.2571428571428567,-0.13000000000000003,2023-01
2023-01-24,-3.7,-13.6,-10.1,0.1,대전,-2.3,-0.31666666666666665,2023-01
2023-01-25,-5.3,-15.2,-10.8,0.0,대전,-3.6714285714285713,-0.5766666666666668,2023-01
2023-01-26,1.2,-9.0,-2.6,1.4,대전,-4.0285714285714285,-0.5933333333333335,2023-01
2023-01-27,-2.9,-8.2,-5.6,0.0,대전,-4.628571428571428,-0.7200000000000001,2023-01
2023-01-28,-0.1,-8.6,-5.0,0.1,대전,-4.799999999999999,-0.7900000000000001,2023-01
2023-01-29,4.5,-6.9,-1.2,0.0,대전,-4.971428571428571,-0.8066666666666668,2023-01
2023-01-30,3.6,-5.1,-1.5,0.0,대전,-5.257142857142857,-0.8133333333333334,2023-01
2023-01-31,9.6,-4.5,1.7,0.0,대전,-3.5714285714285707,-0.7566666666666667,2023-01
2023-02-01,6.5,-3.4,2.6,0.0,대전,-1.6571428571428568,-0.55,2023-02
2023-02-02,2.1,-4.5,-2.3,0.0,대전,-1.6142857142857139,-0.49666666666666676,2023-02
2023-02-03,3.4,-4.9,-1.6,0.0,대전,-1.0428571428571425,-0.5133333333333334,2023-02
2023-02-04,6.5,-5.4,-0.8,0.0,대전,-0.44285714285714256,-0.5633333333333334,2023-02
2023-02-05,7.2,-4.7,0.5,0.0,대전,-0.19999999999999973,-0.5866666666666667,2023-02
2023-02-06,10.5,-3.8,1.8,0.0,대전,0.2714285714285717,-0.5933333333333334,2023-02
2023-02-07,10.9,-2.7,1.8,0.0,대전,0.285714285714286,-0.5466666666666667,2023-02
2023-02-08,8.2,-3.3,1.1,0.0,대전,0.07142857142857172,-0.58,2023-02
2023-02-09,10.2,-4.3,2.9,1.0,대전,0.8142857142857144,-0.4900000000000001,2023-02
2023-02-10,8.3,-1.3,3.4,4.3,대전,1.5285714285714287,-0.44000000000000006,2023-02
2023-02-11,7.8,-2.3,2.1,0.0,대전,1.942857142857143,-0.5266666666666667,2023-02
2023-02-12,9.8,-3.0,3.1,0.0,대전,2.3142857142857145,-0.7733333333333334,2023-02
2023-02-13,10.7,2.5,6.4,0.1,대전,2.9714285714285715,-0.8266666666666668,2023-02
2023-02-14,6.3,-3.0,2.1,0.0,대전,3.0142857142857147,-0.8133333333333334,2023-02
2023-02-15,4.9,-2.1,2.4,0.0,대전,3.2,-0.6133333333333334,2023-02
2023-02-16,5.6,-2.4,2.4,0.1,대전,3.128571428571429,-0.44000000000000006,2023-02
2023-02-17,9.5,-2.2,3.6,0.0,대전,3.1571428571428575,-0.2800000000000001,2023-02
2023-02-18,9.6,2.4,6.7,0.4,대전,3.8142857142857145,-0.05333333333333341,2023-02
2023-02-19,6.8,-2.1,3.6,0.4,대전,3.885714285714286,0.11333333333333326,2023-02
2023-02-20,4.9,-4.3,-0.6,0.0,대전,2.885714285714286,0.21999999999999992,2023-02
2023-02-21,3.6,-6.5,-2.2,0.0,대전,2.2714285714285714,0.14666666666666658,2023-02
2023-02-22,8.6,-5.8,1.4,0.0,대전,2.1285714285714286,0.17666666666666658,2023-02
2023-02-23,9.0,-4.6,2.3,0.1,대전,2.1142857142857143,0.5899999999999999,2023-02
2023-02-24,9.2,-1.7,3.0,0.0,대전,2.028571428571429,1.0499999999999998,2023-02
2023-02-25,5.8,-4.9,-0.6,0.0,대전,0.9857142857142858,1.1166666666666665,2023-02
2023-02-26,8.4,-5.0,0.6,0.0,대전,0.5571428571428572,1.3233333333333333,2023-02
2023-02-27,12.5,-4.5,3.1,0.0,대전,1.0857142857142856,1.5933333333333333,2023-02
2023-02-28,11.2,-2.4,4.1,0.0,대전,1.9857142857142858,1.77,2023-02
2023-03-01,12.1,2.1,6.4,0.0,대전,2.6999999999999997,2.033333333333333,2023-03
2023-03-02,6.5,-2.8,1.5,0.0,대전,2.585714285714286,2.0266666666666664,2023-03
2023-03-03,11.4,-3.9,3.0,0.0,대전,2.585714285714286,2.04,2023-03
2023-03-04,13.8,-0.8,5.9,0.0,대전,3.5142857142857147,2.3133333333333335,2023-03
2023-03-05,15.9,-0.5,7.3,0.0,대전,4.4714285714285715,2.61,2023-03
2023-03-06,16.1,-0.7,7.5,0.0,대전,5.1000000000000005,2.8866666666666663,2023-03
2023-03-07,19.7,3.1,11.0,0.3,대전,6.085714285714286,3.2366666666666664,2023-03
2023-03-08,20.8,9.6,14.4,0.3,대전,7.228571428571429,3.6566666666666663,2023-03
2023-03-09,20.4,8.5,14.5,0.7,대전,9.085714285714285,4.08,2023-03
2023-03-10,24.2,2.9,13.6,0.0,대전,10.6,4.496666666666667,2023-03
2023-03-11,24.2,8.8,16.2,0.0,대전,12.071428571428571,4.9399999999999995,2023-03
2023-03-12,14.5,0.6,8.1,11.5,대전,12.185714285714285,5.096666666666666,2023-03
2023-03-13,9.4,-2.6,2.8,0.0,대전,11.514285714285714,5.12,2023-03
2023-03-14,17.2,-0.3,8.5,0.0,대전,11.157142857142857,5.3,2023-03
2023-03-15,19.8,4.7,11.5,0.2,대전,10.742857142857144,5.47,2023-03
2023-03-16,11.7,-0.5,5.9,0.0,대전,9.514285714285714,5.596666666666667,2023-03
2023-03-17,13.9,2.7,8.0,0.0,대전,8.714285714285714,5.783333333333333,2023-03
2023-03-18,15.6,2.7,8.9,0.0,대전,7.671428571428571,6.0,2023-03
2023-03-19,16.6,-1.2,7.9,0.0,대전,7.642857142857143,6.143333333333333,2023-03
2023-03-20,19.1,2.9,10.7,0.0,대전,8.77142857142857,6.276666666666667,2023-03
2023-03-21,23.3,3.5,13.8,0.0,대전,9.528571428571428,6.616666666666665,2023-03
2023-03-22,25.7,7.4,16.6,0.6,대전,10.257142857142858,7.19,2023-03
2023-03-23,20.0,10.5,15.1,9.0,대전,11.571428571428571,7.766666666666667,2023-03
2023-03-24,15.8,5.3,11.3,0.1,대전,12.042857142857143,8.096666666666668,2023-03
2023-03-25,14.4,8.0,11.5,0.2,대전,12.414285714285715,8.403333333333334,2023-03
2023-03-26,15.8,3.5,9.9,0.5,대전,12.700000000000001,8.633333333333333,2023-03
2023-03-27,14.4,-1.4,6.5,0.0,대전,12.1,8.87,2023-03
2023-03-28,16.3,-1.0,8.5,0.0,대전,11.342857142857143,9.133333333333333,2023-03
2023-03-29,20.4,0.1,11.4,0.0,대전,10.6,9.41,2023-03
2023-03-30,22.5,3.4,13.8,0.0,대전,10.414285714285715,9.733333333333333,2023-03
2023-03-31,23.1,7.8,15.1,0.0,대전,10.957142857142857,10.023333333333333,2023-03
2023-04-01,25.1,5.3,16.1,0.0,대전,11.614285714285716,10.51,2023-04
2023-04-02,22.5,8.6,15.8,0.0,대전,12.457142857142857,10.936666666666666,2023-04
2023-04-03,23.5,8.0,15.8,0.0,대전,13.785714285714286,11.266666666666667,2023-04
2023-04-04,23.0,9.7,15.6,6.1,대전,14.799999999999999,11.543333333333333,2023-04
2023-04-05,17.5,9.1,14.0,27.4,대전,15.171428571428573,11.76,2023-04
2023-04-06,13.3,8.5,10.2,5.1,대전,14.657142857142857,11.733333333333333,2023-04
2023-04-07,16.2,3.2,9.4,1.0,대전,13.842857142857143,11.566666666666666,2023-04
2023-04-08,15.2,1.2,7.6,0.1,대전,12.62857142857143,11.336666666666668,2023-04
2023-04-09,18.5,2.4,9.8,0.0,대전,11.77142857142857,11.21,2023-04
2023-04-10,21.5,3.9,12.3,0.0,대전,11.271428571428572,11.080000000000002,2023-04
2023-04-11,21.8,9.5,14.7,1.1,대전,11.142857142857142,11.3,2023-04
2023-04-12,17.5,4.4,10.4,0.0,대전,10.62857142857143,11.553333333333333,2023-04
2023-04-13,23.0,2.0,12.6,0.0,대전,10.971428571428572,11.69,2023-04
2023-04-14,22.2,7.4,14.9,1.2,대전,11.757142857142858,11.803333333333333,2023-04
2023-04-15,18.0,8.4,13.7,3.1,대전,12.628571428571428,12.063333333333333,2023-04
2023-04-16,17.7,6.9,11.2,0.4,대전,12.828571428571427,12.17,2023-04
2023-04-17,21.3,3.7,13.3,0.0,대전,12.971428571428572,12.316666666666666,2023-04
2023-04-18,21.2,11.7,15.7,3.8,대전,13.114285714285714,12.576666666666666,2023-04
2023-04-19,28.6,14.7,20.4,0.0,대전,14.542857142857144,12.9,2023-04
2023-04-20,26.9,15.0,19.4,0.2,대전,15.514285714285714,13.086666666666666,2023-04
2023-04-21,22.8,12.4,16.9,0.3,대전,15.799999999999999,13.096666666666668,2023-04
2023-04-22,21.4,9.8,15.5,0.0,대전,16.057142857142857,13.110000000000001,2023-04
2023-04-23,20.5,9.2,15.0,0.0,대전,16.599999999999998,13.233333333333333,2023-04
2023-04-24,18.9,11.0,14.9,0.0,대전,16.82857142857143,13.346666666666666,2023-04
2023-04-25,11.3,7.2,9.8,3.4,대전,15.985714285714284,13.343333333333334,2023-04
2023-04-26,15.4,5.7,9.8,0.2,대전,14.471428571428573,13.453333333333335,2023-04
2023-04-27,22.2,4.3,12.9,0.0,대전,13.542857142857143,13.6,2023-04
2023-04-28,24.3,6.5,15.6,0.4,대전,13.35714285714286,13.74,2023-04
2023-04-29,17.9,8.9,14.9,6.6,대전,13.27142857142857,13.776666666666667,2023-04
2023-04-30,20.1,6.5,13.0,0.0,대전,12.985714285714286,13.706666666666667,2023-04
2023-05-01,20.6,6.8,14.2,0.0,대전,12.885714285714286,13.643333333333333,2023-05
2023-05-02,25.5,7.7,17.1,0.0,대전,13.928571428571429,13.686666666666667,2023-05
2023-05-03,25.2,10.9,18.6,0.0,대전,15.185714285714285,13.780000000000001,2023-05
2023-05-04,26.4,13.3,19.4,0.3,대전,16.114285714285717,13.906666666666666,2023-05
2023-05-05,23.4,17.7,20.4,18.0,대전,16.8,14.12,2023-05
2023-05-06,20.0,11.7,15.7,31.0,대전,16.914285714285715,14.303333333333335,2023-05
2023-05-07,13.2,7.7,11.8,1.4,대전,16.742857142857144,14.383333333333333,2023-05
2023-05-08,21.0,5.4,13.5,0.0,대전,16.642857142857142,14.58,2023-05
2023-05-09,23.5,6.2,15.0,0.0,대전,16.342857142857145,14.753333333333332,2023-05
2023-05-10,23.6,8.6,15.9,0.0,대전,15.957142857142857,14.873333333333333,2023-05
2023-05-11,25.1,10.4,17.7,0.0,대전,15.714285714285714,14.973333333333333,2023-05
2023-05-12,24.0,10.5,17.2,0.0,대전,15.257142857142856,15.2,2023-05
2023-05-13,23.6,11.6,17.1,3.4,대전,15.457142857142857,15.35,2023-05
2023-05-14,25.6,10.8,18.1,0.0,대전,16.357142857142858,15.456666666666667,2023-05
2023-05-15,28.4,10.5,19.6,0.0,대전,17.22857142857143,15.653333333333334,2023-05
2023-05-16,32.3,14.2,23.0,0.0,대전,18.37142857142857,16.046666666666667,2023-05
2023-05-17,32.0,18.1,24.2,0.0,대전,19.557142857142857,16.41,2023-05
2023-05-18,22.5,16.1,19.2,0.4,대전,19.771428571428572,16.526666666666664,2023-05
2023-05-19,25.9,15.2,20.6,0.0,대전,20.25714285714286,16.533333333333335,2023-05
2023-05-20,29.1,13.6,20.4,0.0,대전,20.728571428571428,16.566666666666666,2023-05
2023-05-21,25.7,14.9,18.9,0.1,대전,20.842857142857145,16.633333333333333,2023-05
2023-05-22,23.1,13.1,17.6,0.1,대전,20.557142857142857,16.703333333333333,2023-05
2023-05-23,26.2,10.8,19.0,0.0,대전,19.985714285714288,16.836666666666666,2023-05
2023-05-24,27.8,11.1,19.7,0.0,대전,19.342857142857145,16.996666666666666,2023-05
2023-05-25,27.1,14.8,20.9,0.0,대전,19.585714285714285,17.366666666666667,2023-05
2023-05-26,26.3,16.7,21.7,0.1,대전,19.74285714285714,17.763333333333332,2023-05
2023-05-27,27.0,19.0,21.5,4.3,대전,19.900000000000002,18.05,2023-05
2023-05-28,22.7,20.4,21.4,16.0,대전,20.257142857142856,18.243333333333332,2023-05
2023-05-29,24.4,20.2,21.7,40.2,대전,20.842857142857145,18.470000000000002,2023-05
2023-05-30,27.4,17.7,22.1,0.0,대전,21.285714285714285,18.773333333333333,2023-05
2023-05-31,27.9,16.2,21.5,0.0,대전,21.542857142857144,19.016666666666666,2023-05
2023-06-01,26.6,16.8,21.2,0.0,대전,21.585714285714285,19.153333333333332,2023-06
2023-06-02,26.8,17.7,21.8,2.4,대전,21.599999999999998,19.26,2023-06
2023-06-03,27.1,13.9,20.6,0.0,대전,21.471428571428568,19.3,2023-06
2023-06-04,27.8,15.5,21.4,0.0,대전,21.47142857142857,19.333333333333332,2023-06
2023-06-05,26.9,16.1,21.4,0.0,대전,21.428571428571427,19.523333333333333,2023-06
2023-06-06,28.3,16.3,21.4,0.0,대전,21.32857142857143,19.84333333333333,2023-06
2023-06-07,27.9,15.9,21.3,0.0,대전,21.3,20.10333333333333,2023-06
2023-06-08,28.5,17.6,22.1,0.1,대전,21.428571428571427,20.339999999999996,2023-06
2023-06-09,29.8,17.8,23.3,4.6,대전,21.642857142857142,20.586666666666666,2023-06
2023-06-10,31.8,19.4,23.3,3.9,대전,22.02857142857143,20.773333333333333,2023-06
2023-06-11,28.8,18.0,21.9,13.8,대전,22.1,20.93,2023-06
2023-06-12,29.6,18.1,23.6,0.0,대전,22.414285714285715,21.146666666666665,2023-06
2023-06-13,29.1,17.2,23.0,0.0,대전,22.642857142857142,21.31,2023-06
2023-06-14,28.4,16.3,21.6,3.4,대전,22.685714285714283,21.376666666666665,2023-06
2023-06-15,28.7,15.3,22.3,0.4,대전,22.714285714285715,21.35333333333333,2023-06
2023-06-16,32.8,16.3,24.6,0.0,대전,22.9,21.366666666666667,2023-06
2023-06-17,35.0,18.0,26.1,0.0,대전,23.300000000000004,21.596666666666668,2023-06
2023-06-18,35.2,20.5,26.9,0.0,대전,24.014285714285712,21.806666666666665,2023-06
2023-06-19,35.8,20.7,28.1,0.0,대전,24.657142857142862,22.063333333333333,2023-06
2023-06-20,30.3,21.0,25.7,2.6,대전,25.042857142857144,22.290000000000003,2023-06
2023-06-21,26.4,20.2,22.6,7.4,대전,25.185714285714287,22.456666666666663,2023-06
2023-06-22,28.4,19.3,22.9,3.4,대전,25.271428571428572,22.586666666666666,2023-06
2023-06-23,31.9,18.7,25.2,0.0,대전,25.357142857142858,22.77,2023-06
2023-06-24,33.8,19.7,26.6,0.2,대전,25.428571428571427,22.96,2023-06
2023-06-25,33.6,21.3,27.0,0.7,대전,25.442857142857147,23.136666666666667,2023-06
2023-06-26,27.6,22.0,24.3,21.6,대전,24.9,23.23,2023-06
2023-06-27,30.1,21.9,25.3,9.5,대전,24.842857142857145,23.360000000000003,2023-06
2023-06-28,29.2,22.0,25.1,3.2,대전,25.2,23.473333333333336,2023-06
2023-06-29,27.2,22.6,24.6,27.0,대전,25.442857142857143,23.556666666666665,2023-06
2023-06-30,29.4,22.5,25.0,58.5,대전,25.414285714285715,23.673333333333332,2023-06
2023-07-01,31.8,22.3,26.8,0.4,대전,25.442857142857147,23.860000000000003,2023-07
2023-07-02,31.1,22.5,26.9,0.0,대전,25.428571428571434,24.029999999999998,2023-07
2023-07-03,33.5,22.3,27.6,0.0,대전,25.900000000000002,24.263333333333332,2023-07
2023-07-04,28.5,23.3,25.5,22.3,대전,25.928571428571427,24.4,2023-07
2023-07-05,27.8,22.0,24.9,15.9,대전,25.900000000000002,24.516666666666666,2023-07
2023-07-06,31.3,21.7,26.3,0.0,대전,26.142857142857142,24.68,2023-07
2023-07-07,28.0,19.3,22.7,32.9,대전,25.814285714285717,24.72666666666667,2023-07
2023-07-08,29.1,21.1,24.7,1.8,대전,25.514285714285712,24.813333333333336,2023-07
2023-07-09,31.2,22.6,25.8,4.6,대전,25.357142857142858,24.896666666666665,2023-07
2023-07-10,30.5,23.8,26.7,1.8,대전,25.228571428571428,25.01,2023-07
2023-07-11,26.5,22.6,24.9,20.3,대전,25.142857142857142,25.110000000000003,2023-07
2023-07-12,29.3,22.5,25.6,29.4,대전,25.24285714285714,25.17666666666667,2023-07
2023-07-13,27.1,23.5,25.5,50.0,대전,25.12857142857143,25.26,2023-07
2023-07-14,26.2,24.8,25.5,72.2,대전,25.52857142857143,25.39,2023-07
2023-07-15,26.6,23.1,24.9,52.0,대전,25.557142857142857,25.47666666666667,2023-07
2023-07-16,26.8,23.1,24.6,19.6,대전,25.385714285714283,25.47666666666667,2023-07
2023-07-17,30.5,23.3,25.3,20.2,대전,25.185714285714287,25.45,2023-07
2023-07-18,25.0,23.0,23.9,69.8,대전,25.04285714285714,25.35,2023-07
2023-07-19,30.5,20.7,25.7,0.3,대전,25.057142857142857,25.27,2023-07
2023-07-20,31.3,21.3,26.3,0.0,대전,25.17142857142857,25.29,2023-07
2023-07-21,33.1,21.9,27.2,0.2,대전,25.414285714285715,25.443333333333335,2023-07
2023-07-22,28.1,22.4,25.3,4.5,대전,25.471428571428568,25.52333333333333,2023-07
2023-07-23,27.1,24.6,25.5,35.1,대전,25.599999999999998,25.533333333333335,2023-07
2023-07-24,29.5,23.6,25.9,14.2,대전,25.685714285714283,25.509999999999998,2023-07
2023-07-25,29.4,23.4,26.0,4.3,대전,25.985714285714288,25.476666666666667,2023-07
2023-07-26,31.8,22.8,26.2,2.6,대전,26.057142857142853,25.540000000000003,2023-07
2023-07-27,31.8,21.6,26.1,3.3,대전,26.028571428571432,25.566666666666666,2023-07
2023-07-28,32.3,22.7,27.8,0.1,대전,26.11428571428571,25.656666666666663,2023-07
2023-07-29,33.5,23.6,28.5,0.0,대전,26.571428571428573,25.78666666666667,2023-07
2023-07-30,32.5,23.0,27.3,3.6,대전,26.82857142857143,25.863333333333337,2023-07
2023-07-31,31.7,23.0,27.5,1.2,대전,27.057142857142857,25.886666666666667,2023-07
2023-08-01,34.1,23.9,29.3,0.0,대전,27.528571428571432,25.966666666666665,2023-08
2023-08-02,33.0,24.9,28.7,1.8,대전,27.885714285714283,26.003333333333334,2023-08
2023-08-03,34.1,24.3,29.3,0.0,대전,28.342857142857145,26.13,2023-08
2023-08-04,34.0,24.8,29.8,0.0,대전,28.62857142857143,26.293333333333333,2023-08
2023-08-05,33.9,25.0,29.6,0.0,대전,28.785714285714285,26.403333333333332,2023-08
2023-08-06,34.6,24.1,29.0,4.5,대전,29.02857142857143,26.613333333333333,2023-08
2023-08-07,34.3,25.8,29.5,4.3,대전,29.314285714285713,26.77333333333333,2023-08
2023-08-08,34.2,25.2,29.4,1.1,대전,29.328571428571426,26.89333333333333,2023-08
2023-08-09,30.7,24.5,26.8,25.0,대전,29.057142857142857,26.896666666666665,2023-08
2023-08-10,24.6,21.0,22.7,183.5,대전,28.11428571428571,26.82333333333333,2023-08
2023-08-11,28.2,22.5,25.1,2.2,대전,27.442857142857147,26.806666666666665,2023-08
2023-08-12,29.4,22.7,25.6,3.2,대전,26.87142857142857,26.81,2023-08
2023-08-13,31.2,22.3,26.8,0.1,대전,26.557142857142857,26.85333333333333,2023-08
2023-08-14,32.1,22.4,27.5,0.0,대전,26.27142857142857,26.939999999999998,2023-08
2023-08-15,31.5,23.2,27.5,0.0,대전,26.0,27.036666666666665,2023-08
2023-08-16,30.9,22.7,26.7,0.3,대전,25.985714285714288,27.083333333333332,2023-08
2023-08-17,30.7,22.3,26.5,0.6,대전,26.528571428571432,27.17,2023-08
2023-08-18,31.7,22.8,26.8,0.1,대전,26.771428571428572,27.206666666666663,2023-08
2023-08-19,32.2,23.2,27.2,2.9,대전,27.0,27.236666666666668,2023-08
2023-08-20,32.2,24.1,27.6,2.4,대전,27.114285714285717,27.25,2023-08
2023-08-21,32.4,24.2,28.0,1.2,대전,27.185714285714287,27.34,2023-08
2023-08-22,31.6,23.7,27.5,3.8,대전,27.185714285714287,27.40666666666667,2023-08
2023-08-23,31.3,23.9,26.8,21.6,대전,27.2,27.436666666666667,2023-08
2023-08-24,28.7,24.2,25.9,18.8,대전,27.11428571428571,27.433333333333334,2023-08
2023-08-25,29.9,21.7,25.5,1.6,대전,26.928571428571427,27.41,2023-08
2023-08-26,29.8,19.4,24.4,0.0,대전,26.52857142857143,27.353333333333335,2023-08
2023-08-27,29.8,21.0,25.1,2.9,대전,26.17142857142857,27.263333333333332,2023-08
2023-08-28,29.4,23.1,25.6,4.8,대전,25.82857142857143,27.166666666666668,2023-08
2023-08-29,28.5,23.4,25.8,12.4,대전,25.585714285714285,27.116666666666667,2023-08
2023-08-30,23.1,20.6,22.1,61.3,대전,24.91428571428571,26.936666666666664,2023-08
2023-08-31,25.6,19.6,22.2,0.3,대전,24.38571428571429,26.7,2023-08
2023-09-01,28.5,17.1,22.5,0.0,대전,23.95714285714286,26.493333333333332,2023-09
2023-09-02,29.8,17.0,23.7,0.0,대전,23.857142857142858,26.30666666666667,2023-09
2023-09-03,30.5,21.0,25.8,0.3,대전,23.95714285714286,26.173333333333336,2023-09
2023-09-04,29.4,22.0,25.3,1.7,대전,23.91428571428571,26.029999999999998,2023-09
2023-09-05,29.6,22.7,26.0,0.0,대전,23.942857142857147,25.93,2023-09
2023-09-06,29.7,20.5,25.2,0.0,대전,24.385714285714283,25.78666666666667,2023-09
2023-09-07,28.4,18.6,23.6,0.0,대전,24.585714285714285,25.593333333333337,2023-09
2023-09-08,27.6,16.8,22.7,0.0,대전,24.614285714285717,25.456666666666663,2023-09
2023-09-09,29.1,16.7,23.9,0.0,대전,24.642857142857142,25.49666666666667,2023-09
2023-09-10,29.4,18.5,24.4,0.0,대전,24.442857142857143,25.473333333333336,2023-09
2023-09-11,29.4,20.6,24.7,0.1,대전,24.357142857142858,25.44333333333333,2023-09
2023-09-12,29.2,21.1,24.8,0.1,대전,24.185714285714287,25.37666666666667,2023-09
2023-09-13,23.7,20.3,22.3,26.0,대전,23.771428571428572,25.203333333333333,2023-09
2023-09-14,24.2,20.6,22.3,14.5,대전,23.585714285714285,25.030000000000005,2023-09
2023-09-15,24.3,21.8,22.8,29.1,대전,23.599999999999998,24.9,2023-09
2023-09-16,29.2,21.4,23.7,38.4,대전,23.571428571428573,24.80666666666667,2023-09
2023-09-17,28.1,20.5,23.7,6.1,대전,23.47142857142857,24.703333333333333,2023-09
2023-09-18,28.3,20.9,24.2,0.6,대전,23.400000000000002,24.603333333333335,2023-09
2023-09-19,27.9,20.5,23.9,0.2,대전,23.271428571428572,24.48,2023-09
2023-09-20,23.7,20.6,21.9,91.5,대전,23.214285714285715,24.276666666666664,2023-09
2023-09-21,22.2,17.1,19.9,0.6,대전,22.87142857142857,24.02333333333333,2023-09
2023-09-22,23.8,13.7,18.4,0.1,대전,22.24285714285714,23.743333333333336,2023-09
2023-09-23,24.4,14.7,19.6,0.0,대전,21.657142857142855,23.533333333333335,2023-09
2023-09-24,24.1,17.0,20.3,0.0,대전,21.17142857142857,23.360000000000003,2023-09
2023-09-25,26.0,18.8,21.6,4.9,대전,20.8,23.266666666666666,2023-09
2023-09-26,23.0,19.9,21.3,24.3,대전,20.428571428571427,23.14,2023-09
2023-09-27,24.6,19.9,22.0,2.1,대전,20.442857142857143,23.02,2023-09
2023-09-28,26.9,17.3,21.7,0.6,대전,20.7,22.883333333333333,2023-09
2023-09-29,23.2,16.3,20.0,0.0,대전,20.928571428571427,22.813333333333336,2023-09
2023-09-30,23.8,17.1,19.3,4.5,대전,20.88571428571429,22.716666666666665,2023-09
2023-10-01,21.5,13.2,17.1,0.0,대전,20.428571428571427,22.53666666666667,2023-10
2023-10-02,21.7,12.9,16.8,0.0,대전,19.742857142857144,22.306666666666665,2023-10
2023-10-03,20.1,10.2,15.2,0.0,대전,18.87142857142857,21.953333333333333,2023-10
2023-10-04,22.7,10.6,16.8,0.7,대전,18.128571428571426,21.67,2023-10
2023-10-05,17.4,10.5,13.8,0.0,대전,17.0,21.263333333333335,2023-10
2023-10-06,19.2,9.8,14.4,0.0,대전,16.2,20.903333333333332,2023-10
2023-10-07,20.8,10.6,16.2,0.0,대전,15.757142857142856,20.656666666666663,2023-10
2023-10-08,19.6,15.1,16.9,0.1,대전,15.728571428571428,20.463333333333335,2023-10
2023-10-09,21.8,13.3,17.2,0.1,대전,15.785714285714286,20.24,2023-10
2023-10-10,20.8,11.9,15.7,0.0,대전,15.857142857142858,19.95,2023-10
2023-10-11,21.7,11.7,15.9,0.0,대전,15.72857142857143,19.65666666666667,2023-10
2023-10-12,22.3,8.4,15.4,0.0,대전,15.957142857142857,19.34333333333333,2023-10
2023-10-13,22.2,11.9,16.6,0.0,대전,16.271428571428572,19.153333333333332,2023-10
2023-10-14,20.5,9.9,14.9,1.1,대전,16.085714285714285,18.906666666666663,2023-10
2023-10-15,19.8,9.3,14.4,0.3,대전,15.728571428571428,18.626666666666665,2023-10
2023-10-16,19.2,8.9,14.0,0.0,대전,15.271428571428572,18.30333333333333,2023-10
2023-10-17,19.2,6.4,12.7,0.0,대전,14.842857142857143,17.936666666666667,2023-10
2023-10-18,22.0,6.6,13.5,0.0,대전,14.5,17.58,2023-10
2023-10-19,19.0,13.7,16.2,5.7,대전,14.614285714285716,17.323333333333334,2023-10
2023-10-20,15.4,8.7,12.6,4.1,대전,14.042857142857143,17.013333333333335,2023-10
2023-10-21,17.6,4.6,10.2,0.0,대전,13.371428571428572,16.69,2023-10
2023-10-22,17.3,4.9,11.0,0.0,대전,12.885714285714286,16.443333333333335,2023-10
2023-10-23,19.7,8.4,13.6,0.0,대전,12.828571428571427,16.243333333333332,2023-10
2023-10-24,20.0,7.3,13.2,0.3,대전,12.9,16.006666666666668,2023-10
2023-10-25,21.2,8.4,14.6,0.0,대전,13.057142857142855,15.773333333333333,2023-10
2023-10-26,21.3,11.7,16.4,0.9,대전,13.085714285714285,15.610000000000001,2023-10
2023-10-27,18.4,9.8,13.9,0.0,대전,13.27142857142857,15.34,2023-10
2023-10-28,18.8,7.7,13.5,0.0,대전,13.742857142857142,15.066666666666666,2023-10
2023-10-29,19.4,5.7,12.6,0.0,대전,13.97142857142857,14.82,2023-10
2023-10-30,20.0,7.8,13.6,0.0,대전,13.971428571428572,14.629999999999999,2023-10
2023-10-31,21.0,8.9,13.9,0.0,대전,14.071428571428571,14.523333333333333,2023-10
2023-11-01,23.4,12.5,17.9,0.0,대전,14.542857142857143,14.56,2023-11
2023-11-02,24.2,14.1,18.4,0.0,대전,14.828571428571431,14.666666666666666,2023-11
2023-11-03,23.1,12.9,18.6,0.1,대전,15.5,14.726666666666667,2023-11
2023-11-04,21.0,16.0,18.3,0.2,대전,16.185714285714287,14.876666666666667,2023-11
2023-11-05,24.1,15.5,18.8,13.6,대전,17.071428571428573,15.023333333333333,2023-11
2023-11-06,20.6,9.1,16.3,35.6,대전,17.45714285714286,15.026666666666667,2023-11
2023-11-07,11.1,3.8,7.9,0.0,대전,16.6,14.726666666666667,2023-11
2023-11-08,16.3,2.9,8.7,0.0,대전,15.285714285714286,14.443333333333333,2023-11
2023-11-09,19.0,4.0,11.8,2.5,대전,14.342857142857142,14.313333333333333,2023-11
2023-11-10,12.1,1.1,5.5,1.8,대전,12.471428571428572,13.966666666666667,2023-11
2023-11-11,6.0,-1.3,1.5,0.0,대전,10.071428571428571,13.503333333333334,2023-11
2023-11-12,4.9,-2.9,1.1,0.0,대전,7.542857142857144,12.986666666666668,2023-11
2023-11-13,7.1,-4.0,0.9,0.0,대전,5.3428571428571425,12.520000000000001,2023-11
2023-11-14,10.3,-0.2,5.3,0.0,대전,4.971428571428571,12.216666666666667,2023-11
2023-11-15,12.2,3.5,7.2,0.0,대전,4.757142857142858,11.99,2023-11
2023-11-16,9.6,3.2,6.1,10.2,대전,3.9428571428571426,11.770000000000001,2023-11
2023-11-17,7.3,-0.1,3.7,1.3,대전,3.685714285714286,11.443333333333333,2023-11
2023-11-18,7.5,-2.6,2.0,0.1,대전,3.7571428571428567,10.97,2023-11
2023-11-19,13.4,-0.1,6.9,0.0,대전,4.585714285714286,10.78,2023-11
2023-11-20,10.4,1.5,6.1,0.0,대전,5.328571428571428,10.643333333333334,2023-11
2023-11-21,13.4,-1.9,5.5,0.0,대전,5.357142857142857,10.46,2023-11
2023-11-22,14.5,0.3,7.1,0.0,대전,5.3428571428571425,10.243333333333332,2023-11
2023-11-23,16.1,6.5,12.3,0.9,대전,6.228571428571429,10.213333333333333,2023-11
2023-11-24,5.2,-2.2,0.8,0.0,대전,5.814285714285714,9.753333333333334,2023-11
2023-11-25,2.6,-6.1,-2.3,0.0,대전,5.2,9.129999999999999,2023-11
2023-11-26,8.3,-2.7,2.9,0.2,대전,4.628571428571428,8.763333333333334,2023-11
2023-11-27,12.1,6.0,8.0,1.6,대전,4.9,8.580000000000002,2023-11
2023-11-28,6.2,0.2,3.3,0.0,대전,4.585714285714286,8.27,2023-11
2023-11-29,6.2,-0.6,2.6,0.4,대전,3.942857142857143,7.903333333333333,2023-11
2023-11-30,0.1,-6.5,-2.9,0.1,대전,1.7714285714285716,7.343333333333333,2023-11
2023-12-01,1.7,-5.6,-1.9,0.0,대전,1.3857142857142857,6.683333333333334,2023-12
2023-12-02,7.5,-4.2,2.2,0.1,대전,2.028571428571429,6.1433333333333335,2023-12
2023-12-03,6.4,-2.6,2.0,0.0,대전,1.9000000000000001,5.590000000000001,2023-12
2023-12-04,8.5,-4.0,1.9,0.0,대전,1.0285714285714287,5.043333333333334,2023-12
2023-12-05,9.5,-2.4,3.0,0.0,대전,0.9857142857142858,4.516666666666667,2023-12
2023-12-06,12.9,-1.1,6.3,3.8,대전,1.5142857142857145,4.183333333333334,2023-12
2023-12-07,10.9,-1.2,5.3,0.0,대전,2.6857142857142855,4.096666666666667,2023-12
2023-12-08,17.6,4.0,11.5,0.0,대전,4.6000000000000005,4.1899999999999995,2023-12
2023-12-09,18.1,8.2,13.3,0.0,대전,6.185714285714285,4.24,2023-12
2023-12-10,17.2,8.6,12.6,0.5,대전,7.7,4.4766666666666675,2023-12
2023-12-11,13.1,10.7,12.0,22.8,대전,9.142857142857142,4.826666666666667,2023-12
2023-12-12,11.2,4.6,8.1,0.6,대전,9.87142857142857,5.0600000000000005,2023-12
2023-12-13,12.8,4.3,8.6,0.0,대전,10.200000000000001,5.316666666666666,2023-12
2023-12-14,10.6,8.2,9.5,19.4,대전,10.8,5.456666666666666,2023-12
2023-12-15,13.5,6.8,10.5,41.4,대전,10.657142857142858,5.566666666666666,2023-12
2023-12-16,6.5,-6.8,-0.4,2.1,대전,8.7,5.35,2023-12
2023-12-17,-5.0,-10.5,-7.7,0.1,대전,5.8,4.97,2023-12
2023-12-18,-2.1,-8.3,-5.3,0.0,대전,3.3285714285714283,4.726666666666666,2023-12
2023-12-19,3.2,-5.0,-1.2,0.1,대전,2.0,4.456666666666667,2023-12
2023-12-20,-1.5,-7.4,-4.3,0.2,대전,0.15714285714285708,4.11,2023-12
2023-12-21,-5.7,-10.2,-8.2,0.0,대전,-2.3714285714285714,3.6533333333333333,2023-12
2023-12-22,-5.8,-12.1,-8.6,0.0,대전,-5.1000000000000005,3.1300000000000003,2023-12
2023-12-23,-0.3,-9.5,-5.3,0.0,대전,-5.8,2.5433333333333334,2023-12
2023-12-24,2.9,-4.0,-1.1,1.0,대전,-4.857142857142857,2.48,2023-12
2023-12-25,3.9,-2.9,0.1,0.5,대전,-4.085714285714286,2.56,2023-12
2023-12-26,7.4,-2.1,1.7,0.0,대전,-3.6714285714285713,2.5200000000000005,2023-12
2023-12-27,7.7,-1.7,2.5,0.0,대전,-2.6999999999999997,2.336666666666667,2023-12
2023-12-28,6.8,-2.0,1.8,0.0,대전,-1.2714285714285711,2.2866666666666666,2023-12
2023-12-29,6.7,-3.7,1.5,0.0,대전,0.17142857142857149,2.25,2023-12
2023-12-30,4.9,-2.9,0.9,1.5,대전,1.0571428571428572,2.376666666666667,2023-12
2023-12-31,6.7,1.0,4.3,2.6,대전,1.8285714285714287,2.5833333333333335,2023-12
2024-01-01,8.5,-2.0,2.8,0.1,대전,2.2142857142857144,2.603333333333333,2024-01
2024-01-02,6.4,0.8,3.6,0.4,대전,2.485714285714286,2.6566666666666663,2024-01
2024-01-03,5.6,-2.4,1.5,1.4,대전,2.342857142857143,2.643333333333333,2024-01
2024-01-04,6.0,-4.9,0.6,0.0,대전,2.1714285714285713,2.5633333333333335,2024-01
2024-01-05,9.2,1.5,4.8,0.2,대전,2.642857142857143,2.5133333333333336,2024-01
2024-01-06,5.0,-4.8,-0.1,0.0,대전,2.5,2.3333333333333335,2024-01
2024-01-07,-0.0,-5.7,-2.8,0.0,대전,1.4857142857142858,1.8566666666666667,2024-01
2024-01-08,0.8,-8.5,-4.4,0.0,대전,0.457142857142857,1.2666666666666666,2024-01
2024-01-09,6.7,-3.8,1.5,2.8,대전,0.15714285714285703,0.8966666666666667,2024-01
2024-01-10,4.5,-4.5,-0.2,0.4,대전,-0.08571428571428583,0.49000000000000005,2024-01
2024-01-11,4.9,-5.0,-0.2,0.0,대전,-0.20000000000000012,0.21333333333333335,2024-01
2024-01-12,6.5,-3.6,1.0,0.0,대전,-0.742857142857143,-0.03999999999999996,2024-01
2024-01-13,4.5,-4.5,-1.1,0.0,대전,-0.8857142857142859,-0.3933333333333333,2024-01
2024-01-14,11.5,-4.5,2.2,1.6,대전,-0.17142857142857146,-0.6699999999999999,2024-01
2024-01-15,1.7,-6.5,-3.3,0.0,대전,-0.014285714285714235,-0.7666666666666667,2024-01
2024-01-16,4.6,-6.7,-1.6,0.0,대전,-0.45714285714285713,-0.5633333333333332,2024-01
2024-01-17,6.1,-3.9,1.7,5.0,대전,-0.18571428571428567,-0.32999999999999996,2024-01
2024-01-18,9.2,1.9,5.2,7.6,대전,0.5857142857142857,-0.11666666666666664,2024-01
2024-01-19,8.4,4.0,5.6,0.0,대전,1.2428571428571427,0.21333333333333337,2024-01
2024-01-20,6.1,3.2,4.6,9.5,대전,2.057142857142857,0.6400000000000001,2024-01
2024-01-21,9.7,0.4,3.4,0.7,대전,2.2285714285714286,1.04,2024-01
2024-01-22,-0.4,-8.0,-5.1,0.1,대전,1.9714285714285713,1.0466666666666666,2024-01
2024-01-23,-5.8,-9.9,-8.2,0.3,대전,1.0285714285714285,0.8100000000000002,2024-01
2024-01-24,-3.3,-9.1,-6.2,0.0,대전,-0.10000000000000002,0.6,2024-01
2024-01-25,1.0,-7.5,-4.6,0.0,대전,-1.5,0.39000000000000007,2024-01
2024-01-26,5.7,-5.7,-1.4,0.0,대전,-2.5,0.26000000000000006,2024-01
2024-01-27,5.4,-4.5,-0.5,0.0,대전,-3.228571428571428,0.1833333333333334,2024-01
2024-01-28,3.9,-5.4,-1.3,0.0,대전,-3.8999999999999995,0.09000000000000007,2024-01
2024-01-29,4.6,-5.3,-1.0,0.0,대전,-3.314285714285714,0.026666666666666727,2024-01
2024-01-30,9.6,-4.8,1.3,0.0,대전,-1.9571428571428573,-0.07333333333333328,2024-01
2024-01-31,10.3,-1.0,4.1,0.0,대전,-0.4857142857142859,-0.029999999999999954,2024-01
2024-02-01,8.2,-0.8,3.5,0.0,대전,0.6714285714285712,-0.03333333333333328,2024-02
2024-02-02,7.7,-1.2,3.3,0.0,대전,1.3428571428571427,0.026666666666666707,2024-02
2024-02-03,8.0,-1.7,3.8,2.2,대전,1.9571428571428569,0.13333333333333336,2024-02
2024-02-04,8.8,0.7,5.1,1.2,대전,2.871428571428571,0.14333333333333337,2024-02
2024-02-05,5.1,1.7,3.4,14.6,대전,3.4999999999999996,0.26,2024-02
2024-02-06,4.7,-2.0,2.1,1.4,대전,3.614285714285714,0.4233333333333334,2024-02
2024-02-07,4.0,-3.0,0.2,0.0,대전,3.0571428571428565,0.5766666666666667,2024-02
2024-02-08,5.3,-3.9,0.4,0.0,대전,2.6142857142857143,0.5400000000000001,2024-02
2024-02-09,6.6,-4.7,-0.2,0.0,대전,2.1142857142857143,0.5399999999999999,2024-02
2024-02-10,6.9,-3.4,0.5,0.0,대전,1.6428571428571426,0.5633333333333332,2024-02
2024-02-11,6.8,-4.5,0.4,0.1,대전,0.9714285714285712,0.5433333333333333,2024-02
2024-02-12,9.6,-4.0,2.0,0.0,대전,0.7714285714285712,0.6466666666666666,2024-02
2024-02-13,14.6,1.7,7.8,0.0,대전,1.5857142857142854,0.8333333333333334,2024-02
2024-02-14,17.0,6.7,12.6,0.4,대전,3.357142857142857,1.3633333333333333,2024-02
2024-02-15,11.8,0.9,6.8,6.8,대전,4.2714285714285705,1.6433333333333335,2024-02
2024-02-16,8.1,-2.5,1.9,0.0,대전,4.571428571428571,1.65,2024-02
2024-02-17,11.4,-3.4,3.6,0.0,대전,5.014285714285714,1.596666666666667,2024-02
2024-02-18,12.7,-2.5,5.3,11.9,대전,5.714285714285714,1.5866666666666667,2024-02
2024-02-19,14.3,7.1,11.3,23.0,대전,7.042857142857143,1.8099999999999998,2024-02
2024-02-20,8.5,3.1,5.8,1.7,대전,6.757142857142857,1.8900000000000001,2024-02
2024-02-21,5.0,2.6,4.3,12.0,대전,5.571428571428571,2.2033333333333336,2024-02
2024-02-22,3.2,1.2,2.1,6.7,대전,4.8999999999999995,2.546666666666667,2024-02
2024-02-23,7.7,0.6,2.9,1.0,대전,5.042857142857143,2.85,2024-02
2024-02-24,7.3,-0.7,2.7,3.3,대전,4.914285714285714,3.0933333333333333,2024-02
2024-02-25,5.8,0.2,2.7,2.5,대전,4.542857142857143,3.2299999999999995,2024-02
2024-02-26,9.2,-2.8,2.8,0.0,대전,3.3285714285714287,3.3399999999999994,2024-02
2024-02-27,9.7,-0.0,4.0,0.0,대전,3.0714285714285716,3.5166666666666666,2024-02
2024-02-28,10.7,1.0,5.4,0.0,대전,3.228571428571428,3.73,2024-02
2024-02-29,7.3,1.4,4.1,0.9,대전,3.514285714285714,3.823333333333333,2024-02
2024-03-01,1.2,-5.8,-2.9,0.0,대전,2.6857142857142855,3.5900000000000003,2024-03
2024-03-02,4.5,-7.3,-1.6,0.0,대전,2.0714285714285716,3.42,2024-03
2024-03-03,10.0,0.8,4.8,3.3,대전,2.371428571428571,3.47,2024-03
2024-03-04,11.6,2.4,6.4,0.1,대전,2.8857142857142852,3.5566666666666666,2024-03
2024-03-05,7.6,5.3,6.5,3.8,대전,3.2428571428571424,3.603333333333333,2024-03
2024-03-06,10.9,2.6,6.7,0.0,대전,3.4285714285714284,3.7133333333333334,2024-03
2024-03-07,8.3,-0.9,4.1,0.1,대전,3.428571428571428,3.78,2024-03
2024-03-08,7.2,-2.0,1.5,0.0,대전,4.057142857142857,3.823333333333333,2024-03
2024-03-09,7.1,-4.9,0.5,0.0,대전,4.357142857142857,3.8266666666666667,2024-03
2024-03-10,10.1,-4.0,2.7,0.0,대전,4.057142857142857,3.9233333333333333,2024-03
2024-03-11,10.8,-2.2,4.5,0.1,대전,3.7857142857142856,4.056666666666667,2024-03
2024-03-12,10.8,1.0,6.0,3.3,대전,3.7142857142857144,4.243333333333333,2024-03
2024-03-13,11.5,-2.1,4.3,0.0,대전,3.371428571428571,4.319999999999999,2024-03
2024-03-14,14.0,0.3,6.3,0.0,대전,3.6857142857142855,4.27,2024-03
2024-03-15,15.3,-0.4,6.9,0.0,대전,4.457142857142856,4.08,2024-03
2024-03-16,18.1,-1.0,8.8,0.0,대전,5.642857142857143,4.1466666666666665,2024-03
2024-03-17,11.6,4.9,7.9,0.2,대전,6.385714285714285,4.346666666666667,2024-03
2024-03-18,13.7,-1.0,6.3,0.0,대전,6.642857142857143,4.4366666666666665,2024-03
2024-03-19,12.3,2.5,6.6,1.0,대전,6.728571428571429,4.48,2024-03
2024-03-20,8.4,-0.3,3.9,0.0,대전,6.671428571428571,4.233333333333333,2024-03
2024-03-21,11.8,-3.1,3.6,0.0,대전,6.285714285714286,4.16,2024-03
2024-03-22,17.6,0.0,9.2,1.2,대전,6.614285714285714,4.323333333333333,2024-03
2024-03-23,19.3,9.5,13.3,0.3,대전,7.257142857142857,4.696666666666667,2024-03
2024-03-24,17.4,9.5,12.8,0.0,대전,7.957142857142857,5.026666666666667,2024-03
2024-03-25,13.5,7.0,9.8,8.5,대전,8.457142857142857,5.263333333333334,2024-03
2024-03-26,11.7,2.2,7.0,18.4,대전,8.514285714285714,5.406666666666666,2024-03
2024-03-27,16.2,0.3,9.0,0.0,대전,9.242857142857142,5.613333333333333,2024-03
2024-03-28,9.9,6.7,8.6,15.9,대전,9.957142857142857,5.766666666666667,2024-03
2024-03-29,15.3,5.5,9.8,1.0,대전,10.042857142857143,5.913333333333333,2024-03
2024-03-30,17.3,1.4,9.4,2.2,대전,9.485714285714286,6.090000000000001,2024-03
2024-03-31,17.0,1.7,9.3,0.0,대전,8.985714285714286,6.496666666666667,2024-03
2024-04-01,18.4,2.8,10.7,0.0,대전,9.114285714285714,6.906666666666667,2024-04
2024-04-02,23.7,4.3,14.5,0.1,대전,10.185714285714285,7.23,2024-04
2024-04-03,14.5,11.0,12.9,15.3,대전,10.742857142857142,7.446666666666667,2024-04
2024-04-04,15.3,8.7,12.0,2.7,대전,11.228571428571428,7.63,2024-04
2024-04-05,16.9,7.8,11.8,1.0,대전,11.514285714285716,7.8,2024-04
2024-04-06,17.7,6.2,11.8,0.0,대전,11.857142857142858,8.056666666666667,2024-04
2024-04-07,21.6,6.0,14.0,0.0,대전,12.528571428571428,8.473333333333334,2024-04
2024-04-08,20.6,8.0,14.5,0.0,대전,13.071428571428571,8.94,2024-04
2024-04-09,18.8,6.8,13.4,0.0,대전,12.914285714285715,9.296666666666669,2024-04
2024-04-10,18.8,6.0,12.9,0.0,대전,12.914285714285713,9.576666666666666,2024-04
2024-04-11,20.8,9.6,14.2,0.0,대전,13.228571428571428,9.85,2024-04
2024-04-12,23.3,7.4,15.5,0.0,대전,13.757142857142856,10.223333333333333,2024-04
2024-04-13,26.1,9.9,17.7,0.0,대전,14.599999999999998,10.603333333333333,2024-04
2024-04-14,27.2,8.7,18.6,0.0,대전,15.257142857142856,10.993333333333334,2024-04
2024-04-15,19.2,13.5,16.7,13.8,대전,15.571428571428571,11.256666666666666,2024-04
2024-04-16,19.5,9.1,13.7,0.8,대전,15.614285714285712,11.45,2024-04
2024-04-17,21.3,7.1,13.6,0.0,대전,15.714285714285714,11.693333333333333,2024-04
2024-04-18,24.0,9.5,15.9,0.0,대전,15.957142857142856,12.003333333333334,2024-04
2024-04-19,24.5,7.3,16.1,0.0,대전,16.04285714285714,12.41,2024-04
2024-04-20,16.5,12.3,14.0,8.4,대전,15.514285714285714,12.756666666666666,2024-04
2024-04-21,18.6,13.8,15.9,0.6,대전,15.12857142857143,12.98,2024-04
2024-04-22,21.2,13.8,16.6,0.0,대전,15.114285714285714,13.09,2024-04
2024-04-23,21.6,11.1,15.5,0.5,대전,15.37142857142857,13.18,2024-04
2024-04-24,18.4,9.6,14.1,3.3,대전,15.442857142857141,13.323333333333334,2024-04
2024-04-25,22.1,9.1,14.7,0.0,대전,15.27142857142857,13.580000000000002,2024-04
2024-04-26,24.9,8.6,16.6,0.0,대전,15.34285714285714,13.833333333333334,2024-04
2024-04-27,25.6,9.5,17.6,0.0,대전,15.857142857142856,14.133333333333333,2024-04
2024-04-28,27.9,7.9,19.0,0.0,대전,16.3,14.44,2024-04
2024-04-29,18.2,14.8,16.3,0.8,대전,16.257142857142856,14.67,2024-04
2024-04-30,20.2,12.0,15.5,0.3,대전,16.257142857142856,14.876666666666667,2024-04
2024-05-01,20.1,11.7,15.2,0.0,대전,16.414285714285715,15.026666666666667,2024-05
2024-05-02,23.5,7.4,15.7,0.0,대전,16.557142857142857,15.066666666666666,2024-05
2024-05-03,25.6,8.5,17.8,0.0,대전,16.728571428571428,15.229999999999999,2024-05
2024-05-04,28.1,9.0,19.4,0.0,대전,16.985714285714288,15.476666666666667,2024-05
2024-05-05,20.6,17.7,19.1,48.7,대전,17.0,15.719999999999999,2024-05
2024-05-06,18.1,13.7,15.5,9.5,대전,16.885714285714283,15.843333333333334,2024-05
2024-05-07,15.9,11.5,13.6,20.8,대전,16.61428571428571,15.830000000000002,2024-05
2024-05-08,19.0,10.3,14.0,3.3,대전,16.442857142857143,15.813333333333334,2024-05
2024-05-09,20.8,7.5,14.7,0.0,대전,16.3,15.856666666666666,2024-05
2024-05-10,23.4,9.0,16.2,0.0,대전,16.07142857142857,15.966666666666667,2024-05
2024-05-11,23.8,13.4,18.9,5.6,대전,16.0,16.123333333333335,2024-05
2024-05-12,21.4,12.0,16.5,4.5,대전,15.62857142857143,16.15666666666667,2024-05
2024-05-13,23.4,10.5,16.7,0.0,대전,15.799999999999999,16.12333333333333,2024-05
2024-05-14,24.1,8.9,16.6,0.0,대전,16.228571428571428,16.056666666666665,2024-05
2024-05-15,22.6,8.7,14.2,9.0,대전,16.257142857142856,15.973333333333334,2024-05
2024-05-16,18.9,7.3,12.8,5.3,대전,15.985714285714284,15.943333333333332,2024-05
2024-05-17,24.5,11.1,17.7,0.0,대전,16.199999999999996,16.080000000000002,2024-05
2024-05-18,25.9,11.3,18.9,0.0,대전,16.2,16.18,2024-05
2024-05-19,27.8,12.5,20.1,0.0,대전,16.714285714285715,16.313333333333336,2024-05
2024-05-20,25.9,11.9,19.1,0.0,대전,17.057142857142857,16.483333333333334,2024-05
2024-05-21,25.2,13.0,19.6,0.0,대전,17.485714285714288,16.606666666666666,2024-05
2024-05-22,27.0,13.2,20.3,0.0,대전,18.357142857142858,16.73,2024-05
2024-05-23,28.7,15.2,21.1,0.0,대전,19.542857142857144,16.916666666666668,2024-05
2024-05-24,28.5,12.1,20.4,0.0,대전,19.928571428571427,17.126666666666665,2024-05
2024-05-25,23.6,17.0,20.1,0.0,대전,20.099999999999998,17.30666666666667,2024-05
2024-05-26,26.9,14.5,20.3,28.2,대전,20.12857142857143,17.43,2024-05
2024-05-27,22.4,13.7,18.1,0.2,대전,19.985714285714288,17.446666666666665,2024-05
2024-05-28,23.1,12.3,18.0,0.1,대전,19.75714285714286,17.413333333333334,2024-05
2024-05-29,27.0,11.4,19.9,0.0,대전,19.7,17.533333333333335,2024-05
2024-05-30,27.4,14.3,20.3,0.0,대전,19.585714285714285,17.69333333333333,2024-05
2024-05-31,26.3,16.9,20.8,0.0,대전,19.642857142857142,17.88,2024-05
2024-06-01,25.2,15.4,19.6,0.2,대전,19.571428571428573,18.01,2024-06
2024-06-02,27.1,12.1,19.4,0.0,대전,19.442857142857143,18.063333333333333,2024-06
2024-06-03,26.3,12.4,20.1,0.0,대전,19.728571428571428,18.086666666666666,2024-06
2024-06-04,27.5,13.7,21.1,0.0,대전,20.17142857142857,18.15333333333333,2024-06
2024-06-05,30.0,13.6,22.0,0.0,대전,20.47142857142857,18.369999999999997,2024-06
2024-06-06,29.8,16.1,22.1,0.0,대전,20.728571428571428,18.653333333333332,2024-06
2024-06-07,28.7,14.2,22.0,0.2,대전,20.9,18.92,2024-06
2024-06-08,22.9,18.1,20.4,11.0,대전,21.014285714285712,19.11,2024-06
2024-06-09,29.6,18.8,23.2,0.0,대전,21.557142857142853,19.34333333333333,2024-06
2024-06-10,31.5,16.0,23.4,0.0,대전,22.02857142857143,19.493333333333332,2024-06
2024-06-11,31.8,18.7,24.8,0.0,대전,22.557142857142857,19.77,2024-06
2024-06-12,33.2,17.5,25.0,0.0,대전,22.985714285714288,20.04666666666667,2024-06
2024-06-13,34.6,18.3,26.5,0.0,대전,23.614285714285717,20.37666666666667,2024-06
2024-06-14,33.8,18.5,26.4,0.0,대전,24.24285714285714,20.783333333333335,2024-06
2024-06-15,29.5,20.6,24.6,3.4,대전,24.842857142857145,21.17666666666667,2024-06
2024-06-16,29.7,18.8,23.9,0.1,대전,24.94285714285714,21.383333333333333,2024-06
2024-06-17,30.8,15.8,23.9,0.0,대전,25.014285714285712,21.55,2024-06
2024-06-18,33.8,16.1,25.1,0.0,대전,25.057142857142853,21.716666666666665,2024-06
2024-06-19,36.3,17.6,26.9,0.0,대전,25.328571428571426,21.976666666666667,2024-06
2024-06-20,32.8,19.1,26.2,0.0,대전,25.285714285714285,22.19666666666667,2024-06
2024-06-21,33.4,19.0,26.6,0.0,대전,25.314285714285713,22.406666666666663,2024-06
2024-06-22,25.3,22.6,23.9,41.2,대전,25.214285714285715,22.5,2024-06
2024-06-23,28.3,22.7,24.5,5.0,대전,25.3,22.636666666666667,2024-06
2024-06-24,29.5,19.2,24.2,1.3,대전,25.342857142857138,22.77333333333333,2024-06
2024-06-25,28.1,16.1,21.9,0.0,대전,24.885714285714283,22.826666666666664,2024-06
2024-06-26,28.6,17.0,23.0,0.0,대전,24.32857142857143,22.99,2024-06
2024-06-27,29.0,17.9,23.3,0.0,대전,23.91428571428571,23.166666666666668,2024-06
2024-06-28,31.7,17.5,24.8,0.0,대전,23.657142857142855,23.33,2024-06
2024-06-29,31.4,19.8,24.8,17.0,대전,23.785714285714285,23.480000000000004,2024-06
2024-06-30,27.9,22.2,24.8,20.5,대전,23.828571428571426,23.613333333333333,2024-06
2024-07-01,30.6,20.0,24.9,0.1,대전,23.928571428571427,23.79,2024-07
2024-07-02,29.5,22.3,25.3,35.7,대전,24.414285714285715,23.986666666666668,2024-07
2024-07-03,28.7,22.8,25.7,21.1,대전,24.8,24.173333333333332,2024-07
2024-07-04,31.3,22.5,26.8,0.5,대전,25.3,24.363333333333337,2024-07
2024-07-05,28.9,22.3,25.4,4.7,대전,25.385714285714283,24.47666666666667,2024-07
2024-07-06,31.5,23.1,27.2,4.4,대전,25.728571428571428,24.646666666666665,2024-07
2024-07-07,28.9,24.2,25.7,50.0,대전,25.857142857142858,24.77,2024-07
2024-07-08,27.1,24.2,25.4,57.0,대전,25.928571428571427,24.936666666666667,2024-07
2024-07-09,26.5,23.0,24.4,32.0,대전,25.8,24.976666666666667,2024-07
2024-07-10,28.3,23.1,24.9,67.7,대전,25.685714285714283,25.026666666666667,2024-07
2024-07-11,28.4,21.8,24.5,3.2,대전,25.357142857142854,25.016666666666666,2024-07
2024-07-12,29.9,21.5,25.5,0.5,대전,25.371428571428567,25.033333333333335,2024-07
2024-07-13,30.5,21.0,25.3,2.0,대전,25.099999999999998,24.993333333333332,2024-07
2024-07-14,30.5,22.7,25.8,1.9,대전,25.114285714285717,24.973333333333333,2024-07
2024-07-15,30.6,22.1,25.5,3.3,대전,25.12857142857143,25.00333333333333,2024-07
2024-07-16,28.2,22.5,24.8,21.2,대전,25.185714285714283,25.033333333333335,2024-07
2024-07-17,30.9,24.1,27.1,4.5,대전,25.5,25.14,2024-07
2024-07-18,28.0,24.4,26.3,12.2,대전,25.757142857142856,25.18,2024-07
2024-07-19,29.6,23.6,25.6,1.9,대전,25.77142857142857,25.136666666666667,2024-07
2024-07-20,31.0,22.4,26.1,10.6,대전,25.88571428571429,25.133333333333333,2024-07
2024-07-21,30.6,24.7,27.1,5.3,대전,26.071428571428573,25.15,2024-07
2024-07-22,31.1,25.8,28.5,0.0,대전,26.5,25.30333333333333,2024-07
2024-07-23,28.2,26.2,27.1,5.5,대전,26.828571428571426,25.389999999999997,2024-07
2024-07-24,30.8,23.6,27.2,5.5,대전,26.842857142857138,25.490000000000002,2024-07
2024-07-25,33.2,23.7,27.8,7.2,대전,27.057142857142857,25.686666666666667,2024-07
2024-07-26,31.9,25.4,28.3,14.1,대전,27.442857142857143,25.863333333333337,2024-07
2024-07-27,32.6,25.3,28.3,10.8,대전,27.757142857142856,26.029999999999998,2024-07
2024-07-28,32.7,26.3,29.2,0.0,대전,28.057142857142857,26.17666666666667,2024-07
2024-07-29,30.7,25.3,27.7,0.3,대전,27.942857142857143,26.27333333333333,2024-07
2024-07-30,31.2,24.9,27.6,0.3,대전,28.014285714285712,26.366666666666667,2024-07
2024-07-31,32.6,25.1,28.2,0.4,대전,28.157142857142855,26.47666666666667,2024-07
2024-08-01,33.1,25.0,28.7,0.0,대전,28.285714285714285,26.589999999999996,2024-08
2024-08-02,33.1,25.9,29.2,0.7,대전,28.41428571428571,26.706666666666667,2024-08
2024-08-03,33.2,26.3,29.5,1.9,대전,28.585714285714282,26.796666666666667,2024-08
2024-08-04,34.2,25.0,29.2,2.2,대전,28.585714285714285,26.923333333333332,2024-08
2024-08-05,32.7,25.5,28.1,9.4,대전,28.642857142857142,26.953333333333333,2024-08
2024-08-06,31.9,25.0,28.5,0.0,대전,28.77142857142857,27.046666666666667,2024-08
2024-08-07,32.7,24.7,28.7,3.7,대전,28.842857142857138,27.15666666666667,2024-08
2024-08-08,31.1,25.1,27.7,1.2,대전,28.7,27.266666666666666,2024-08
2024-08-09,32.8,23.8,27.9,0.0,대전,28.514285714285712,27.366666666666667,2024-08
2024-08-10,33.3,23.5,28.0,1.2,대전,28.3,27.483333333333334,2024-08
2024-08-11,33.9,24.8,29.3,0.2,대전,28.314285714285713,27.61,2024-08
2024-08-12,34.2,24.7,29.5,0.6,대전,28.514285714285712,27.75,2024-08
2024-08-13,34.1,24.7,29.3,0.0,대전,28.62857142857143,27.866666666666667,2024-08
2024-08-14,34.1,24.0,29.1,0.0,대전,28.685714285714283,27.986666666666668,2024-08
2024-08-15,33.1,24.7,28.7,0.4,대전,28.82857142857143,28.116666666666667,2024-08
2024-08-16,33.8,24.6,29.1,0.2,대전,29.0,28.183333333333334,2024-08
2024-08-17,34.0,24.7,28.7,0.6,대전,29.099999999999998,28.263333333333332,2024-08
2024-08-18,34.5,23.4,28.3,0.3,대전,28.957142857142856,28.353333333333335,2024-08
2024-08-19,34.7,24.5,29.3,0.2,대전,28.928571428571423,28.459999999999997,2024-08
2024-08-20,34.3,26.3,29.8,13.7,대전,29.0,28.55,2024-08
2024-08-21,31.8,26.8,28.8,13.0,대전,28.95714285714286,28.560000000000002,2024-08
2024-08-22,32.6,25.6,28.7,1.9,대전,28.957142857142856,28.613333333333337,2024-08
2024-08-23,32.2,23.8,27.6,0.0,대전,28.74285714285714,28.626666666666665,2024-08
2024-08-24,31.6,24.0,27.5,2.5,대전,28.571428571428573,28.616666666666667,2024-08
2024-08-25,32.0,23.2,27.7,0.3,대전,28.485714285714288,28.596666666666668,2024-08
2024-08-26,32.6,23.1,27.8,4.5,대전,28.27142857142857,28.58,2024-08
2024-08-27,27.7,23.5,25.1,5.7,대전,27.599999999999998,28.44333333333333,2024-08
2024-08-28,32.8,22.6,27.2,0.2,대전,27.37142857142857,28.42666666666667,2024-08
2024-08-29,33.6,23.3,28.1,0.8,대전,27.285714285714285,28.443333333333335,2024-08
2024-08-30,34.1,22.9,27.7,0.0,대전,27.299999999999994,28.426666666666666,2024-08
2024-08-31,32.6,21.3,26.7,0.0,대전,27.185714285714283,28.360000000000003,2024-08
2024-09-01,31.6,21.5,26.6,0.0,대전,27.02857142857143,28.273333333333333,2024-09
2024-09-02,31.6,21.1,26.5,0.0,대전,26.842857142857138,28.173333333333336,2024-09
2024-09-03,30.2,23.6,26.5,0.6,대전,27.04285714285714,28.083333333333336,2024-09
2024-09-04,33.3,20.8,26.9,0.0,대전,27.0,28.043333333333337,2024-09
2024-09-05,32.8,22.3,27.0,2.4,대전,26.842857142857145,27.993333333333336,2024-09
2024-09-06,31.8,23.4,26.8,1.3,대전,26.714285714285715,27.93,2024-09
2024-09-07,31.2,22.7,26.2,1.7,대전,26.642857142857142,27.880000000000003,2024-09
2024-09-08,33.2,21.3,26.9,0.0,대전,26.685714285714287,27.846666666666668,2024-09
2024-09-09,33.0,23.7,28.3,1.1,대전,26.942857142857143,27.856666666666666,2024-09
2024-09-10,36.0,23.9,29.5,0.0,대전,27.37142857142857,27.863333333333333,2024-09
2024-09-11,35.2,24.5,27.8,13.0,대전,27.5,27.80666666666667,2024-09
2024-09-12,32.5,25.1,27.3,8.5,대전,27.542857142857144,27.740000000000002,2024-09
2024-09-13,32.5,24.6,27.8,0.6,대전,27.685714285714283,27.69666666666667,2024-09
2024-09-14,33.1,25.4,28.7,0.1,대전,28.042857142857144,27.696666666666665,2024-09
2024-09-15,34.1,24.4,28.4,0.0,대전,28.257142857142856,27.673333333333332,2024-09
2024-09-16,30.7,24.4,27.6,0.0,대전,28.157142857142862,27.636666666666667,2024-09
2024-09-17,34.9,24.8,28.7,4.5,대전,28.042857142857144,27.65,2024-09
2024-09-18,33.9,25.2,28.2,11.0,대전,28.099999999999998,27.613333333333333,2024-09
2024-09-19,33.7,23.7,27.5,2.8,대전,28.128571428571426,27.53666666666667,2024-09
2024-09-20,27.1,24.9,26.1,25.6,대전,27.885714285714283,27.446666666666665,2024-09
2024-09-21,24.8,20.7,22.5,41.9,대전,27.0,27.240000000000002,2024-09
2024-09-22,24.6,19.1,21.1,2.4,대전,25.95714285714286,27.023333333333333,2024-09
2024-09-23,24.3,16.6,19.8,0.0,대전,24.842857142857138,26.766666666666666,2024-09
2024-09-24,25.5,15.4,19.9,0.0,대전,23.585714285714285,26.506666666666668,2024-09
2024-09-25,26.9,17.5,22.1,0.0,대전,22.71428571428571,26.316666666666666,2024-09
2024-09-26,27.4,17.9,22.5,0.8,대전,22.0,26.23,2024-09
2024-09-27,26.3,19.0,22.1,0.0,대전,21.428571428571427,26.06,2024-09
2024-09-28,27.0,19.6,22.9,0.3,대전,21.485714285714284,25.886666666666667,2024-09
2024-09-29,26.5,18.9,22.1,0.0,대전,21.62857142857143,25.7,2024-09
2024-09-30,26.0,15.6,20.8,0.0,대전,21.77142857142857,25.503333333333334,2024-09
2024-10-01,24.2,14.7,18.2,1.9,대전,21.528571428571432,25.223333333333336,2024-10
2024-10-02,18.1,10.1,13.7,0.0,대전,20.328571428571426,24.79666666666667,2024-10
2024-10-03,18.3,10.1,13.8,6.2,대전,19.085714285714285,24.373333333333335,2024-10
2024-10-04,21.7,10.3,15.3,0.0,대전,18.11428571428571,23.986666666666668,2024-10
2024-10-05,22.1,9.3,15.5,0.0,대전,17.057142857142857,23.603333333333335,2024-10
2024-10-06,18.5,11.5,15.7,1.1,대전,16.142857142857142,23.233333333333334,2024-10
2024-10-07,19.6,13.8,16.4,6.6,대전,15.514285714285714,22.906666666666663,2024-10
2024-10-08,21.1,13.1,16.9,0.0,대전,15.328571428571426,22.573333333333334,2024-10
2024-10-09,22.6,12.0,17.4,0.0,대전,15.857142857142858,22.21,2024-10
2024-10-10,21.6,12.5,17.0,0.6,대전,16.314285714285713,21.793333333333337,2024-10
2024-10-11,22.5,11.0,16.9,0.0,대전,16.54285714285714,21.43,2024-10
2024-10-12,21.8,10.5,16.6,0.0,대전,16.7,21.073333333333334,2024-10
2024-10-13,23.2,9.4,16.7,0.0,대전,16.842857142857138,20.703333333333333,2024-10
2024-10-14,20.2,13.7,17.3,17.0,대전,16.97142857142857,20.323333333333334,2024-10
2024-10-15,21.6,15.8,18.4,5.9,대전,17.185714285714283,19.990000000000002,2024-10
2024-10-16,22.8,14.8,18.3,0.0,대전,17.314285714285713,19.68,2024-10
2024-10-17,23.2,13.2,17.7,0.0,대전,17.414285714285715,19.313333333333333,2024-10
2024-10-18,23.9,15.4,19.6,47.0,대전,17.8,19.026666666666667,2024-10
2024-10-19,20.4,12.9,17.7,2.8,대전,17.957142857142856,18.7,2024-10
2024-10-20,16.3,10.3,13.0,0.0,대전,17.428571428571427,18.263333333333332,2024-10
2024-10-21,18.6,9.8,14.4,1.6,대전,17.014285714285712,17.993333333333336,2024-10
2024-10-22,19.3,14.8,17.0,12.9,대전,16.814285714285713,17.85666666666667,2024-10
2024-10-23,16.8,8.1,13.5,1.8,대전,16.128571428571426,17.64666666666667,2024-10
2024-10-24,16.5,7.4,11.1,0.0,대전,15.185714285714283,17.353333333333335,2024-10
2024-10-25,20.3,7.7,14.0,0.0,대전,14.385714285714284,17.083333333333332,2024-10
2024-10-26,22.5,11.5,16.7,0.0,대전,14.242857142857142,16.89,2024-10
2024-10-27,19.3,11.5,15.3,0.5,대전,14.57142857142857,16.663333333333334,2024-10
2024-10-28,19.7,11.3,15.1,0.1,대전,14.671428571428569,16.403333333333332,2024-10
2024-10-29,19.0,12.9,15.1,0.2,대전,14.399999999999997,16.17,2024-10
2024-10-30,19.1,10.6,14.2,0.0,대전,14.499999999999998,15.95,2024-10
2024-10-31,21.1,8.4,14.2,0.0,대전,14.942857142857141,15.816666666666666,2024-10
2024-11-01,15.3,11.2,13.3,12.3,대전,14.842857142857142,15.803333333333335,2024-11
2024-11-02,22.5,13.2,16.7,4.7,대전,14.84285714285714,15.9,2024-11
2024-11-03,21.5,10.0,15.4,0.0,대전,14.857142857142856,15.903333333333334,2024-11
2024-11-04,19.7,8.5,14.3,1.6,대전,14.742857142857142,15.863333333333333,2024-11
2024-11-05,14.3,5.9,9.3,0.0,대전,13.914285714285715,15.65,2024-11
2024-11-06,11.6,3.0,6.6,0.0,대전,12.828571428571427,15.323333333333332,2024-11
2024-11-07,14.1,1.0,7.8,0.0,대전,11.914285714285713,15.020000000000001,2024-11
2024-11-08,17.6,5.0,11.1,0.0,대전,11.599999999999998,14.81,2024-11
2024-11-09,18.4,5.1,11.3,0.0,대전,10.828571428571427,14.620000000000001,2024-11
2024-11-10,18.5,9.3,13.1,0.0,대전,10.5,14.493333333333334,2024-11
2024-11-11,19.1,9.2,13.3,0.0,대전,10.357142857142856,14.383333333333333,2024-11
2024-11-12,17.6,7.9,11.6,0.0,대전,10.685714285714285,14.213333333333333,2024-11
2024-11-13,20.0,6.4,12.6,0.0,대전,11.542857142857141,14.056666666666668,2024-11
2024-11-14,19.3,7.9,12.7,1.8,대전,12.242857142857142,13.866666666666667,2024-11
2024-11-15,17.6,12.2,14.1,1.1,대전,12.671428571428569,13.726666666666667,2024-11
2024-11-16,21.7,11.8,16.4,1.1,대전,13.4,13.683333333333334,2024-11
2024-11-17,15.1,3.3,9.1,0.2,대전,12.828571428571426,13.333333333333334,2024-11
2024-11-18,6.1,-0.3,2.5,0.0,대전,11.285714285714283,12.826666666666664,2024-11
2024-11-19,12.0,0.6,5.4,0.0,대전,10.4,12.573333333333332,2024-11
2024-11-20,11.0,1.8,6.6,0.0,대전,9.542857142857143,12.313333333333333,2024-11
2024-11-21,13.6,5.3,9.1,0.2,대전,9.028571428571427,12.05,2024-11
2024-11-22,10.4,2.9,6.6,0.0,대전,7.957142857142856,11.819999999999999,2024-11
2024-11-23,11.2,0.2,4.9,0.0,대전,6.314285714285714,11.613333333333335,2024-11
2024-11-24,12.9,0.4,6.2,0.0,대전,5.8999999999999995,11.353333333333333,2024-11
2024-11-25,15.8,2.1,8.6,0.7,대전,6.7714285714285705,11.083333333333334,2024-11
2024-11-26,12.8,4.5,9.0,14.1,대전,7.285714285714284,10.873333333333335,2024-11
2024-11-27,5.5,-0.3,3.1,5.3,대전,6.785714285714285,10.473333333333333,2024-11
2024-11-28,4.8,-1.0,1.9,2.7,대전,5.757142857142857,10.033333333333333,2024-11
2024-11-29,5.7,-1.1,2.5,0.1,대전,5.17142857142857,9.643333333333334,2024-11
2024-11-30,9.6,-0.9,4.9,0.0,대전,5.171428571428571,9.333333333333334,2024-11
2024-12-01,13.4,3.9,8.1,0.1,대전,5.442857142857142,9.16,2024-12
2024-12-02,15.2,4.9,9.3,0.5,대전,5.542857142857143,8.913333333333332,2024-12
2024-12-03,4.9,-1.8,1.3,0.0,대전,4.442857142857142,8.443333333333333,2024-12
2024-12-04,6.2,1.2,3.1,0.0,대전,4.442857142857142,8.07,2024-12
2024-12-05,7.9,-0.2,3.9,0.5,대전,4.728571428571428,7.890000000000001,2024-12
2024-12-06,7.2,0.3,3.4,0.1,대전,4.857142857142856,7.783333333333333,2024-12
2024-12-07,5.0,-1.7,1.0,0.0,대전,4.299999999999999,7.556666666666667,2024-12
2024-12-08,4.0,-3.3,-0.5,0.0,대전,3.0714285714285703,7.17,2024-12
2024-12-09,5.6,-2.0,1.2,0.0,대전,1.9142857142857133,6.833333333333333,2024-12
2024-12-10,6.5,-1.2,1.9,0.0,대전,1.999999999999999,6.46,2024-12
2024-12-11,5.9,-0.8,1.6,0.0,대전,1.7857142857142847,6.070000000000001,2024-12
2024-12-12,4.7,-3.2,0.0,0.0,대전,1.2285714285714275,5.683333333333334,2024-12
2024-12-13,3.0,-1.3,0.3,0.1,대전,0.7857142857142847,5.2733333333333325,2024-12
2024-12-14,3.0,-3.7,-0.7,0.0,대전,0.5428571428571418,4.826666666666667,2024-12
2024-12-15,5.6,-1.1,1.5,0.7,대전,0.8285714285714275,4.406666666666667,2024-12
2024-12-16,5.2,-2.5,1.2,0.5,대전,0.8285714285714275,3.9000000000000004,2024-12
2024-12-17,5.2,-3.2,0.4,0.0,대전,0.6142857142857133,3.61,2024-12
2024-12-18,-0.4,-4.4,-2.7,0.0,대전,-1.0785023667787234e-15,3.436666666666667,2024-12
2024-12-19,3.2,-5.7,-2.1,0.0,대전,-0.3000000000000011,3.186666666666667,2024-12
2024-12-20,5.6,-2.3,1.1,0.4,대전,-0.1857142857142867,3.0033333333333334,2024-12
2024-12-21,3.8,-3.5,0.8,1.2,대전,0.02857142857142755,2.726666666666667,2024-12
2024-12-22,1.0,-6.3,-3.3,0.0,대전,-0.6571428571428581,2.3966666666666674,2024-12
2024-12-23,5.5,-4.9,-0.2,0.0,대전,-0.8571428571428582,2.226666666666667,2024-12
2024-12-24,4.4,-3.9,-0.4,0.0,대전,-0.9714285714285723,2.006666666666667,2024-12
2024-12-25,6.1,-2.0,1.6,0.0,대전,-0.35714285714285815,1.7733333333333337,2024-12
2024-12-26,4.0,-2.6,1.3,0.0,대전,0.12857142857142764,1.5166666666666668,2024-12
2024-12-27,1.2,-4.6,-1.6,1.3,대전,-0.2571428571428581,1.3600000000000003,2024-12
2024-12-28,-0.2,-5.5,-2.2,0.0,대전,-0.6857142857142867,1.2233333333333334,2024-12
2024-12-29,4.7,-2.4,0.8,0.0,대전,-0.100000000000001,1.166666666666667,2024-12
2024-12-30,9.1,1.7,5.1,0.0,대전,0.657142857142856,1.1733333333333333,2024-12
2024-12-31,3.8,-2.5,0.6,0.1,대전,0.7999999999999989,0.9233333333333336,2024-12
2025-01-01,7.8,-2.3,1.9,0.0,대전,0.8428571428571418,0.676666666666667,2025-01
2025-01-02,5.7,-2.6,0.8,0.0,대전,0.7714285714285704,0.6600000000000003,2025-01
2025-01-03,3.1,-3.7,-0.7,0.2,대전,0.8999999999999991,0.5333333333333335,2025-01
2025-01-04,5.7,-3.5,0.2,0.0,대전,1.2428571428571418,0.4100000000000002,2025-01
2025-01-05,7.0,-2.2,2.5,0.2,대전,1.4857142857142847,0.38000000000000017,2025-01
2025-01-06,4.9,-2.0,1.6,0.4,대전,0.9857142857142848,0.40000000000000024,2025-01
2025-01-07,1.5,-5.0,-2.0,0.5,대전,0.6142857142857133,0.35000000000000026,2025-01
2025-01-08,2.3,-4.0,-1.4,0.5,대전,0.1428571428571419,0.2633333333333336,2025-01
2025-01-09,-3.6,-12.0,-7.7,0.2,대전,-1.0714285714285725,-0.056666666666666435,2025-01
2025-01-10,-2.1,-12.0,-6.9,0.0,대전,-1.957142857142858,-0.3399999999999998,2025-01
2025-01-11,-0.8,-6.2,-3.5,0.0,대전,-2.485714285714287,-0.45666666666666644,2025-01
2025-01-12,3.1,-5.3,-1.9,0.0,대전,-3.114285714285715,-0.5299999999999998,2025-01
2025-01-13,4.6,-3.4,0.2,0.0,대전,-3.3142857142857154,-0.4999999999999998,2025-01
2025-01-14,8.3,1.1,3.7,0.0,대전,-2.500000000000001,-0.42666666666666647,2025-01
2025-01-15,1.0,-4.8,-2.7,0.0,대전,-2.685714285714287,-0.5566666666666664,2025-01
2025-01-16,4.9,-4.7,-0.3,0.0,대전,-1.6285714285714297,-0.5799999999999998,2025-01
2025-01-17,5.1,-4.3,-0.1,0.0,대전,-0.6571428571428581,-0.4933333333333331,2025-01
2025-01-18,7.1,-3.9,0.6,0.0,대전,-0.07142857142857241,-0.4033333333333331,2025-01
2025-01-19,8.1,-1.9,1.9,0.0,대전,0.47142857142857036,-0.3766666666666664,2025-01
2025-01-20,7.2,-1.1,2.4,0.0,대전,0.7857142857142847,-0.3233333333333331,2025-01
2025-01-21,7.2,-2.2,1.5,0.0,대전,0.47142857142857036,-0.16333333333333314,2025-01
2025-01-22,7.6,-1.4,2.6,0.0,대전,1.2285714285714275,-0.0699999999999998,2025-01
2025-01-23,7.4,-1.9,1.4,0.0,대전,1.4714285714285704,-0.009999999999999802,2025-01
2025-01-24,8.6,-3.1,1.3,0.0,대전,1.6714285714285706,-0.019999999999999803,2025-01
2025-01-25,9.1,-1.6,3.2,0.0,대전,2.042857142857142,0.043333333333333536,2025-01
2025-01-26,7.2,-0.6,3.2,0.1,대전,2.2285714285714278,0.20333333333333356,2025-01
2025-01-27,1.9,-3.1,0.2,5.2,대전,1.9142857142857133,0.28333333333333355,2025-01
2025-01-28,-0.2,-3.7,-2.1,1.6,대전,1.399999999999999,0.1866666666666669,2025-01
2025-01-29,-2.0,-6.3,-3.7,0.0,대전,0.49999999999999906,-0.10666666666666644,2025-01
2025-01-30,1.7,-8.3,-3.7,0.0,대전,-0.2285714285714296,-0.24999999999999975,2025-01
2025-01-31,8.6,-2.9,2.3,0.4,대전,-0.08571428571428681,-0.23666666666666647,2025-01
2025-02-01,6.3,-0.3,2.3,1.3,대전,-0.21428571428571544,-0.18666666666666648,2025-02
2025-02-02,6.9,-1.8,1.3,0.0,대전,-0.48571428571428693,-0.11999999999999979,2025-02
2025-02-03,1.0,-5.6,-2.1,0.0,대전,-0.8142857142857155,-0.19666666666666646,2025-02
2025-02-04,-4.7,-8.2,-6.4,0.0,대전,-1.42857142857143,-0.4933333333333332,2025-02
2025-02-05,-3.3,-11.6,-6.6,0.0,대전,-1.842857142857144,-0.7666666666666664,2025-02
2025-02-06,0.5,-9.1,-4.7,0.3,대전,-1.985714285714287,-0.8566666666666666,2025-02
2025-02-07,-3.7,-9.6,-6.5,4.5,대전,-3.242857142857144,-1.0266666666666666,2025-02
2025-02-08,-4.3,-10.4,-7.5,0.2,대전,-4.642857142857144,-1.0199999999999998,2025-02
2025-02-09,-0.4,-7.4,-3.5,0.0,대전,-5.32857142857143,-0.9066666666666665,2025-02
2025-02-10,1.1,-4.5,-2.2,0.0,대전,-5.342857142857144,-0.8633333333333332,2025-02
2025-02-11,8.1,-8.2,-0.6,0.0,대전,-4.514285714285715,-0.8199999999999998,2025-02
2025-02-12,3.4,-1.6,0.9,6.8,대전,-3.4428571428571435,-0.7966666666666665,2025-02
2025-02-13,5.4,-5.3,-0.3,0.0,대전,-2.8142857142857154,-0.9299999999999998,2025-02
2025-02-14,8.6,-1.0,2.7,0.0,대전,-1.500000000000001,-0.7499999999999999,2025-02
2025-02-15,6.3,-2.9,1.4,0.0,대전,-0.22857142857142973,-0.6933333333333331,2025-02
2025-02-16,10.7,0.7,4.4,0.0,대전,0.8999999999999988,-0.5433333333333331,2025-02
2025-02-17,3.8,-2.9,-0.2,0.0,대전,1.1857142857142848,-0.5699999999999998,2025-02
2025-02-18,2.5,-4.5,-1.8,0.0,대전,1.0142857142857131,-0.6933333333333331,2025-02
2025-02-19,1.5,-4.9,-2.4,0.0,대전,0.5428571428571417,-0.8533333333333332,2025-02
2025-02-20,2.8,-4.9,-2.2,0.0,대전,0.2714285714285702,-0.9766666666666666,2025-02
2025-02-21,3.0,-4.9,-2.0,0.0,대전,-0.4000000000000012,-1.1299999999999997,2025-02
2025-02-22,2.9,-4.5,-1.7,0.1,대전,-0.8428571428571441,-1.2333333333333332,2025-02
2025-02-23,1.3,-5.4,-2.8,0.1,대전,-1.8714285714285726,-1.3699999999999999,2025-02
2025-02-24,4.5,-4.6,-1.2,0.0,대전,-2.0142857142857156,-1.5166666666666664,2025-02
2025-02-25,5.8,-2.9,1.2,0.0,대전,-1.585714285714287,-1.583333333333333,2025-02
2025-02-26,9.0,-0.7,3.5,0.0,대전,-0.7428571428571441,-1.473333333333333,2025-02
2025-02-27,13.6,-3.5,4.6,0.0,대전,0.22857142857142732,-1.25,2025-02
2025-02-28,14.6,3.3,7.7,0.0,대전,1.6142857142857132,-0.8699999999999998,2025-02
2025-03-01,8.8,-0.3,4.3,0.8,대전,2.47142857142857,-0.6033333333333332,2025-03
2025-03-02,16.4,4.3,9.1,5.5,대전,4.17142857142857,-0.37666666666666654,2025-03
2025-03-03,6.0,1.2,2.8,26.1,대전,4.742857142857141,-0.35999999999999976,2025-03
2025-03-04,3.9,1.2,2.2,6.8,대전,4.885714285714284,-0.3299999999999998,2025-03
2025-03-05,6.2,1.6,3.8,0.6,대전,4.928571428571428,-0.13333333333333314,2025-03
2025-03-06,9.2,-1.3,3.9,0.0,대전,4.828571428571427,0.21000000000000021,2025-03
2025-03-07,10.5,-1.5,4.1,0.0,대전,4.314285714285712,0.5666666666666669,2025-03
2025-03-08,8.5,1.5,4.8,0.4,대전,4.385714285714284,0.8833333333333334,2025-03
2025-03-09,11.3,-1.3,4.7,0.0,대전,3.757142857142856,1.256666666666667,2025-03
2025-03-10,13.3,-1.0,6.2,0.0,대전,4.242857142857141,1.7133333333333336,2025-03
2025-03-11,14.5,-0.3,7.1,0.0,대전,4.942857142857141,2.066666666666667,2025-03
2025-03-12,14.9,3.0,8.5,0.0,대전,5.614285714285713,2.4233333333333333,2025-03
2025-03-13,14.2,3.0,8.3,0.0,대전,6.242857142857141,2.72,2025-03
2025-03-14,18.0,2.8,10.2,0.0,대전,7.114285714285713,3.0300000000000002,2025-03
2025-03-15,12.3,6.0,8.2,0.7,대전,7.599999999999999,3.3133333333333335,2025-03
2025-03-16,6.9,-0.5,4.0,1.6,대전,7.499999999999998,3.356666666666667,2025-03
2025-03-17,6.6,-2.2,2.0,0.0,대전,6.8999999999999995,3.376666666666667,2025-03
2025-03-18,3.6,-0.9,1.1,8.4,대전,6.042857142857142,3.2666666666666666,2025-03
2025-03-19,6.6,-5.5,0.5,0.0,대전,4.899999999999999,3.29,2025-03
2025-03-20,13.3,-0.5,6.3,0.0,대전,4.614285714285713,3.56,2025-03
2025-03-21,18.4,5.9,10.6,0.0,대전,4.67142857142857,3.9933333333333336,2025-03
2025-03-22,20.0,7.7,12.6,0.0,대전,5.299999999999999,4.486666666666667,2025-03
2025-03-23,23.2,7.0,14.1,0.0,대전,6.742857142857141,5.023333333333334,2025-03
2025-03-24,20.7,11.2,14.6,0.0,대전,8.542857142857141,5.566666666666666,2025-03
2025-03-25,23.8,8.0,13.6,0.0,대전,10.328571428571426,6.113333333333333,2025-03
2025-03-26,26.2,4.1,14.9,0.0,대전,12.385714285714284,6.65,2025-03
2025-03-27,19.6,8.2,15.4,1.7,대전,13.685714285714285,7.123333333333334,2025-03
2025-03-28,10.4,3.4,6.4,0.4,대전,13.085714285714284,7.220000000000001,2025-03
2025-03-29,7.3,-0.8,3.1,0.6,대전,11.728571428571428,7.170000000000001,2025-03
2025-03-30,6.8,-2.7,2.3,0.0,대전,10.042857142857143,6.989999999999999,2025-03
2025-03-31,12.8,1.0,6.5,0.0,대전,8.885714285714284,7.0633333333333335,2025-03
2025-04-01,15.8,-0.1,7.8,0.0,대전,8.057142857142855,7.02,2025-04
2025-04-02,15.6,0.9,7.2,2.7,대전,6.957142857142856,7.166666666666667,2025-04
2025-04-03,15.9,0.1,7.7,0.0,대전,5.857142857142857,7.35,2025-04
2025-04-04,16.6,4.1,9.8,0.0,대전,6.342857142857142,7.55,2025-04
2025-04-05,13.8,5.1,8.4,9.8,대전,7.099999999999999,7.7,2025-04
2025-04-06,16.2,3.4,9.1,0.1,대전,8.071428571428571,7.866666666666666,2025-04
2025-04-07,19.9,4.2,12.3,0.0,대전,8.9,8.116666666666667,2025-04
2025-04-08,18.7,8.8,13.6,0.0,대전,9.728571428571428,8.413333333333334,2025-04
2025-04-09,20.8,4.1,11.7,1.0,대전,10.37142857142857,8.596666666666666,2025-04
2025-04-10,19.8,8.2,13.4,0.0,대전,11.185714285714283,8.806666666666667,2025-04
2025-04-11,24.3,5.8,14.7,0.0,대전,11.885714285714284,9.013333333333332,2025-04
2025-04-12,24.6,3.8,14.4,11.4,대전,12.742857142857142,9.216666666666667,2025-04
2025-04-13,9.5,1.3,5.4,6.8,대전,12.214285714285714,9.056666666666667,2025-04
2025-04-14,8.8,2.9,5.1,7.1,대전,11.185714285714285,8.953333333333335,2025-04
2025-04-15,13.8,1.3,7.4,0.0,대전,10.299999999999999,9.066666666666666,2025-04
2025-04-16,22.4,4.7,14.0,0.0,대전,10.628571428571428,9.466666666666667,2025-04
2025-04-17,26.9,14.5,20.4,0.0,대전,11.628571428571428,10.110000000000001,2025-04
2025-04-18,25.9,15.9,20.1,0.0,대전,12.399999999999997,10.763333333333332,2025-04
2025-04-19,26.4,14.9,19.4,4.4,대전,13.114285714285714,11.200000000000001,2025-04
2025-04-20,25.6,12.5,17.7,1.0,대전,14.87142857142857,11.436666666666667,2025-04
2025-04-21,28.3,12.2,19.8,0.0,대전,16.97142857142857,11.676666666666668,2025-04
2025-04-22,18.5,15.6,17.2,25.2,대전,18.37142857142857,11.780000000000001,2025-04
2025-04-23,23.3,11.3,17.1,0.0,대전,18.814285714285713,11.863333333333333,2025-04
2025-04-24,20.6,9.7,14.1,0.0,대전,17.914285714285715,11.88,2025-04
2025-04-25,17.4,7.0,11.7,0.0,대전,16.71428571428571,11.773333333333333,2025-04
2025-04-26,21.2,5.4,13.0,0.0,대전,15.799999999999999,11.693333333333333,2025-04
2025-04-27,23.9,11.3,16.3,0.0,대전,15.599999999999998,12.023333333333333,2025-04
2025-04-28,22.6,9.7,15.6,0.0,대전,14.999999999999998,12.440000000000001,2025-04
2025-04-29,21.4,6.0,14.2,0.0,대전,14.571428571428571,12.836666666666668,2025-04
2025-04-30,27.2,10.9,18.8,0.0,대전,14.814285714285713,13.246666666666668,2025-04
2025-05-01,22.9,11.7,16.1,7.9,대전,15.099999999999998,13.523333333333333,2025-05
2025-05-02,19.6,7.0,13.3,0.0,대전,15.328571428571427,13.726666666666667,2025-05
2025-05-03,15.8,8.4,11.9,7.7,대전,15.171428571428569,13.866666666666667,2025-05
2025-05-04,20.4,6.9,13.2,0.0,대전,14.728571428571428,13.98,2025-05
2025-05-05,17.0,5.5,12.7,0.9,대전,14.314285714285715,14.123333333333335,2025-05
2025-05-06,18.7,10.4,14.3,0.0,대전,14.328571428571427,14.296666666666669,2025-05
2025-05-07,22.1,7.8,14.7,0.0,대전,13.742857142857144,14.376666666666667,2025-05
2025-05-08,26.2,8.8,17.8,0.0,대전,13.985714285714284,14.51666666666667,2025-05
2025-05-09,19.3,12.1,15.6,15.0,대전,14.314285714285713,14.646666666666667,2025-05
2025-05-10,15.8,11.9,12.8,3.1,대전,14.442857142857141,14.626666666666667,2025-05
2025-05-11,20.0,10.8,14.6,2.5,대전,14.64285714285714,14.623333333333335,2025-05
2025-05-12,22.8,10.4,16.6,0.0,대전,15.200000000000001,14.696666666666665,2025-05
2025-05-13,24.9,13.0,19.2,0.0,대전,15.899999999999997,15.156666666666666,2025-05
2025-05-14,27.3,10.4,19.9,0.0,대전,16.642857142857142,15.65,2025-05
2025-05-15,23.5,18.3,20.6,3.4,대전,17.04285714285714,16.09,2025-05
2025-05-16,26.0,17.3,20.0,36.5,대전,17.67142857142857,16.29,2025-05
2025-05-17,25.2,14.5,19.1,2.9,대전,18.571428571428573,16.246666666666666,2025-05
2025-05-18,21.6,10.7,15.7,0.0,대전,18.728571428571428,16.1,2025-05
2025-05-19,22.3,10.4,17.9,0.1,대전,18.91428571428571,16.05,2025-05
2025-05-20,30.3,19.1,23.9,0.0,대전,19.585714285714285,16.256666666666668,2025-05
2025-05-21,31.2,20.1,25.1,0.6,대전,20.32857142857143,16.433333333333334,2025-05
2025-05-22,24.7,18.0,21.7,3.0,대전,20.485714285714284,16.583333333333332,2025-05
2025-05-23,24.3,15.1,18.9,0.0,대전,20.328571428571426,16.643333333333334,2025-05
2025-05-24,21.5,13.7,17.0,0.8,대전,20.02857142857143,16.74,2025-05
2025-05-25,24.2,11.6,17.6,0.1,대전,20.3,16.936666666666667,2025-05
2025-05-26,27.1,10.8,19.1,0.0,대전,20.471428571428568,17.14,2025-05
2025-05-27,27.7,13.0,20.3,0.0,대전,19.957142857142856,17.273333333333333,2025-05
2025-05-28,27.7,13.7,20.8,0.0,대전,19.342857142857145,17.44666666666667,2025-05
2025-05-29,27.5,13.7,20.0,0.9,대전,19.099999999999998,17.64,2025-05
2025-05-30,27.9,13.9,21.1,0.0,대전,19.414285714285715,17.716666666666665,2025-05
2025-05-31,27.8,12.7,20.7,0.0,대전,19.942857142857143,17.87,2025-05
2025-06-01,29.7,13.9,22.1,0.0,대전,20.585714285714285,18.163333333333338,2025-06
2025-06-02,21.6,17.7,19.6,1.1,대전,20.657142857142855,18.42,2025-06
2025-06-03,26.9,16.5,21.1,0.1,대전,20.771428571428572,18.683333333333334,2025-06
2025-06-04,27.6,14.5,20.7,0.0,대전,20.75714285714286,18.95,2025-06
2025-06-05,28.3,13.3,21.2,0.0,대전,20.928571428571427,19.180000000000003,2025-06
2025-06-06,29.7,19.1,24.0,0.0,대전,21.342857142857138,19.490000000000002,2025-06
2025-06-07,31.3,17.7,24.3,0.0,대전,21.857142857142858,19.706666666666667,2025-06
2025-06-08,32.5,20.5,25.0,0.3,대전,22.27142857142857,20.02,2025-06
2025-06-09,33.0,21.2,25.8,0.0,대전,23.157142857142855,20.453333333333333,2025-06
2025-06-10,29.5,18.7,23.7,0.0,대전,23.52857142857143,20.756666666666668,2025-06
2025-06-11,30.5,15.6,23.0,0.0,대전,23.857142857142858,20.970000000000002,2025-06
2025-06-12,33.4,17.3,25.2,0.0,대전,24.428571428571427,21.17,2025-06
2025-06-13,25.1,19.2,21.4,30.3,대전,24.057142857142853,21.220000000000002,2025-06
2025-06-14,27.4,18.8,22.5,56.7,대전,23.8,21.283333333333335,2025-06
2025-06-15,31.3,19.3,25.0,2.0,대전,23.8,21.45,2025-06
2025-06-16,27.5,22.0,23.7,11.0,대전,23.5,21.603333333333335,2025-06
2025-06-17,28.4,20.2,23.9,1.4,대전,23.52857142857143,21.87666666666667,2025-06
2025-06-18,29.3,19.9,24.2,0.0,대전,23.7,22.086666666666666,2025-06
2025-06-19,32.4,18.8,25.7,0.3,대전,23.77142857142857,22.14666666666667,2025-06
2025-06-20,25.5,23.6,24.5,37.1,대전,24.214285714285715,22.12666666666667,2025-06
2025-06-21,23.7,18.2,21.9,99.3,대전,24.12857142857143,22.133333333333333,2025-06
2025-06-22,27.7,16.8,21.9,1.6,대전,23.685714285714283,22.233333333333334,2025-06
2025-06-23,29.7,16.4,23.5,0.0,대전,23.657142857142855,22.45,2025-06
2025-06-24,25.1,19.3,21.7,26.4,대전,23.342857142857138,22.586666666666666,2025-06
2025-06-25,23.6,20.0,21.4,2.3,대전,22.942857142857143,22.663333333333334,2025-06
2025-06-26,27.4,19.5,22.6,0.7,대전,22.5,22.740000000000002,2025-06
2025-06-27,29.7,19.5,24.7,0.0,대전,22.52857142857143,22.87,2025-06
2025-06-28,30.8,22.3,26.1,9.9,대전,23.12857142857143,23.073333333333334,2025-06
2025-06-29,32.4,24.2,27.4,0.2,대전,23.91428571428571,23.283333333333335,2025-06
2025-06-30,32.3,24.1,27.7,0.0,대전,24.514285714285712,23.516666666666666,2025-06
2025-07-01,30.6,24.7,27.5,2.1,대전,25.342857142857145,23.696666666666665,2025-07
2025-07-02,32.3,24.9,28.1,0.0,대전,26.3,23.98,2025-07
2025-07-03,32.2,23.9,27.4,0.0,대전,26.985714285714288,24.19,2025-07
2025-07-04,30.9,23.4,26.8,0.1,대전,27.28571428571428,24.39333333333333,2025-07
2025-07-05,32.6,24.2,27.6,0.2,대전,27.5,24.606666666666666,2025-07
2025-07-06,33.2,24.7,28.4,0.1,대전,27.64285714285714,24.753333333333334,2025-07
2025-07-07,36.6,24.7,30.0,0.0,대전,27.971428571428568,24.94333333333333,2025-07
2025-07-08,36.1,26.1,30.5,1.0,대전,28.4,25.126666666666665,2025-07
2025-07-09,36.2,25.0,30.5,0.0,대전,28.74285714285714,25.283333333333335,2025-07
2025-07-10,35.9,24.3,29.8,0.0,대전,29.085714285714285,25.486666666666668,2025-07
2025-07-11,35.5,23.7,28.9,0.0,대전,29.385714285714283,25.683333333333334,2025-07
2025-07-12,35.4,21.8,28.6,0.0,대전,29.52857142857143,25.796666666666667,2025-07
2025-07-13,32.4,21.6,25.7,19.5,대전,29.14285714285714,25.939999999999998,2025-07
2025-07-14,29.1,19.9,23.1,20.9,대전,28.157142857142855,25.959999999999997,2025-07
2025-07-15,26.1,20.2,22.8,9.0,대전,27.057142857142853,25.886666666666663,2025-07
2025-07-16,25.6,22.0,23.2,22.9,대전,26.014285714285712,25.87,2025-07
2025-07-17,26.4,22.8,24.5,38.1,대전,25.25714285714286,25.89,2025-07
2025-07-18,30.3,22.2,25.2,7.8,대전,24.728571428571428,25.923333333333336,2025-07
2025-07-19,28.1,23.2,24.9,49.6,대전,24.2,25.896666666666665,2025-07
2025-07-20,32.5,23.7,27.8,0.7,대전,24.499999999999996,26.006666666666664,2025-07
2025-07-21,31.5,23.7,27.1,2.2,대전,25.071428571428573,26.18,2025-07
2025-07-22,31.8,23.8,27.3,3.5,대전,25.71428571428571,26.36,2025-07
2025-07-23,32.5,23.0,27.7,0.0,대전,26.357142857142858,26.5,2025-07
2025-07-24,34.4,23.4,29.0,0.0,대전,27.0,26.743333333333332,2025-07
2025-07-25,34.7,22.8,29.2,0.0,대전,27.571428571428573,27.003333333333334,2025-07
2025-07-26,35.8,23.5,29.9,0.2,대전,28.285714285714285,27.246666666666666,2025-07
2025-07-27,37.9,25.6,31.4,0.0,대전,28.799999999999994,27.470000000000002,2025-07
2025-07-28,36.8,25.8,31.4,0.3,대전,29.41428571428571,27.646666666666665,2025-07
2025-07-29,38.4,25.0,31.3,0.0,대전,29.985714285714284,27.776666666666667,2025-07
2025-07-30,37.6,25.2,31.2,0.2,대전,30.485714285714284,27.89333333333333,2025-07
2025-07-31,37.7,24.8,30.2,0.0,대전,30.657142857142855,27.983333333333334,2025-07
2025-08-01,36.8,23.6,30.6,0.0,대전,30.857142857142858,28.066666666666666,2025-08
2025-08-02,36.3,25.2,31.1,0.1,대전,31.02857142857143,28.189999999999998,2025-08
2025-08-03,32.9,24.1,28.5,23.3,대전,30.61428571428571,28.246666666666666,2025-08
2025-08-04,31.7,23.8,27.6,12.1,대전,30.071428571428566,28.246666666666666,2025-08
2025-08-05,32.2,24.2,27.9,0.5,대전,29.585714285714285,28.23,2025-08
2025-08-06,30.5,25.7,27.1,7.4,대전,28.999999999999996,28.133333333333333,2025-08
2025-08-07,30.2,23.4,26.6,1.5,대전,28.485714285714288,28.003333333333334,2025-08
2025-08-08,30.0,21.4,25.5,0.0,대전,27.75714285714286,27.836666666666666,2025-08
2025-08-09,26.1,22.5,24.2,3.6,대전,26.771428571428572,27.65,2025-08
2025-08-10,30.5,21.0,25.3,0.0,대전,26.314285714285717,27.529999999999998,2025-08
2025-08-11,27.7,21.4,24.2,7.2,대전,25.828571428571426,27.383333333333333,2025-08
2025-08-12,27.2,20.5,23.7,0.4,대전,25.228571428571428,27.316666666666666,2025-08
2025-08-13,30.4,23.4,26.5,7.6,대전,25.14285714285714,27.43,2025-08
2025-08-14,30.1,24.1,27.0,3.3,대전,25.199999999999996,27.57,2025-08
2025-08-15,31.3,24.9,27.7,1.4,대전,25.514285714285712,27.720000000000002,2025-08
2025-08-16,32.4,24.0,27.5,0.1,대전,25.985714285714288,27.82,2025-08
2025-08-17,31.7,24.1,27.5,0.5,대전,26.3,27.896666666666665,2025-08
2025-08-18,33.0,23.7,28.0,0.0,대전,26.842857142857145,28.0,2025-08
2025-08-19,32.3,25.4,28.3,1.7,대전,27.499999999999996,28.016666666666666,2025-08
2025-08-20,33.5,24.6,28.7,0.8,대전,27.814285714285713,28.07,2025-08
2025-08-21,35.0,24.1,29.5,0.6,대전,28.17142857142857,28.143333333333334,2025-08
2025-08-22,34.6,24.8,29.3,0.0,대전,28.4,28.196666666666665,2025-08
2025-08-23,36.4,23.9,29.7,0.0,대전,28.714285714285715,28.220000000000002,2025-08
2025-08-24,36.4,25.5,30.3,0.4,대전,29.11428571428571,28.256666666666664,2025-08
2025-08-25,36.0,25.1,29.6,1.3,대전,29.342857142857145,28.246666666666666,2025-08
2025-08-26,28.5,24.1,25.6,17.0,대전,28.957142857142856,28.053333333333335,2025-08
2025-08-27,31.4,22.1,26.6,0.1,대전,28.657142857142855,27.893333333333334,2025-08
2025-08-28,31.8,23.1,27.2,0.4,대전,28.32857142857143,27.756666666666664,2025-08
2025-08-29,32.4,24.7,28.1,0.4,대전,28.157142857142855,27.653333333333332,2025-08
2025-08-30,32.5,26.1,28.6,0.7,대전,28.0,27.6,2025-08
2025-08-31,32.8,24.3,28.0,1.9,대전,27.67142857142857,27.513333333333332,2025-08
2025-09-01,31.9,24.3,26.6,5.6,대전,27.24285714285714,27.363333333333337,2025-09
2025-09-02,29.5,22.2,25.3,2.3,대전,27.2,27.256666666666668,2025-09
2025-09-03,33.2,20.1,25.9,0.7,대전,27.1,27.2,2025-09
2025-09-04,29.1,23.9,25.9,3.6,대전,26.91428571428571,27.133333333333336,2025-09
2025-09-05,34.3,23.4,28.3,0.5,대전,26.942857142857143,27.173333333333336,2025-09
2025-09-06,31.6,24.8,27.8,3.0,대전,26.82857142857143,27.21333333333333,2025-09
2025-09-07,28.8,21.8,25.2,6.1,대전,26.428571428571427,27.203333333333333,2025-09
2025-09-08,25.5,17.9,22.2,0.1,대전,25.799999999999994,27.136666666666667,2025-09
2025-09-09,22.4,20.0,21.3,10.4,대전,25.228571428571428,27.003333333333334,2025-09
2025-09-10,28.8,20.2,23.8,0.0,대전,24.928571428571427,26.99,2025-09
2025-09-11,29.4,19.3,24.4,0.0,대전,24.71428571428571,27.013333333333335,2025-09
2025-09-12,25.4,21.5,22.6,10.5,대전,23.900000000000002,26.883333333333333,2025-09
2025-09-13,28.8,22.0,24.8,11.1,대전,23.471428571428568,26.810000000000002,2025-09
2025-09-14,28.7,21.2,24.6,0.4,대전,23.385714285714283,26.706666666666667,2025-09
2025-09-15,29.4,21.3,24.7,0.1,대전,23.74285714285714,26.613333333333333,2025-09
2025-09-16,28.9,22.6,25.2,5.0,대전,24.3,26.53666666666667,2025-09
2025-09-17,27.2,21.4,23.8,53.0,대전,24.3,26.396666666666665,2025-09
2025-09-18,25.1,19.5,21.5,1.7,대전,23.885714285714283,26.17,2025-09
2025-09-19,24.3,19.0,21.0,2.5,대전,23.657142857142855,25.913333333333334,2025-09
2025-09-20,23.5,18.3,20.6,45.8,대전,23.057142857142857,25.616666666666667,2025-09
2025-09-21,25.6,16.0,20.6,0.2,대전,22.485714285714284,25.326666666666668,2025-09
2025-09-22,23.3,17.7,20.1,0.0,대전,21.82857142857143,25.006666666666668,2025-09
2025-09-23,25.7,18.3,21.3,0.0,대전,21.271428571428572,24.706666666666667,2025-09
2025-09-24,28.2,18.9,22.9,4.4,대전,21.142857142857142,24.483333333333334,2025-09
2025-09-25,24.2,21.3,22.5,17.8,대전,21.285714285714285,24.38,2025-09
2025-09-26,26.4,17.5,21.2,0.0,대전,21.314285714285713,24.2,2025-09
2025-09-27,28.6,17.2,22.3,0.2,대전,21.557142857142857,24.03666666666667,2025-09
2025-09-28,23.6,18.6,21.4,21.4,대전,21.67142857142857,23.813333333333333,2025-09
2025-09-29,24.5,16.9,20.2,0.4,대전,21.685714285714283,23.533333333333335,2025-09
2025-09-30,23.7,15.1,18.8,0.0,대전,21.32857142857143,23.226666666666667,2025-09
2025-10-01,25.5,14.1,19.6,0.0,대전,20.857142857142858,22.993333333333332,2025-10
2025-10-02,25.2,16.5,20.2,0.0,대전,20.52857142857143,22.823333333333334,2025-10
2025-10-03,21.4,18.3,18.9,16.4,대전,20.2,22.59,2025-10
2025-10-04,25.8,18.6,21.6,3.2,대전,20.099999999999998,22.44666666666667,2025-10
2025-10-05,24.7,18.7,21.3,5.2,대전,20.085714285714285,22.21333333333333,2025-10
2025-10-06,22.4,19.0,20.3,10.1,대전,20.099999999999998,21.963333333333335,2025-10
2025-10-07,23.0,18.5,20.5,13.1,대전,20.342857142857145,21.80666666666667,2025-10
2025-10-08,25.2,18.6,21.5,0.5,대전,20.614285714285717,21.78333333333334,2025-10
2025-10-09,24.8,18.4,21.2,0.1,대전,20.75714285714286,21.779999999999998,2025-10
2025-10-10,26.7,18.1,21.3,0.0,대전,21.099999999999998,21.69666666666667,2025-10
2025-10-11,26.3,17.8,21.7,0.0,대전,21.114285714285717,21.60666666666667,2025-10
2025-10-12,24.2,19.5,21.5,0.5,대전,21.142857142857142,21.57,2025-10
2025-10-13,20.2,16.6,18.8,31.6,대전,20.928571428571427,21.37,2025-10
2025-10-14,21.9,16.3,18.7,20.2,대전,20.67142857142857,21.173333333333332,2025-10
2025-10-15,24.9,17.5,20.2,8.3,대전,20.485714285714284,21.023333333333333,2025-10
2025-10-16,23.2,17.6,19.9,30.0,대전,20.3,20.846666666666668,2025-10
2025-10-17,25.2,16.7,20.1,6.4,대전,20.128571428571426,20.723333333333336,2025-10
2025-10-18,19.1,14.6,17.1,22.1,대전,19.47142857142857,20.576666666666668,2025-10
2025-10-19,22.6,11.8,17.0,0.0,대전,18.82857142857143,20.443333333333335,2025-10
2025-10-20,15.7,6.0,11.0,0.0,대전,17.71428571428571,20.123333333333335,2025-10
2025-10-21,14.9,8.5,11.4,0.0,대전,16.67142857142857,19.816666666666666,2025-10
2025-10-22,19.2,7.3,12.9,0.0,대전,15.62857142857143,19.576666666666664,2025-10
2025-10-23,20.8,11.6,15.5,0.0,대전,15.0,19.383333333333333,2025-10
2025-10-24,20.8,10.1,14.9,0.0,대전,14.257142857142856,19.116666666666667,2025-10
2025-10-25,19.2,11.2,14.4,0.5,대전,13.87142857142857,18.846666666666668,2025-10
2025-10-26,17.2,10.9,13.1,0.5,대전,13.314285714285713,18.576666666666664,2025-10
2025-10-27,12.1,5.3,8.6,0.1,대전,12.97142857142857,18.12,2025-10
2025-10-28,13.4,4.0,8.4,0.0,대전,12.542857142857143,17.686666666666667,2025-10
2025-10-29,16.2,2.6,9.0,0.0,대전,11.985714285714284,17.313333333333333,2025-10
2025-10-30,16.9,3.0,10.1,0.0,대전,11.214285714285714,17.023333333333333,2025-10
2025-10-31,19.0,5.7,12.3,0.0,대전,10.842857142857142,16.78,2025-10
2025-11-01,16.8,10.3,12.8,1.1,대전,10.614285714285712,16.533333333333335,2025-11
2025-11-02,13.6,5.9,10.0,0.6,대전,10.171428571428569,16.236666666666668,2025-11
2025-11-03,13.4,0.2,6.3,0.0,대전,9.842857142857142,15.726666666666667,2025-11
2025-11-04,16.6,3.3,9.4,0.0,대전,9.985714285714284,15.330000000000002,2025-11
2025-11-05,17.8,3.8,10.2,0.0,대전,10.157142857142857,14.993333333333334,2025-11
2025-11-06,17.8,4.0,10.6,0.0,대전,10.228571428571428,14.663333333333334,2025-11
2025-11-07,20.2,5.4,12.3,0.0,대전,10.228571428571428,14.356666666666666,2025-11
2025-11-08,17.8,9.1,13.0,3.0,대전,10.257142857142856,14.083333333333334,2025-11
2025-11-09,17.5,9.2,12.8,0.0,대전,10.657142857142857,13.8,2025-11
2025-11-10,12.6,4.8,8.5,0.0,대전,10.971428571428572,13.360000000000001,2025-11
2025-11-11,13.6,3.0,7.6,0.0,대전,10.714285714285712,12.896666666666668,2025-11
2025-11-12,15.4,1.6,8.3,0.0,대전,10.442857142857141,12.546666666666669,2025-11
2025-11-13,17.0,4.1,9.6,0.0,대전,10.299999999999999,12.243333333333334,2025-11
2025-11-14,14.4,2.7,8.1,0.0,대전,9.7,11.840000000000002,2025-11
2025-11-15,15.8,3.4,8.8,0.0,대전,9.1,11.47,2025-11
2025-11-16,17.2,3.3,9.7,0.0,대전,8.657142857142857,11.123333333333335,2025-11
2025-11-17,11.4,2.5,5.6,0.1,대전,8.242857142857142,10.74,2025-11
2025-11-18,5.9,-1.8,2.1,0.0,대전,7.457142857142856,10.243333333333334,2025-11
2025-11-19,8.7,-0.4,3.8,0.0,대전,6.814285714285712,10.003333333333334,2025-11
2025-11-20,13.1,1.5,7.5,0.0,대전,6.514285714285713,9.873333333333335,2025-11
2025-11-21,11.5,2.1,6.4,0.0,대전,6.271428571428571,9.656666666666666,2025-11
2025-11-22,13.7,3.6,8.0,0.0,대전,6.157142857142857,9.406666666666666,2025-11
2025-11-23,14.7,5.8,9.6,0.0,대전,6.142857142857141,9.23,2025-11
2025-11-24,17.1,8.7,12.0,0.0,대전,7.057142857142856,9.15,2025-11
2025-11-25,10.6,5.4,7.8,6.0,대전,7.871428571428571,8.973333333333334,2025-11
2025-11-26,10.7,2.9,6.2,0.0,대전,8.214285714285714,8.893333333333334,2025-11
2025-11-27,10.4,2.0,5.5,6.9,대전,7.928571428571429,8.796666666666669,2025-11
2025-11-28,7.4,0.3,3.7,0.0,대전,7.542857142857142,8.620000000000001,2025-11
2025-11-29,12.7,-2.4,5.1,0.0,대전,7.128571428571427,8.453333333333333,2025-11
2025-11-30,17.2,8.2,11.9,0.0,대전,7.457142857142856,8.440000000000001,2025-11
2025-12-01,11.1,2.2,7.4,0.0,대전,6.799999999999998,8.26,2025-12
2025-12-02,5.0,-2.3,1.8,0.0,대전,5.942857142857142,7.986666666666666,2025-12
2025-12-03,-0.8,-6.6,-3.4,0.0,대전,4.57142857142857,7.663333333333333,2025-12
2025-12-04,2.1,-5.9,-2.0,0.8,대전,3.499999999999999,7.283333333333334,2025-12
2025-12-05,3.0,-7.2,-2.0,0.0,대전,2.6857142857142846,6.876666666666667,2025-12
2025-12-06,9.1,-4.3,2.9,0.0,대전,2.37142857142857,6.62,2025-12
2025-12-07,13.8,4.4,8.6,0.1,대전,1.899999999999999,6.496666666666667,2025-12
2025-12-08,7.4,-0.2,4.3,0.0,대전,1.457142857142856,6.206666666666666,2025-12
2025-12-09,7.1,-1.9,1.9,0.0,대전,1.4714285714285702,5.843333333333334,2025-12
2025-12-10,10.3,-1.1,3.9,0.0,대전,2.5142857142857133,5.69,2025-12
2025-12-11,11.0,-0.9,6.1,2.2,대전,3.6714285714285704,5.640000000000001,2025-12
2025-12-12,7.8,-3.1,1.8,0.0,대전,4.2142857142857135,5.423333333333334,2025-12
2025-12-13,5.7,1.0,2.9,9.2,대전,4.2142857142857135,5.2,2025-12
2025-12-14,3.8,-2.1,1.1,0.1,대전,3.142857142857142,4.966666666666668,2025-12
2025-12-15,6.7,-2.9,1.8,0.0,대전,2.7857142857142847,4.733333333333333,2025-12
2025-12-16,9.9,1.4,5.9,0.1,대전,3.3571428571428563,4.606666666666667,2025-12
2025-12-17,8.0,0.6,5.2,0.2,대전,3.5428571428571423,4.593333333333333,2025-12
2025-12-18,7.4,-1.5,1.9,0.0,대전,2.942857142857142,4.586666666666667,2025-12
2025-12-19,14.4,-1.2,4.2,0.0,대전,3.2857142857142847,4.6000000000000005,2025-12
2025-12-20,12.5,4.2,8.2,1.9,대전,4.042857142857142,4.623333333333334,2025-12
2025-12-21,3.4,-2.9,-0.1,0.0,대전,3.87142857142857,4.406666666666667,2025-12
2025-12-22,6.5,-5.0,-0.7,0.0,대전,3.514285714285713,4.116666666666667,2025-12
2025-12-23,7.3,-3.4,1.2,9.1,대전,2.8428571428571416,3.836666666666667,2025-12
2025-12-24,5.7,-0.5,2.8,3.3,대전,2.499999999999999,3.5300000000000002,2025-12
2025-12-25,2.8,-5.3,-1.5,0.0,대전,2.014285714285713,3.22,2025-12
2025-12-26,-2.9,-9.7,-6.5,0.0,대전,0.4857142857142845,2.796666666666667,2025-12
2025-12-27,2.4,-7.1,-1.9,0.0,대전,-0.9571428571428583,2.55,2025-12
2025-12-28,7.4,0.1,3.5,0.1,대전,-0.442857142857144,2.5433333333333334,2025-12
2025-12-29,9.5,2.1,5.2,2.9,대전,0.3999999999999989,2.546666666666667,2025-12
2025-12-30,4.1,-3.4,0.0,0.0,대전,0.2285714285714275,2.15,2025-12
2025-12-31,-0.4,-5.6,-3.3,0.0,대전,-0.6428571428571439,1.7933333333333337,2025-12
2026-01-01,-1.9,-8.9,-5.8,0.0,대전,-1.2571428571428582,1.54,2026-01
2026-01-02,-2.1,-9.8,-6.0,0.0,대전,-1.1857142857142868,1.4533333333333336,2026-01
2026-01-03,2.1,-8.4,-3.1,0.0,대전,-1.357142857142858,1.416666666666667,2026-01
2026-01-04,6.1,-0.4,1.8,0.0,대전,-1.600000000000001,1.5433333333333334,2026-01
2026-01-05,2.8,-3.4,-0.4,0.0,대전,-2.400000000000001,1.4333333333333336,2026-01
2026-01-06,3.9,-6.4,-1.5,0.0,대전,-2.6142857142857148,1.096666666666667,2026-01
2026-01-07,4.7,-3.0,1.1,0.0,대전,-1.985714285714287,0.9900000000000002,2026-01
2026-01-08,-0.2,-6.6,-4.0,0.0,대전,-1.7285714285714298,0.7933333333333336,2026-01
2026-01-09,5.4,-5.4,0.4,0.0,대전,-0.8142857142857155,0.6766666666666669,2026-01
2026-01-10,6.2,-3.4,2.7,5.6,대전,0.014285714285713156,0.5633333333333337,2026-01
2026-01-11,-1.7,-8.6,-4.9,0.0,대전,-0.9428571428571441,0.3400000000000002,2026-01
2026-01-12,3.6,-6.7,-1.4,0.0,대전,-1.085714285714287,0.1966666666666669,2026-01
2026-01-13,2.8,-4.4,-0.1,0.2,대전,-0.8857142857142869,0.1566666666666669,2026-01
2026-01-14,5.3,-6.6,-0.8,0.0,대전,-1.1571428571428584,0.07000000000000023,2026-01
2026-01-15,12.1,0.7,6.7,2.7,대전,0.3714285714285702,0.09666666666666689,2026-01
2026-01-16,10.6,-2.2,2.6,0.0,대전,0.6857142857142845,0.010000000000000215,2026-01
2026-01-17,5.9,-2.3,1.5,0.0,대전,0.5142857142857131,-0.003333333333333114,2026-01
2026-01-18,8.2,-3.9,1.4,0.0,대전,1.4142857142857133,-0.09666666666666646,2026-01
2026-01-19,2.0,-6.8,-1.1,0.7,대전,1.457142857142856,-0.4066666666666664,2026-01
2026-01-20,-2.0,-9.1,-6.4,0.0,대전,0.5571428571428558,-0.6166666666666665,2026-01
2026-01-21,-3.9,-8.1,-6.8,0.0,대전,-0.3000000000000012,-0.8199999999999998,2026-01
2026-01-22,-3.0,-10.7,-7.2,0.0,대전,-2.285714285714287,-1.0999999999999999,2026-01
2026-01-23,1.6,-7.7,-3.3,0.0,대전,-3.12857142857143,-1.303333333333333,2026-01
2026-01-24,-0.2,-8.3,-3.1,1.1,대전,-3.7857142857142874,-1.3566666666666662,2026-01
2026-01-25,0.7,-8.0,-4.2,0.0,대전,-4.585714285714287,-1.2799999999999998,2026-01
2026-01-26,1.1,-8.6,-3.7,0.0,대전,-4.957142857142858,-1.3399999999999996,2026-01
2026-01-27,1.2,-4.7,-2.2,0.0,대전,-4.3571428571428585,-1.5299999999999998,2026-01
2026-01-28,0.3,-7.1,-4.1,0.0,대전,-3.9714285714285724,-1.8399999999999999,2026-01
2026-01-29,2.2,-5.4,-2.9,0.1,대전,-3.357142857142858,-1.9366666666666665,2026-01
2026-01-30,-0.5,-7.1,-4.7,0.0,대전,-3.557142857142858,-1.983333333333333,2026-01
2026-01-31,2.2,-7.8,-3.5,0.0,대전,-3.614285714285716,-1.9066666666666663,2026-01
2026-02-01,3.2,-3.5,-1.1,0.3,대전,-3.171428571428572,-1.743333333333333,2026-02
2026-02-02,1.0,-4.0,-1.5,2.2,대전,-2.857142857142858,-1.6899999999999997,2026-02
2026-02-03,4.2,-7.0,-1.7,0.0,대전,-2.785714285714287,-1.8066666666666664,2026-02
2026-02-04,7.6,-2.9,1.8,0.0,대전,-1.9428571428571442,-1.733333333333333,2026-02
2026-02-05,10.9,-0.7,4.1,0.0,대전,-0.9428571428571441,-1.5466666666666664,2026-02
2026-02-06,0.3,-6.4,-3.3,0.0,대전,-0.7428571428571441,-1.693333333333333,2026-02
2026-02-07,-2.1,-8.2,-6.0,0.0,대전,-1.1000000000000012,-1.7599999999999996,2026-02
2026-02-08,-3.1,-9.1,-6.7,0.0,대전,-1.900000000000001,-1.9966666666666664,2026-02
2026-02-09,3.9,-7.8,-2.2,0.0,대전,-2.0000000000000013,-2.1599999999999997,2026-02
2026-02-10,5.0,-2.7,0.6,0.4,대전,-1.6714285714285728,-1.9766666666666666,2026-02
2026-02-11,5.9,-1.2,2.1,0.3,대전,-1.62857142857143,-1.8599999999999999,2026-02
2026-02-12,8.1,-2.9,1.7,0.0,대전,-1.9714285714285726,-1.7999999999999998,2026-02
2026-02-13,11.0,-1.2,3.9,0.0,대전,-0.9428571428571442,-1.643333333333333,2026-02
2026-02-14,13.2,-0.1,5.4,0.0,대전,0.6857142857142844,-1.6866666666666665,2026-02
2026-02-15,10.7,0.4,5.2,0.2,대전,2.385714285714285,-1.5999999999999999,2026-02
2026-02-16,6.6,-1.5,1.4,0.0,대전,2.8999999999999986,-1.603333333333333,2026-02
2026-02-17,7.6,-3.6,1.0,0.0,대전,2.957142857142856,-1.6166666666666665,2026-02
2026-02-18,8.6,-1.8,1.9,0.0,대전,2.9285714285714275,-1.5166666666666664,2026-02
2026-02-19,7.6,-3.6,0.9,0.0,대전,2.814285714285713,-1.2733333333333332,2026-02
2026-02-20,12.5,-2.1,4.4,0.0,대전,2.885714285714285,-0.8999999999999998,2026-02
2026-02-21,16.9,3.5,9.2,0.0,대전,3.4285714285714275,-0.3533333333333331,2026-02
2026-02-22,14.3,0.6,9.0,0.1,대전,3.97142857142857,0.05666666666666691,2026-02
2026-02-23,8.2,-1.6,2.6,0.0,대전,4.1428571428571415,0.24666666666666692,2026-02
2026-02-24,1.4,-0.4,0.6,10.0,대전,4.0857142857142845,0.4066666666666669,2026-02
2026-02-25,10.7,-3.3,4.0,0.0,대전,4.385714285714284,0.6633333333333336,2026-02
2026-02-26,12.5,1.4,7.0,0.0,대전,5.257142857142855,0.9700000000000003,2026-02
2026-02-27,10.6,5.4,7.5,0.4,대전,5.699999999999998,1.3566666666666667,2026-02
2026-02-28,13.9,-0.8,6.4,0.0,대전,5.299999999999999,1.666666666666667,2026-02
2026-03-01,12.9,4.6,8.1,0.0,대전,5.17142857142857,2.0933333333333333,2026-03
2026-03-02,6.8,3.8,5.2,25.6,대전,5.542857142857142,2.3833333333333337,2026-03
2026-03-03,12.7,2.9,6.8,1.3,대전,6.428571428571426,2.646666666666667,2026-03
2026-03-04,11.0,0.4,5.4,0.0,대전,6.628571428571427,2.876666666666667,2026-03
2026-03-05,14.7,-0.5,6.4,5.1,대전,6.542857142857142,3.146666666666667,2026-03
2026-03-06,6.9,-0.1,2.5,7.7,대전,5.828571428571427,3.1700000000000004,2026-03
2026-03-07,6.0,-2.8,0.9,0.0,대전,5.042857142857142,3.0633333333333335,2026-03
2026-03-08,7.9,-3.6,1.4,0.0,대전,4.0857142857142845,3.2199999999999998,2026-03
2026-03-09,7.3,-1.1,2.2,0.1,대전,3.657142857142856,3.493333333333333,2026-03
2026-03-10,9.1,-2.2,2.9,0.0,대전,3.0999999999999988,3.8133333333333335,2026-03
2026-03-11,10.3,-1.3,3.9,0.0,대전,2.885714285714285,4.016666666666667,2026-03
2026-03-12,11.6,-0.7,5.0,0.2,대전,2.6857142857142846,4.163333333333333,2026-03
2026-03-13,11.6,-0.5,5.4,0.0,대전,3.0999999999999988,4.273333333333334,2026-03
2026-03-14,13.1,-1.0,6.1,0.0,대전,3.842857142857142,4.42,2026-03
2026-03-15,9.9,3.6,6.3,0.3,대전,4.542857142857142,4.5,2026-03
2026-03-16,14.0,-0.7,6.5,0.0,대전,5.157142857142857,4.536666666666667,2026-03
2026-03-17,15.9,0.4,8.0,0.0,대전,5.885714285714285,4.63,2026-03
2026-03-18,8.7,4.5,6.3,9.8,대전,6.228571428571428,4.793333333333333,2026-03
2026-03-19,12.0,0.0,5.3,0.0,대전,6.2714285714285705,4.9366666666666665,2026-03
2026-03-20,13.6,-0.5,6.0,0.0,대전,6.357142857142855,5.073333333333334,2026-03
2026-03-21,15.8,-1.3,7.1,0.0,대전,6.499999999999999,5.28,2026-03
2026-03-22,17.4,2.6,9.0,0.0,대전,6.885714285714284,5.433333333333334,2026-03
2026-03-23,18.5,3.2,10.6,0.0,대전,7.47142857142857,5.48,2026-03
2026-03-24,18.6,4.4,11.4,0.0,대전,7.9571428571428555,5.5600000000000005,2026-03
2026-03-25,18.8,8.4,12.5,0.0,대전,8.842857142857142,5.89,2026-03
2026-03-26,21.8,4.8,12.3,0.0,대전,9.842857142857142,6.28,2026-03
2026-03-27,20.6,6.3,12.3,0.0,대전,10.742857142857144,6.556666666666667,2026-03
2026-03-28,20.8,6.2,12.2,0.0,대전,11.47142857142857,6.73,2026-03
2026-03-29,21.8,5.0,13.5,0.0,대전,12.114285714285712,6.930000000000001,2026-03
2026-03-30,20.7,7.3,13.4,10.8,대전,12.514285714285714,7.163333333333333,2026-03
2026-03-31,18.8,10.2,13.7,17.0,대전,12.842857142857142,7.35,2026-03
2026-04-01,16.4,8.1,12.4,5.6,대전,12.828571428571426,7.590000000000001,2026-04
2026-04-02,18.2,4.6,10.5,0.0,대전,12.57142857142857,7.713333333333334,2026-04
2026-04-03,21.6,6.8,14.0,0.2,대전,12.814285714285713,8.0,2026-04
2026-04-04,18.9,7.6,12.5,42.4,대전,12.857142857142856,8.203333333333335,2026-04
2026-04-05,17.1,6.4,10.6,0.0,대전,12.442857142857141,8.473333333333334,2026-04
2026-04-06,14.9,6.8,11.0,9.5,대전,12.099999999999998,8.81,2026-04
2026-04-07,12.9,2.7,7.3,0.0,대전,11.185714285714285,9.006666666666668,2026-04
2026-04-08,16.9,0.3,8.3,0.0,대전,10.599999999999998,9.21,2026-04
2026-04-09,15.4,6.3,10.7,14.8,대전,10.628571428571428,9.47,2026-04
2026-04-10,15.0,9.0,11.6,4.6,대전,10.285714285714283,9.726666666666667,2026-04
2026-04-11,18.3,8.1,12.6,0.0,대전,10.299999999999999,9.98,2026-04
2026-04-12,23.0,6.2,14.5,0.0,대전,10.857142857142858,10.283333333333333,2026-04
2026-04-13,26.6,8.2,17.1,0.0,대전,11.728571428571428,10.650000000000002,2026-04
2026-04-14,22.9,11.7,16.5,0.0,대전,13.042857142857143,10.990000000000002,2026-04
2026-04-15,25.2,10.5,17.3,0.0,대전,14.328571428571426,11.35,2026-04
2026-04-16,24.7,12.2,17.8,0.0,대전,15.342857142857143,11.676666666666668,2026-04
2026-04-17,18.7,11.5,14.3,0.5,대전,15.728571428571428,11.943333333333333,2026-04
2026-04-18,25.8,8.9,17.0,0.0,대전,16.357142857142858,12.333333333333334,2026-04
2026-04-19,27.5,12.1,19.5,0.0,대전,17.071428571428573,12.783333333333333,2026-04
2026-04-20,18.9,5.9,13.8,2.2,대전,16.599999999999998,13.006666666666668,2026-04
2026-04-21,19.4,3.3,11.3,0.0,대전,15.857142857142858,13.083333333333336,2026-04
2026-04-22,19.3,9.2,13.1,0.0,대전,15.257142857142856,13.166666666666666,2026-04
2026-04-23,22.0,8.4,15.1,0.0,대전,14.87142857142857,13.290000000000001,2026-04
2026-04-24,23.4,8.2,15.7,0.0,대전,15.07142857142857,13.396666666666668,2026-04
2026-04-25,26.2,6.9,16.6,0.0,대전,15.014285714285714,13.540000000000001,2026-04
2026-04-26,25.0,8.5,17.0,0.0,대전,14.657142857142857,13.696666666666667,2026-04
2026-04-27,24.7,10.1,16.8,0.0,대전,15.085714285714285,13.85,2026-04
2026-04-28,18.2,10.7,14.4,0.0,대전,15.528571428571427,13.88,2026-04
2026-04-29,19.3,8.3,14.0,0.0,대전,15.657142857142857,13.9,2026-04
2026-04-30,21.1,9.4,16.0,0.0,대전,15.785714285714286,13.976666666666667,2026-04
2026-05-01,23.3,10.9,15.9,1.4,대전,15.814285714285715,14.093333333333334,2026-05
2026-05-02,24.2,12.2,17.1,0.2,대전,15.885714285714284,14.313333333333334,2026-05
2026-05-03,15.6,11.6,13.7,10.4,대전,15.414285714285713,14.303333333333335,2026-05
2026-05-04,19.2,8.7,13.5,0.1,대전,14.942857142857141,14.336666666666668,2026-05
2026-05-05,21.2,6.5,13.9,0.0,대전,14.87142857142857,14.446666666666667,2026-05
2026-05-06,24.4,9.3,16.6,0.0,대전,15.242857142857142,14.633333333333333,2026-05
2026-05-07,23.2,10.4,16.7,0.7,대전,15.342857142857142,14.946666666666665,2026-05
2026-05-08,20.7,10.5,15.3,0.0,대전,15.257142857142858,15.180000000000001,2026-05
2026-05-09,23.2,7.4,15.6,0.0,대전,15.042857142857143,15.343333333333334,2026-05
2026-05-10,25.7,7.9,16.9,0.0,대전,15.5,15.520000000000001,2026-05
2026-05-11,25.6,13.1,18.4,1.4,대전,16.2,15.713333333333333,2026-05
2026-05-12,21.1,14.7,17.1,17.8,대전,16.657142857142855,15.8,2026-05
2026-05-13,26.4,12.7,19.1,0.0,대전,17.014285714285712,15.866666666666667,2026-05
2026-05-14,29.2,14.0,21.5,0.0,대전,17.7,16.033333333333335,2026-05
2026-05-15,29.9,13.4,21.6,0.0,대전,18.599999999999998,16.176666666666666,2026-05
2026-05-16,30.3,13.0,21.9,0.0,대전,19.5,16.313333333333336,2026-05
2026-05-17,30.1,14.2,22.4,0.0,대전,20.285714285714285,16.583333333333332,2026-05
2026-05-18,30.5,14.4,22.7,0.0,대전,20.9,16.773333333333333,2026-05
2026-05-19,29.2,14.2,22.3,0.8,대전,21.642857142857142,16.866666666666667,2026-05
2026-05-20,20.5,15.2,16.6,55.7,대전,21.285714285714285,16.96,2026-05
2026-05-21,20.9,15.3,17.7,6.2,대전,20.74285714285714,17.173333333333332,2026-05
2026-05-22,24.5,15.3,19.6,0.0,대전,20.457142857142856,17.39,2026-05
2026-05-23,24.2,14.4,18.6,0.5,대전,19.985714285714284,17.506666666666668,2026-05
2026-05-24,27.5,13.5,20.5,0.0,대전,19.714285714285715,17.666666666666668,2026-05
2026-05-25,30.2,15.5,23.1,0.1,대전,19.771428571428572,17.883333333333333,2026-05
2026-05-26,30.7,19.6,23.6,5.5,대전,19.957142857142856,18.103333333333335,2026-05
2026-05-27,25.0,20.0,22.2,1.7,대전,20.75714285714286,18.283333333333335,2026-05
2026-05-28,25.7,18.1,21.6,4.0,대전,21.314285714285713,18.523333333333333,2026-05
2026-05-29,26.8,16.1,20.6,0.0,대전,21.45714285714286,18.743333333333336,2026-05
2026-05-30,29.3,13.7,21.5,0.0,대전,21.87142857142857,18.92666666666667,2026-05
2026-05-31,31.9,14.6,23.9,0.0,대전,22.357142857142858,19.19333333333333,2026-05
2026-06-01,30.5,16.4,24.0,0.0,대전,22.485714285714284,19.423333333333336,2026-06
2026-06-02,28.8,19.5,23.6,0.1,대전,22.485714285714288,19.753333333333334,2026-06
2026-06-03,32.3,18.4,25.1,0.0,대전,22.9,20.14,2026-06
2026-06-04,29.5,20.0,23.7,5.4,대전,23.199999999999996,20.466666666666665,2026-06
2026-06-05,26.8,17.0,21.4,0.5,대전,23.314285714285713,20.62666666666667,2026-06
2026-06-06,30.5,13.2,22.5,0.0,대전,23.457142857142856,20.82,2026-06
2026-06-07,29.4,18.2,23.6,1.0,대전,23.41428571428571,21.096666666666668,2026-06
2026-06-08,25.7,19.2,21.6,0.2,대전,23.071428571428573,21.296666666666667,2026-06
2026-06-09,28.9,15.3,22.4,0.2,대전,22.9,21.48,2026-06
2026-06-10,27.2,16.1,21.6,1.1,대전,22.400000000000002,21.586666666666666,2026-06
2026-06-11,27.1,15.7,21.0,1.6,대전,22.014285714285712,21.716666666666665,2026-06
2026-06-12,28.6,15.5,22.2,0.0,대전,22.12857142857143,21.82,2026-06
2026-06-13,32.3,14.4,23.9,0.0,대전,22.32857142857143,21.9,2026-06
2026-06-14,31.2,19.3,23.8,1.9,대전,22.357142857142854,21.973333333333333,2026-06
2026-06-15,31.6,16.3,24.4,0.2,대전,22.757142857142856,22.05666666666667,2026-06
2026-06-16,32.9,18.8,25.8,0.0,대전,23.24285714285714,22.17,2026-06
2026-06-17,32.2,20.2,24.9,9.3,대전,23.714285714285715,22.243333333333332,2026-06
2026-06-18,29.9,21.5,25.3,2.8,대전,24.328571428571426,22.343333333333337,2026-06
2026-06-19,29.6,21.4,24.8,9.1,대전,24.7,22.616666666666667,2026-06
2026-06-20,25.6,20.4,22.6,36.9,대전,24.514285714285712,22.780000000000005,2026-06
2026-06-21,27.1,20.0,23.0,0.0,대전,24.4,22.893333333333334,2026-06
2026-06-22,25.0,20.0,22.0,3.4,대전,24.057142857142857,23.006666666666668,2026-06
2026-06-23,25.3,18.4,21.6,0.0,대전,23.457142857142856,23.043333333333337,2026-06
2026-06-24,26.1,18.0,21.4,0.0,대전,22.957142857142856,22.986666666666668,2026-06
2026-06-25,27.2,18.7,22.5,0.3,대전,22.557142857142857,22.95,2026-06
2026-06-26,29.5,17.9,23.3,0.4,대전,22.342857142857145,22.986666666666668,2026-06
2026-06-27,32.8,18.4,25.6,0.0,대전,22.771428571428572,23.12,2026-06
2026-06-28,32.7,20.0,26.1,0.2,대전,23.214285714285715,23.303333333333335,2026-06
2026-06-29,33.1,20.3,26.4,3.5,대전,23.842857142857145,23.466666666666665,2026-06
2026-06-30,32.8,21.7,26.4,3.7,대전,24.528571428571432,23.55,2026-06
2026-07-01,25.4,21.5,22.7,1.6,대전,24.714285714285715,23.506666666666668,2026-07
2026-07-02,30.3,19.3,24.4,3.9,대전,24.985714285714288,23.533333333333335,2026-07
2026-07-03,30.5,20.9,25.0,0.8,대전,25.228571428571428,23.529999999999998,2026-07
2026-07-04,32.0,21.8,26.2,1.4,대전,25.314285714285713,23.613333333333337,2026-07
2026-07-05,28.8,22.0,24.7,18.8,대전,25.114285714285717,23.723333333333336,2026-07
2026-07-06,30.3,22.9,25.7,7.0,대전,25.014285714285712,23.830000000000002,2026-07
2026-07-07,31.8,23.7,27.1,19.6,대전,25.11428571428571,23.94666666666667,2026-07
2026-07-08,26.6,23.6,25.3,39.1,대전,25.485714285714288,24.07,2026-07
2026-07-09,26.4,23.2,24.4,93.6,대전,25.485714285714284,24.136666666666667,2026-07
2026-07-10,31.6,23.2,26.6,4.7,대전,25.714285714285715,24.303333333333335,2026-07
2026-07-11,33.8,22.4,28.6,0.8,대전,26.057142857142857,24.55666666666667,2026-07
2026-07-12,34.7,24.2,29.4,0.1,대전,26.728571428571428,24.796666666666667,2026-07
2026-07-13,33.6,25.5,29.4,0.8,대전,27.25714285714286,24.98,2026-07
2026-07-14,33.1,25.9,28.9,6.7,대전,27.514285714285712,25.15,2026-07
2026-07-15,30.0,23.9,26.5,5.1,대전,27.685714285714283,25.220000000000002,2026-07
2026-07-16,29.3,22.8,25.7,5.4,대전,27.87142857142857,25.216666666666665,2026-07
2026-07-17,30.9,24.5,26.3,28.0,대전,27.828571428571426,25.263333333333332,2026-07
2026-07-18,31.3,24.6,26.2,15.9,대전,27.485714285714288,25.293333333333337,2026-07
2026-07-19,30.5,23.6,26.6,1.1,대전,27.085714285714285,25.353333333333335,2026-07
2026-07-20,32.2,23.3,26.3,18.5,대전,26.642857142857142,25.476666666666667,2026-07
2026-07-21,30.9,25.0,27.1,10.0,대전,26.38571428571429,25.613333333333333,2026-07
2026-07-22,30.5,23.7,26.8,26.5,대전,26.428571428571423,25.77333333333333,2026-07
2026-07-23,31.6,25.0,27.3,7.9,대전,26.657142857142855,25.96333333333333,2026-07
2026-07-24,32.0,24.3,28.1,3.1,대전,26.914285714285715,26.186666666666667,2026-07
2026-07-25,32.4,24.7,28.3,2.2,대전,27.214285714285715,26.38,2026-07
2026-07-26,33.3,23.9,28.3,2.4,대전,27.457142857142856,26.546666666666667,2026-07
2026-07-27,32.5,24.7,28.2,0.2,대전,27.728571428571428,26.633333333333333,2026-07
2026-07-28,32.3,25.8,28.4,1.5,대전,27.914285714285715,26.709999999999997,2026-07
2026-07-29,34.1,25.4,28.7,0.2,대전,28.185714285714283,26.78666666666667,2026-07
2026-07-30,33.2,23.6,27.9,0.0,대전,28.271428571428572,26.836666666666666,2026-07
2026-07-31,34.9,23.7,28.5,0.1,대전,28.32857142857143,27.029999999999998,2026-07
2026-08-01,35.6,26.0,30.1,0.3,대전,28.585714285714285,27.220000000000002,2026-08
2026-08-02,37.7,25.5,30.8,0.1,대전,28.942857142857143,27.413333333333334,2026-08
2026-08-03,38.0,25.1,31.9,0.0,대전,29.471428571428568,27.603333333333335,2026-08
2026-08-04,37.5,26.7,31.5,0.6,대전,29.91428571428571,27.83,2026-08
2026-08-05,36.6,26.6,31.5,0.8,대전,30.314285714285713,28.02333333333333,2026-08
2026-08-06,37.9,26.8,32.2,0.1,대전,30.928571428571427,28.193333333333335,2026-08
2026-08-07,38.8,26.3,32.6,0.0,대전,31.514285714285712,28.436666666666667,2026-08
2026-08-08,34.2,26.1,28.7,29.3,대전,31.314285714285717,28.58,2026-08
2026-08-09,32.5,25.7,28.5,0.6,대전,30.985714285714288,28.64333333333333,2026-08
2026-08-10,34.0,25.4,28.9,0.0,대전,30.557142857142853,28.653333333333332,2026-08
2026-08-11,32.0,22.9,26.9,0.0,대전,29.9,28.57,2026-08
2026-08-12,32.1,19.7,25.8,0.0,대전,29.085714285714285,28.45,2026-08
2026-08-13,31.3,21.3,26.5,1.8,대전,28.271428571428572,28.37,2026-08
2026-08-14,31.9,22.7,26.8,0.4,대전,27.442857142857143,28.380000000000003,2026-08
2026-08-15,28.4,23.7,25.2,7.5,대전,26.942857142857143,28.363333333333333,2026-08
2026-08-16,27.3,21.6,23.7,37.0,대전,26.257142857142856,28.276666666666667,2026-08
2026-08-17,29.9,22.1,25.0,14.3,대전,25.7,28.236666666666668,2026-08
2026-08-18,32.1,24.2,27.1,1.5,대전,25.728571428571428,28.253333333333334,2026-08
2026-08-19,31.4,23.3,26.3,8.9,대전,25.8,28.253333333333334,2026-08
2026-08-20,30.2,23.9,26.2,5.3,대전,25.757142857142856,28.223333333333336,2026-08
2026-08-21,27.0,23.1,24.7,26.2,대전,25.45714285714286,28.153333333333332,2026-08
2026-08-22,31.7,23.8,25.8,14.1,대전,25.54285714285714,28.103333333333335,2026-08
2026-08-23,33.6,22.8,28.0,0.2,대전,26.157142857142855,28.1,2026-08
2026-08-24,33.1,25.3,28.6,0.4,대전,26.671428571428574,28.11,2026-08
2026-08-25,31.5,24.0,27.5,2.6,대전,26.72857142857143,28.083333333333332,2026-08
2026-08-26,33.7,24.5,28.6,0.0,대전,27.057142857142857,28.096666666666668,2026-08
2026-08-27,32.8,24.3,27.3,6.0,대전,27.214285714285715,28.060000000000002,2026-08
2026-08-28,30.1,24.2,25.9,59.2,대전,27.385714285714283,27.966666666666665,2026-08
2026-08-29,28.6,24.1,25.6,23.8,대전,27.357142857142858,27.89,2026-08
2022-01-01,4.8,-6.2,-1.6,0.0,부산,,,2022-01
2022-01-02,9.2,-5.3,0.2,0.0,부산,,,2022-01
2022-01-03,7.1,-3.9,0.0,0.0,부산,,,2022-01
2022-01-04,6.9,-4.5,0.2,0.0,부산,,,2022-01
2022-01-05,7.8,-3.7,2.1,1.0,부산,,,2022-01
2022-01-06,8.1,-1.1,3.5,0.0,부산,,,2022-01
2022-01-07,8.3,-4.6,0.9,0.0,부산,0.7571428571428571,,2022-01
2022-01-08,8.5,-5.7,0.5,0.0,부산,1.0571428571428572,,2022-01
2022-01-09,9.1,-2.1,2.6,0.0,부산,1.4000000000000001,,2022-01
2022-01-10,10.0,-3.0,3.2,0.0,부산,1.8571428571428572,,2022-01
2022-01-11,4.4,-5.0,0.2,0.0,부산,1.8571428571428572,,2022-01
2022-01-12,1.8,-7.7,-3.6,0.0,부산,1.042857142857143,,2022-01
2022-01-13,1.2,-4.9,-2.4,0.0,부산,0.20000000000000004,,2022-01
2022-01-14,3.7,-7.6,-2.9,0.0,부산,-0.3428571428571428,,2022-01
2022-01-15,7.3,-3.8,0.3,0.0,부산,-0.3714285714285714,,2022-01
2022-01-16,8.1,-2.8,1.3,0.0,부산,-0.557142857142857,,2022-01
2022-01-17,4.5,-4.6,-0.8,0.0,부산,-1.1285714285714286,,2022-01
2022-01-18,2.7,-6.9,-2.6,0.0,부산,-1.5285714285714285,,2022-01
2022-01-19,5.4,-5.9,-0.7,0.0,부산,-1.1142857142857143,,2022-01
2022-01-20,5.4,-6.1,-0.7,0.0,부산,-0.8714285714285713,,2022-01
2022-01-21,6.7,-5.4,0.1,0.0,부산,-0.4428571428571429,,2022-01
2022-01-22,9.5,-2.2,3.6,0.0,부산,0.0285714285714286,,2022-01
2022-01-23,11.2,1.7,6.2,0.0,부산,0.7285714285714285,,2022-01
2022-01-24,8.3,1.6,5.6,0.0,부산,1.6428571428571428,,2022-01
2022-01-25,8.8,-0.7,4.0,0.0,부산,2.585714285714286,,2022-01
2022-01-26,9.1,-0.4,3.7,0.0,부산,3.2142857142857144,,2022-01
2022-01-27,10.0,-1.4,3.5,0.0,부산,3.814285714285714,,2022-01
2022-01-28,7.5,-2.1,1.9,0.0,부산,4.071428571428572,,2022-01
2022-01-29,6.3,-2.0,1.2,0.0,부산,3.7285714285714286,,2022-01
2022-01-30,7.4,-2.9,1.4,0.0,부산,3.0428571428571423,1.03,2022-01
2022-01-31,8.0,-4.4,1.0,0.0,부산,2.3857142857142857,1.1166666666666667,2022-01
2022-02-01,5.7,-3.0,0.9,0.0,부산,1.9428571428571428,1.14,2022-02
2022-02-02,5.6,-3.8,0.4,0.0,부산,1.4714285714285713,1.1533333333333333,2022-02
2022-02-03,5.7,-2.4,0.8,0.0,부산,1.0857142857142856,1.1733333333333333,2022-02
2022-02-04,5.9,-3.5,0.2,0.0,부산,0.8428571428571427,1.11,2022-02
2022-02-05,2.0,-6.8,-2.7,0.0,부산,0.2857142857142857,0.9033333333333334,2022-02
2022-02-06,4.5,-5.6,-1.4,0.0,부산,-0.1142857142857143,0.8266666666666667,2022-02
2022-02-07,4.5,-4.5,-0.1,0.0,부산,-0.27142857142857146,0.8066666666666666,2022-02
2022-02-08,7.6,-3.3,1.8,0.0,부산,-0.14285714285714288,0.78,2022-02
2022-02-09,9.3,-2.4,3.4,0.0,부산,0.2857142857142857,0.7866666666666666,2022-02
2022-02-10,11.1,1.8,5.5,0.0,부산,0.9571428571428571,0.9633333333333333,2022-02
2022-02-11,11.0,-3.7,3.5,0.0,부산,1.4285714285714286,1.2,2022-02
2022-02-12,12.0,0.1,5.3,0.0,부산,2.5714285714285716,1.4566666666666668,2022-02
2022-02-13,11.5,4.5,7.1,0.8,부산,3.7857142857142856,1.7899999999999998,2022-02
2022-02-14,12.4,3.3,7.1,0.7,부산,4.814285714285714,2.0166666666666666,2022-02
2022-02-15,5.4,-2.9,1.4,0.0,부산,4.757142857142857,2.02,2022-02
2022-02-16,2.3,-6.2,-2.7,0.0,부산,3.8857142857142857,1.9566666666666668,2022-02
2022-02-17,1.1,-8.7,-4.2,0.0,부산,2.5,1.9033333333333333,2022-02
2022-02-18,5.7,-6.2,-0.0,0.0,부산,1.9999999999999998,1.9266666666666665,2022-02
2022-02-19,6.9,0.6,2.8,2.4,부산,1.6428571428571428,2.0433333333333334,2022-02
2022-02-20,2.1,-5.8,-1.8,0.0,부산,0.3714285714285713,1.98,2022-02
2022-02-21,6.9,-6.0,-0.4,0.0,부산,-0.7000000000000002,1.8466666666666667,2022-02
2022-02-22,4.2,-4.8,-0.4,0.0,부산,-0.9571428571428573,1.6266666666666667,2022-02
2022-02-23,3.2,-5.5,-1.5,0.0,부산,-0.7857142857142859,1.3900000000000001,2022-02
2022-02-24,7.0,-6.1,-0.5,0.0,부산,-0.2571428571428572,1.24,2022-02
2022-02-25,10.7,-4.1,2.5,0.0,부산,0.09999999999999996,1.2,2022-02
2022-02-26,11.1,-3.2,4.5,0.0,부산,0.34285714285714286,1.2333333333333334,2022-02
2022-02-27,12.5,-1.3,5.6,0.0,부산,1.4000000000000001,1.3566666666666665,2022-02
2022-02-28,13.3,-1.4,6.3,0.0,부산,2.357142857142857,1.5266666666666666,2022-02
2022-03-01,16.9,6.4,10.1,4.2,부산,3.857142857142857,1.8166666666666667,2022-03
2022-03-02,12.0,-1.5,5.4,0.0,부산,4.8428571428571425,1.9633333333333334,2022-03
2022-03-03,13.2,-2.0,5.5,0.0,부산,5.7,2.1166666666666667,2022-03
2022-03-04,13.6,-0.2,7.1,0.0,부산,6.357142857142857,2.3400000000000003,2022-03
2022-03-05,10.5,2.2,6.8,0.0,부산,6.685714285714285,2.54,2022-03
2022-03-06,9.6,-3.7,2.8,0.0,부산,6.285714285714286,2.6266666666666665,2022-03
2022-03-07,10.3,-0.5,5.0,0.0,부산,6.1000000000000005,2.8833333333333333,2022-03
2022-03-08,14.9,-2.3,6.7,0.0,부산,5.614285714285714,3.1533333333333333,2022-03
2022-03-09,16.2,-0.2,8.0,0.0,부산,5.985714285714286,3.4233333333333333,2022-03
2022-03-10,15.6,2.7,9.4,0.0,부산,6.542857142857143,3.6766666666666663,2022-03
2022-03-11,17.4,5.7,12.1,0.1,부산,7.257142857142857,3.966666666666667,2022-03
2022-03-12,20.4,8.5,14.0,1.2,부산,8.285714285714286,4.25,2022-03
2022-03-13,15.7,11.9,14.3,12.9,부산,9.928571428571429,4.61,2022-03
2022-03-14,13.7,8.9,11.3,0.3,부산,10.828571428571431,4.81,2022-03
2022-03-15,15.8,2.8,9.5,0.0,부산,11.228571428571428,4.89,2022-03
2022-03-16,19.8,4.1,11.4,0.0,부산,11.714285714285714,5.033333333333333,2022-03
2022-03-17,10.8,8.0,9.6,3.5,부산,11.742857142857142,5.306666666666667,2022-03
2022-03-18,8.3,4.0,6.8,28.2,부산,10.985714285714286,5.623333333333334,2022-03
2022-03-19,8.8,3.4,5.0,5.3,부산,9.700000000000001,5.930000000000001,2022-03
2022-03-20,10.0,1.7,5.8,0.2,부산,8.485714285714286,6.123333333333333,2022-03
2022-03-21,12.2,1.7,7.2,0.3,부산,7.8999999999999995,6.27,2022-03
2022-03-22,14.0,4.4,8.0,0.8,부산,7.685714285714285,6.596666666666667,2022-03
2022-03-23,11.8,3.7,7.2,0.2,부산,7.085714285714286,6.85,2022-03
2022-03-24,16.7,1.5,8.7,0.0,부산,6.957142857142857,7.153333333333334,2022-03
2022-03-25,16.2,6.7,12.4,0.9,부산,7.757142857142858,7.616666666666666,2022-03
2022-03-26,17.7,9.8,14.6,41.2,부산,9.12857142857143,8.120000000000001,2022-03
2022-03-27,17.6,6.0,11.7,0.0,부산,9.971428571428572,8.426666666666668,2022-03
2022-03-28,11.0,4.0,7.8,0.0,부산,10.057142857142859,8.536666666666667,2022-03
2022-03-29,15.5,3.1,9.3,0.0,부산,10.242857142857144,8.66,2022-03
2022-03-30,16.9,5.7,11.5,1.7,부산,10.857142857142858,8.833333333333334,2022-03
2022-03-31,14.1,7.5,11.0,2.0,부산,11.185714285714285,8.863333333333335,2022-03
2022-04-01,11.8,5.3,8.3,0.0,부산,10.6,8.959999999999999,2022-04
2022-04-02,13.4,2.1,8.2,0.1,부산,9.685714285714285,9.05,2022-04
2022-04-03,15.0,3.3,9.2,0.1,부산,9.328571428571427,9.120000000000001,2022-04
2022-04-04,17.2,3.5,10.4,0.0,부산,9.700000000000001,9.24,2022-04
2022-04-05,17.9,4.2,11.2,0.0,부산,9.971428571428572,9.52,2022-04
2022-04-06,20.1,5.7,12.6,0.0,부산,10.12857142857143,9.773333333333333,2022-04
2022-04-07,19.9,6.3,13.1,3.3,부산,10.428571428571429,9.986666666666668,2022-04
2022-04-08,17.0,5.6,12.2,0.0,부산,10.985714285714286,10.126666666666667,2022-04
2022-04-09,20.6,7.7,14.5,0.0,부산,11.885714285714286,10.296666666666669,2022-04
2022-04-10,21.6,10.1,15.9,0.0,부산,12.842857142857142,10.423333333333334,2022-04
2022-04-11,21.0,13.6,17.1,0.0,부산,13.8,10.526666666666667,2022-04
2022-04-12,23.4,14.3,18.2,0.1,부산,14.799999999999999,10.656666666666666,2022-04
2022-04-13,15.6,10.6,13.2,0.8,부산,14.885714285714286,10.719999999999999,2022-04
2022-04-14,13.3,9.8,11.0,2.2,부산,14.585714285714285,10.77,2022-04
2022-04-15,16.3,8.7,11.4,0.0,부산,14.471428571428572,10.770000000000001,2022-04
2022-04-16,16.7,5.7,11.1,0.0,부산,13.985714285714284,10.819999999999999,2022-04
2022-04-17,22.1,5.5,13.7,0.0,부산,13.671428571428573,11.05,2022-04
2022-04-18,23.4,9.8,15.8,0.0,부산,13.485714285714284,11.41,2022-04
2022-04-19,22.7,8.9,16.3,0.0,부산,13.214285714285714,11.76,2022-04
2022-04-20,23.7,9.2,16.9,0.0,부산,13.742857142857144,12.083333333333334,2022-04
2022-04-21,16.4,10.6,13.5,7.4,부산,14.1,12.266666666666667,2022-04
2022-04-22,20.3,7.9,14.2,0.0,부산,14.5,12.5,2022-04
2022-04-23,20.5,12.3,16.1,0.0,부산,15.214285714285714,12.746666666666666,2022-04
2022-04-24,26.0,13.2,18.3,0.0,부산,15.87142857142857,12.943333333333333,2022-04
2022-04-25,26.3,12.7,18.7,0.5,부산,16.285714285714285,13.08,2022-04
2022-04-26,20.3,16.4,18.1,93.6,부산,16.54285714285714,13.293333333333333,2022-04
2022-04-27,18.5,12.6,15.6,0.0,부산,16.357142857142858,13.553333333333333,2022-04
2022-04-28,18.4,11.4,14.5,0.0,부산,16.5,13.726666666666665,2022-04
2022-04-29,13.0,9.8,11.5,21.8,부산,16.114285714285714,13.726666666666665,2022-04
2022-04-30,15.5,7.6,11.8,0.2,부산,15.5,13.753333333333332,2022-04
2022-05-01,18.2,9.3,13.2,0.0,부산,14.77142857142857,13.916666666666666,2022-05
2022-05-02,18.9,7.2,12.6,4.3,부산,13.900000000000002,14.063333333333333,2022-05
2022-05-03,18.2,5.4,12.3,0.0,부산,13.071428571428571,14.166666666666666,2022-05
2022-05-04,19.8,7.8,14.1,0.0,부산,12.857142857142858,14.29,2022-05
2022-05-05,21.6,9.9,16.2,0.0,부산,13.1,14.456666666666669,2022-05
2022-05-06,24.2,13.5,19.1,0.0,부산,14.185714285714287,14.673333333333334,2022-05
2022-05-07,26.2,13.4,18.5,0.0,부산,15.142857142857142,14.853333333333332,2022-05
2022-05-08,18.1,13.5,15.2,0.0,부산,15.428571428571429,14.953333333333331,2022-05
2022-05-09,18.3,12.8,14.8,0.0,부산,15.742857142857146,14.963333333333333,2022-05
2022-05-10,19.0,12.1,15.2,1.5,부산,16.157142857142855,14.94,2022-05
2022-05-11,23.4,12.4,18.2,0.7,부산,16.742857142857144,14.976666666666665,2022-05
2022-05-12,21.2,16.0,18.3,5.0,부산,17.04285714285714,14.979999999999999,2022-05
2022-05-13,19.8,13.9,16.3,0.4,부산,16.642857142857142,15.083333333333334,2022-05
2022-05-14,24.1,12.5,18.3,0.1,부산,16.614285714285714,15.326666666666666,2022-05
2022-05-15,20.7,12.9,16.2,0.0,부산,16.75714285714286,15.486666666666666,2022-05
2022-05-16,23.9,11.9,17.1,0.0,부산,17.085714285714285,15.686666666666667,2022-05
2022-05-17,25.6,11.0,18.7,0.0,부산,17.585714285714285,15.853333333333333,2022-05
2022-05-18,26.9,12.9,20.1,0.0,부산,17.857142857142858,15.996666666666668,2022-05
2022-05-19,25.3,15.2,20.1,0.0,부산,18.114285714285717,16.12333333333333,2022-05
2022-05-20,25.2,15.9,20.0,0.0,부산,18.642857142857142,16.226666666666667,2022-05
2022-05-21,26.7,14.2,20.7,0.4,부산,18.985714285714288,16.466666666666665,2022-05
2022-05-22,31.1,15.4,23.5,0.0,부산,20.028571428571432,16.776666666666664,2022-05
2022-05-23,26.1,15.9,21.3,0.0,부산,20.62857142857143,16.95,2022-05
2022-05-24,28.8,16.9,23.1,0.0,부산,21.25714285714286,17.11,2022-05
2022-05-25,28.4,17.5,22.4,0.0,부산,21.585714285714285,17.233333333333334,2022-05
2022-05-26,28.1,17.9,22.0,0.0,부산,21.857142857142858,17.363333333333333,2022-05
2022-05-27,29.9,15.2,23.0,0.0,부산,22.285714285714285,17.610000000000003,2022-05
2022-05-28,30.3,16.0,23.1,0.0,부산,22.62857142857143,17.896666666666665,2022-05
2022-05-29,28.6,16.2,23.0,0.0,부산,22.557142857142857,18.279999999999998,2022-05
2022-05-30,24.8,18.6,21.5,0.9,부산,22.58571428571429,18.60333333333333,2022-05
2022-05-31,27.6,16.8,21.7,0.0,부산,22.385714285714283,18.886666666666667,2022-05
2022-06-01,28.5,18.3,22.4,0.0,부산,22.38571428571429,19.21333333333333,2022-06
2022-06-02,26.6,15.5,20.9,0.0,부산,22.22857142857143,19.5,2022-06
2022-06-03,27.8,16.5,21.8,0.0,부산,22.057142857142857,19.756666666666668,2022-06
2022-06-04,24.2,16.6,20.0,0.0,부산,21.61428571428571,19.883333333333333,2022-06
2022-06-05,20.0,16.3,17.8,29.6,부산,20.87142857142857,19.839999999999996,2022-06
2022-06-06,23.1,15.3,18.4,20.8,부산,20.428571428571427,19.836666666666662,2022-06
2022-06-07,19.7,12.9,16.5,2.0,부산,19.685714285714287,19.88,2022-06
2022-06-08,20.7,14.1,17.0,1.0,부산,18.91428571428571,19.95333333333333,2022-06
2022-06-09,22.1,12.9,17.6,0.0,부산,18.442857142857143,20.033333333333335,2022-06
2022-06-10,23.9,14.3,19.5,0.0,부산,18.114285714285717,20.076666666666664,2022-06
2022-06-11,24.3,18.0,20.4,0.2,부산,18.17142857142857,20.146666666666665,2022-06
2022-06-12,24.1,15.8,19.4,0.0,부산,18.400000000000002,20.25,2022-06
2022-06-13,21.0,16.7,18.7,0.7,부산,18.442857142857143,20.263333333333332,2022-06
2022-06-14,18.6,17.0,17.8,23.4,부산,18.62857142857143,20.316666666666666,2022-06
2022-06-15,23.3,16.6,19.7,0.7,부산,19.014285714285712,20.403333333333332,2022-06
2022-06-16,27.0,17.9,21.7,0.1,부산,19.599999999999998,20.503333333333334,2022-06
2022-06-17,25.7,17.7,21.8,0.0,부산,19.928571428571427,20.56,2022-06
2022-06-18,27.6,21.1,23.9,0.0,부산,20.428571428571427,20.686666666666664,2022-06
2022-06-19,27.8,19.9,23.4,0.0,부산,21.0,20.8,2022-06
2022-06-20,28.5,20.1,23.9,0.0,부산,21.74285714285714,20.90666666666667,2022-06
2022-06-21,28.8,21.8,24.6,0.3,부산,22.714285714285715,20.943333333333335,2022-06
2022-06-22,29.9,21.1,24.9,0.0,부산,23.457142857142856,21.063333333333333,2022-06
2022-06-23,26.0,22.2,24.0,2.1,부산,23.785714285714285,21.093333333333337,2022-06
2022-06-24,25.3,22.6,23.5,32.6,부산,24.02857142857143,21.13,2022-06
2022-06-25,25.7,21.6,23.3,4.9,부산,23.942857142857143,21.173333333333332,2022-06
2022-06-26,25.3,21.9,23.3,2.8,부산,23.928571428571427,21.183333333333334,2022-06
2022-06-27,24.4,21.2,22.7,14.7,부산,23.75714285714286,21.17,2022-06
2022-06-28,26.8,23.5,24.9,1.0,부산,23.8,21.233333333333334,2022-06
2022-06-29,26.2,23.4,24.4,6.0,부산,23.72857142857143,21.330000000000002,2022-06
2022-06-30,28.6,23.4,25.6,2.4,부산,23.95714285714286,21.459999999999997,2022-06
2022-07-01,30.9,23.4,26.7,0.0,부산,24.414285714285715,21.603333333333335,2022-07
2022-07-02,32.3,22.6,27.0,0.0,부산,24.942857142857143,21.80666666666667,2022-07
2022-07-03,30.7,23.5,27.1,0.6,부산,25.485714285714284,21.983333333333334,2022-07
2022-07-04,30.7,23.9,26.9,1.9,부산,26.085714285714285,22.21333333333333,2022-07
2022-07-05,30.6,24.3,26.8,10.3,부산,26.357142857142858,22.513333333333332,2022-07
2022-07-06,28.9,24.3,26.4,7.1,부산,26.642857142857142,22.780000000000005,2022-07
2022-07-07,29.8,25.1,27.2,0.6,부산,26.87142857142857,23.136666666666667,2022-07
2022-07-08,29.3,25.0,26.7,9.4,부산,26.87142857142857,23.46,2022-07
2022-07-09,31.8,24.2,27.2,0.9,부산,26.900000000000002,23.779999999999998,2022-07
2022-07-10,29.5,24.4,26.4,0.8,부산,26.8,24.009999999999998,2022-07
2022-07-11,26.4,23.6,24.9,16.9,부산,26.514285714285712,24.160000000000004,2022-07
2022-07-12,27.9,22.4,24.3,7.3,부산,26.157142857142855,24.32333333333333,2022-07
2022-07-13,25.9,21.5,23.5,1.9,부산,25.74285714285714,24.483333333333334,2022-07
2022-07-14,32.4,23.7,27.2,2.5,부산,25.74285714285714,24.796666666666667,2022-07
2022-07-15,31.9,22.3,26.4,0.5,부산,25.7,25.02,2022-07
2022-07-16,30.9,21.9,26.4,1.2,부산,25.585714285714285,25.176666666666666,2022-07
2022-07-17,31.0,23.0,26.4,0.4,부산,25.585714285714285,25.33,2022-07
2022-07-18,25.3,20.6,23.5,75.5,부산,25.385714285714283,25.316666666666666,2022-07
2022-07-19,28.1,23.2,25.1,3.5,부산,25.5,25.37333333333333,2022-07
2022-07-20,31.1,22.7,26.4,0.8,부산,25.91428571428571,25.456666666666663,2022-07
2022-07-21,31.1,23.1,26.3,6.4,부산,25.785714285714285,25.513333333333332,2022-07
2022-07-22,29.9,22.0,24.6,4.9,부산,25.52857142857143,25.50333333333333,2022-07
2022-07-23,26.4,21.3,23.7,1.2,부산,25.142857142857142,25.493333333333332,2022-07
2022-07-24,28.9,23.2,25.3,14.2,부산,24.985714285714288,25.55333333333333,2022-07
2022-07-25,28.3,22.4,25.1,2.0,부산,25.214285714285715,25.613333333333333,2022-07
2022-07-26,28.9,23.1,25.1,0.1,부산,25.214285714285715,25.673333333333332,2022-07
2022-07-27,29.0,21.5,25.1,0.0,부산,25.028571428571432,25.753333333333334,2022-07
2022-07-28,30.3,23.6,26.5,0.1,부산,25.057142857142857,25.80666666666667,2022-07
2022-07-29,31.0,24.4,27.5,0.1,부산,25.47142857142857,25.91,2022-07
2022-07-30,30.0,25.1,26.9,0.8,부산,25.928571428571427,25.953333333333333,2022-07
2022-07-31,27.7,25.4,26.5,16.6,부산,26.1,25.946666666666665,2022-07
2022-08-01,30.6,25.4,27.6,4.6,부산,26.45714285714286,25.966666666666665,2022-08
2022-08-02,28.7,25.0,26.6,10.5,부산,26.67142857142857,25.95,2022-08
2022-08-03,30.2,24.5,27.2,5.9,부산,26.97142857142857,25.959999999999997,2022-08
2022-08-04,31.4,24.3,27.7,3.9,부산,27.142857142857142,25.990000000000002,2022-08
2022-08-05,31.5,24.6,27.9,2.9,부산,27.2,26.04,2022-08
2022-08-06,32.7,26.0,29.0,2.9,부산,27.5,26.1,2022-08
2022-08-07,31.7,25.8,28.4,1.5,부산,27.77142857142857,26.156666666666663,2022-08
2022-08-08,31.6,26.7,28.7,0.0,부산,27.928571428571427,26.206666666666667,2022-08
2022-08-09,30.3,26.5,28.0,0.1,부산,28.12857142857143,26.26,2022-08
2022-08-10,30.5,26.2,27.7,1.0,부산,28.199999999999996,26.35333333333333,2022-08
2022-08-11,29.1,25.6,26.9,5.3,부산,28.085714285714285,26.44,2022-08
2022-08-12,32.9,24.7,28.1,12.2,부산,28.11428571428571,26.59333333333333,2022-08
2022-08-13,31.7,25.2,27.8,7.5,부산,27.942857142857143,26.613333333333333,2022-08
2022-08-14,31.6,24.9,27.9,4.3,부산,27.87142857142857,26.663333333333334,2022-08
2022-08-15,31.7,26.6,28.6,2.4,부산,27.857142857142858,26.736666666666668,2022-08
2022-08-16,28.1,24.3,26.4,9.4,부산,27.62857142857143,26.736666666666668,2022-08
2022-08-17,25.4,22.9,24.0,39.3,부산,27.1,26.753333333333334,2022-08
2022-08-18,27.8,20.1,23.9,0.9,부산,26.67142857142857,26.71333333333333,2022-08
2022-08-19,29.6,21.2,25.7,0.0,부산,26.32857142857143,26.69,2022-08
2022-08-20,28.4,24.7,26.5,22.0,부산,26.142857142857142,26.696666666666665,2022-08
2022-08-21,28.8,22.2,25.3,0.0,부산,25.77142857142857,26.720000000000002,2022-08
2022-08-22,29.5,18.9,24.3,0.0,부산,25.157142857142855,26.740000000000002,2022-08
2022-08-23,30.6,21.8,25.8,1.4,부산,25.071428571428573,26.756666666666668,2022-08
2022-08-24,23.4,21.3,22.6,18.7,부산,24.87142857142857,26.673333333333336,2022-08
2022-08-25,27.9,18.8,23.2,0.0,부산,24.771428571428572,26.61,2022-08
2022-08-26,28.3,20.4,23.8,0.0,부산,24.5,26.566666666666666,2022-08
2022-08-27,27.8,19.4,23.2,0.0,부산,24.02857142857143,26.456666666666663,2022-08
2022-08-28,25.3,18.1,21.4,0.0,부산,23.47142857142857,26.253333333333334,2022-08
2022-08-29,27.7,19.0,22.6,0.0,부산,23.228571428571428,26.11,2022-08
2022-08-30,25.8,20.3,22.7,10.0,부산,22.785714285714285,25.983333333333334,2022-08
2022-08-31,24.4,21.0,22.6,22.6,부산,22.785714285714285,25.816666666666666,2022-08
2022-09-01,24.9,19.9,21.8,3.9,부산,22.58571428571429,25.656666666666663,2022-09
2022-09-02,22.2,19.8,21.2,31.1,부산,22.214285714285715,25.456666666666667,2022-09
2022-09-03,23.8,21.2,22.4,8.7,부산,22.1,25.279999999999998,2022-09
2022-09-04,28.7,22.2,25.1,0.9,부산,22.62857142857143,25.186666666666667,2022-09
2022-09-05,27.8,24.2,26.1,9.2,부산,23.12857142857143,25.09,2022-09
2022-09-06,26.7,19.4,24.3,77.1,부산,23.357142857142858,24.953333333333333,2022-09
2022-09-07,28.1,15.1,21.3,0.0,부산,23.17142857142857,24.706666666666663,2022-09
2022-09-08,25.8,16.3,21.1,0.0,부산,23.071428571428573,24.476666666666667,2022-09
2022-09-09,26.0,18.1,21.7,0.0,부산,23.142857142857142,24.276666666666667,2022-09
2022-09-10,24.0,20.3,21.7,0.2,부산,23.04285714285714,24.10333333333333,2022-09
2022-09-11,27.3,20.2,23.2,0.0,부산,22.771428571428572,23.94,2022-09
2022-09-12,26.2,20.6,22.9,1.0,부산,22.314285714285713,23.776666666666664,2022-09
2022-09-13,26.7,21.4,23.3,5.1,부산,22.17142857142857,23.623333333333335,2022-09
2022-09-14,26.7,21.6,23.5,0.0,부산,22.485714285714288,23.453333333333333,2022-09
2022-09-15,26.4,21.7,23.4,0.0,부산,22.814285714285713,23.353333333333335,2022-09
2022-09-16,28.4,21.8,24.5,0.0,부산,23.214285714285715,23.37,2022-09
2022-09-17,28.4,21.1,24.6,1.8,부산,23.62857142857143,23.393333333333334,2022-09
2022-09-18,29.9,22.2,25.5,34.3,부산,23.957142857142856,23.386666666666667,2022-09
2022-09-19,25.8,18.6,23.1,57.1,부산,23.985714285714288,23.27333333333333,2022-09
2022-09-20,21.3,16.6,18.7,0.0,부산,23.32857142857143,23.053333333333335,2022-09
2022-09-21,20.6,13.7,17.2,0.0,부산,22.428571428571427,22.816666666666666,2022-09
2022-09-22,22.7,13.7,18.3,0.0,부산,21.7,22.566666666666666,2022-09
2022-09-23,25.4,14.7,20.1,0.0,부산,21.071428571428573,22.483333333333334,2022-09
2022-09-24,24.0,13.0,18.0,0.0,부산,20.12857142857143,22.310000000000002,2022-09
2022-09-25,22.0,15.9,18.5,0.7,부산,19.12857142857143,22.133333333333333,2022-09
2022-09-26,23.1,16.7,19.1,0.8,부산,18.557142857142857,21.99666666666667,2022-09
2022-09-27,23.8,17.6,19.9,0.1,부산,18.72857142857143,21.946666666666665,2022-09
2022-09-28,24.7,16.8,20.3,0.2,부산,19.171428571428574,21.87,2022-09
2022-09-29,25.8,14.0,19.6,0.0,부산,19.357142857142858,21.766666666666666,2022-09
2022-09-30,26.1,13.9,19.6,0.0,부산,19.285714285714285,21.666666666666668,2022-09
2022-10-01,28.6,14.3,20.3,0.0,부산,19.614285714285717,21.616666666666667,2022-10
2022-10-02,25.5,16.1,20.9,0.0,부산,19.957142857142856,21.60666666666667,2022-10
2022-10-03,26.2,21.9,23.9,3.7,부산,20.642857142857142,21.65666666666667,2022-10
2022-10-04,24.9,16.7,22.1,4.8,부산,20.957142857142856,21.55666666666667,2022-10
2022-10-05,19.1,15.9,17.0,0.7,부산,20.485714285714288,21.25333333333333,2022-10
2022-10-06,19.6,15.6,17.1,2.7,부산,20.12857142857143,21.013333333333332,2022-10
2022-10-07,21.0,14.4,16.4,2.2,부산,19.67142857142857,20.85,2022-10
2022-10-08,19.2,13.4,15.9,0.0,부산,19.04285714285714,20.67666666666667,2022-10
2022-10-09,18.0,14.4,15.8,4.5,부산,18.314285714285713,20.48,2022-10
2022-10-10,16.9,10.7,13.8,0.0,부산,16.87142857142857,20.216666666666672,2022-10
2022-10-11,17.5,9.1,12.7,0.0,부산,15.528571428571428,19.866666666666667,2022-10
2022-10-12,19.9,6.8,14.0,0.0,부산,15.1,19.57,2022-10
2022-10-13,20.8,12.7,16.5,0.0,부산,15.014285714285714,19.34333333333333,2022-10
2022-10-14,21.3,12.3,16.2,0.0,부산,14.985714285714286,19.1,2022-10
2022-10-15,22.4,12.5,17.1,0.0,부산,15.157142857142857,18.89,2022-10
2022-10-16,23.7,13.4,18.1,0.0,부산,15.485714285714286,18.676666666666666,2022-10
2022-10-17,21.0,9.7,15.4,0.0,부산,15.714285714285714,18.37,2022-10
2022-10-18,17.0,6.3,11.0,0.0,부산,15.471428571428572,17.886666666666667,2022-10
2022-10-19,17.2,5.7,10.5,0.0,부산,14.971428571428572,17.466666666666672,2022-10
2022-10-20,19.6,4.5,12.2,0.0,부산,14.357142857142858,17.25,2022-10
2022-10-21,20.6,7.9,14.6,0.0,부산,14.12857142857143,17.163333333333334,2022-10
2022-10-22,23.1,13.0,17.1,0.1,부산,14.12857142857143,17.123333333333335,2022-10
2022-10-23,21.3,9.7,15.2,0.0,부산,13.714285714285714,16.96,2022-10
2022-10-24,17.1,8.2,12.4,0.0,부산,13.285714285714286,16.773333333333333,2022-10
2022-10-25,16.9,7.1,11.9,0.0,부산,13.414285714285715,16.553333333333335,2022-10
2022-10-26,18.0,7.5,13.0,0.0,부산,13.771428571428572,16.35,2022-10
2022-10-27,21.3,8.9,15.0,0.0,부산,14.171428571428573,16.186666666666667,2022-10
2022-10-28,20.9,8.8,14.4,0.0,부산,14.142857142857142,15.99,2022-10
2022-10-29,18.1,11.5,14.5,0.1,부산,13.771428571428572,15.82,2022-10
2022-10-30,17.2,11.5,14.0,0.3,부산,13.6,15.633333333333333,2022-10
2022-10-31,18.8,9.6,13.8,0.0,부산,13.8,15.416666666666666,2022-10
2022-11-01,21.6,8.7,14.3,0.0,부산,14.142857142857142,15.196666666666667,2022-11
2022-11-02,20.5,6.4,13.4,0.0,부산,14.200000000000001,14.846666666666668,2022-11
2022-11-03,20.6,6.5,13.2,0.0,부산,13.942857142857141,14.55,2022-11
2022-11-04,14.2,5.5,9.6,0.0,부산,13.257142857142856,14.303333333333335,2022-11
2022-11-05,15.2,2.3,8.0,0.0,부산,12.328571428571427,14.0,2022-11
2022-11-06,16.3,1.7,9.3,0.0,부산,11.657142857142857,13.763333333333334,2022-11
2022-11-07,17.4,3.0,10.0,0.0,부산,11.114285714285714,13.566666666666668,2022-11
2022-11-08,19.3,4.2,11.3,0.0,부산,10.685714285714285,13.416666666666666,2022-11
2022-11-09,18.6,5.4,11.6,0.0,부산,10.428571428571429,13.343333333333334,2022-11
2022-11-10,21.4,4.9,12.6,0.0,부산,10.342857142857143,13.340000000000002,2022-11
2022-11-11,20.4,11.5,15.1,0.0,부산,11.12857142857143,13.376666666666667,2022-11
2022-11-12,21.9,10.6,16.4,5.3,부산,12.328571428571427,13.373333333333335,2022-11
2022-11-13,20.7,12.7,16.7,5.9,부산,13.385714285714286,13.390000000000002,2022-11
2022-11-14,13.6,7.8,11.8,0.0,부산,13.642857142857142,13.213333333333333,2022-11
2022-11-15,13.7,4.8,9.0,0.0,부산,13.314285714285715,12.909999999999998,2022-11
2022-11-16,15.3,3.7,8.9,0.0,부산,12.928571428571429,12.693333333333333,2022-11
2022-11-17,15.1,5.2,9.5,0.0,부산,12.485714285714286,12.643333333333334,2022-11
2022-11-18,17.3,4.4,10.1,0.0,부산,11.771428571428572,12.629999999999999,2022-11
2022-11-19,18.5,9.7,13.2,0.0,부산,11.314285714285715,12.663333333333334,2022-11
2022-11-20,16.5,10.3,13.2,0.0,부산,10.814285714285713,12.616666666666667,2022-11
2022-11-21,18.7,6.5,12.0,0.0,부산,10.842857142857143,12.446666666666665,2022-11
2022-11-22,16.3,8.8,12.2,5.7,부산,11.299999999999999,12.346666666666666,2022-11
2022-11-23,18.0,9.5,12.8,0.0,부산,11.857142857142858,12.360000000000001,2022-11
2022-11-24,15.8,5.8,9.6,0.0,부산,11.87142857142857,12.283333333333331,2022-11
2022-11-25,16.4,3.9,9.9,0.0,부산,11.842857142857143,12.180000000000001,2022-11
2022-11-26,17.0,6.4,10.6,0.0,부산,11.471428571428572,12.033333333333331,2022-11
2022-11-27,15.5,2.3,8.5,0.0,부산,10.799999999999999,11.836666666666666,2022-11
2022-11-28,20.7,9.6,16.0,2.4,부산,11.37142857142857,11.886666666666667,2022-11
2022-11-29,19.0,7.5,14.7,12.4,부산,11.728571428571428,11.91,2022-11
2022-11-30,6.6,-3.3,0.2,0.0,부산,9.928571428571429,11.456666666666667,2022-11
2022-12-01,1.7,-3.8,-1.6,0.0,부산,8.328571428571427,10.926666666666666,2022-12
2022-12-02,4.6,-3.1,-0.1,0.0,부산,6.8999999999999995,10.476666666666667,2022-12
2022-12-03,7.7,-2.5,2.9,0.0,부산,5.799999999999999,10.133333333333333,2022-12
2022-12-04,7.6,0.5,3.6,0.0,부산,5.1,9.933333333333334,2022-12
2022-12-05,5.7,-1.9,0.8,0.0,부산,2.928571428571428,9.693333333333332,2022-12
2022-12-06,6.9,-3.5,1.1,0.0,부산,0.9857142857142858,9.419999999999998,2022-12
2022-12-07,9.7,-0.3,4.5,0.0,부산,1.5999999999999999,9.236666666666666,2022-12
2022-12-08,10.5,-2.5,3.1,0.0,부산,2.2714285714285714,8.963333333333335,2022-12
2022-12-09,12.3,-1.8,4.3,0.0,부산,2.8999999999999995,8.72,2022-12
2022-12-10,12.3,-1.7,5.2,0.2,부산,3.2285714285714286,8.473333333333333,2022-12
2022-12-11,9.1,1.7,4.9,0.0,부산,3.414285714285714,8.133333333333333,2022-12
2022-12-12,12.1,1.0,5.3,2.9,부산,4.057142857142857,7.763333333333334,2022-12
2022-12-13,8.8,-1.4,3.8,0.0,부산,4.442857142857143,7.333333333333333,2022-12
2022-12-14,2.2,-6.1,-2.3,0.0,부산,3.4714285714285715,6.863333333333333,2022-12
2022-12-15,4.1,-6.1,-1.4,0.0,부산,2.8285714285714287,6.516666666666667,2022-12
2022-12-16,3.6,-2.7,0.6,0.0,부산,2.3000000000000003,6.239999999999999,2022-12
2022-12-17,2.8,-4.7,-1.2,0.0,부산,1.385714285714286,5.883333333333334,2022-12
2022-12-18,-0.8,-7.2,-4.7,0.0,부산,0.014285714285714235,5.39,2022-12
2022-12-19,1.9,-7.3,-3.5,0.0,부산,-1.2428571428571427,4.833333333333333,2022-12
2022-12-20,4.8,-5.1,-1.4,0.0,부산,-1.9857142857142858,4.346666666666667,2022-12
2022-12-21,6.2,-2.0,1.5,14.3,부산,-1.4428571428571428,3.9966666666666666,2022-12
2022-12-22,0.9,-5.7,-1.8,0.2,부산,-1.5,3.5300000000000002,2022-12
2022-12-23,-1.7,-7.9,-5.3,0.0,부산,-2.3428571428571425,2.9266666666666667,2022-12
2022-12-24,3.7,-9.9,-4.2,0.0,부산,-2.7714285714285714,2.466666666666667,2022-12
2022-12-25,4.8,-5.0,-1.4,0.0,부산,-2.3000000000000003,2.09,2022-12
2022-12-26,5.5,-3.8,-0.5,0.0,부산,-1.8714285714285717,1.72,2022-12
2022-12-27,7.0,-4.6,-0.0,0.0,부산,-1.6714285714285715,1.4366666666666668,2022-12
2022-12-28,5.8,-2.9,0.1,0.0,부산,-1.8714285714285717,0.9066666666666666,2022-12
2022-12-29,4.7,-3.9,-0.7,0.0,부산,-1.7142857142857142,0.3933333333333334,2022-12
2022-12-30,4.7,-5.0,-0.8,0.0,부산,-1.0714285714285714,0.3600000000000001,2022-12
2022-12-31,6.0,-3.4,0.0,0.0,부산,-0.4714285714285714,0.4133333333333334,2022-12
2023-01-01,7.3,-4.9,0.4,0.0,부산,-0.21428571428571427,0.43000000000000005,2023-01
2023-01-02,3.9,-3.7,-0.2,0.0,부산,-0.17142857142857143,0.32666666666666677,2023-01
2023-01-03,4.2,-4.6,-1.2,0.0,부산,-0.34285714285714286,0.16666666666666677,2023-01
2023-01-04,6.5,-4.1,-0.3,0.0,부산,-0.39999999999999997,0.1300000000000001,2023-01
2023-01-05,7.2,-4.8,0.4,0.0,부산,-0.24285714285714283,0.10666666666666674,2023-01
2023-01-06,7.9,-3.3,1.7,0.0,부산,0.11428571428571431,0.013333333333333412,2023-01
2023-01-07,7.9,-1.0,3.1,0.0,부산,0.5571428571428572,0.01333333333333342,2023-01
2023-01-08,8.9,-3.0,1.8,0.0,부산,0.7571428571428572,-0.06999999999999992,2023-01
2023-01-09,12.7,-0.5,4.5,0.0,부산,1.4285714285714286,-0.09333333333333327,2023-01
2023-01-10,10.0,-1.3,3.7,0.0,부산,2.1285714285714286,-0.13333333333333328,2023-01
2023-01-11,11.1,-1.6,4.4,0.0,부산,2.8000000000000003,-0.16333333333333322,2023-01
2023-01-12,14.0,-2.3,6.2,1.1,부산,3.628571428571429,-0.08333333333333325,2023-01
2023-01-13,15.1,11.8,13.6,61.0,부산,5.328571428571428,0.4466666666666667,2023-01
2023-01-14,12.5,7.4,9.9,1.4,부산,6.3,0.8233333333333335,2023-01
2023-01-15,7.8,0.6,5.5,3.1,부산,6.828571428571429,0.9866666666666667,2023-01
2023-01-16,4.6,-3.4,-0.6,0.0,부산,6.1000000000000005,1.0066666666666668,2023-01
2023-01-17,4.3,-5.1,-1.0,0.0,부산,5.428571428571429,1.13,2023-01
2023-01-18,5.2,-2.8,0.4,0.0,부산,4.857142857142857,1.26,2023-01
2023-01-19,4.8,-5.0,-0.4,0.0,부산,3.9142857142857146,1.2933333333333334,2023-01
2023-01-20,5.6,-3.4,0.8,0.0,부산,2.085714285714286,1.2700000000000002,2023-01
2023-01-21,3.5,-6.4,-2.3,0.0,부산,0.34285714285714314,1.2533333333333334,2023-01
2023-01-22,6.3,-5.0,0.4,0.2,부산,-0.3857142857142854,1.4433333333333331,2023-01
2023-01-23,9.4,-3.0,2.8,0.0,부산,0.10000000000000028,1.6766666666666667,2023-01
2023-01-24,1.3,-10.5,-6.1,0.0,부산,-0.6285714285714282,1.52,2023-01
2023-01-25,-2.0,-13.6,-8.5,0.0,부산,-1.8999999999999997,1.2533333333333334,2023-01
2023-01-26,5.0,-8.9,-2.4,0.0,부산,-2.1857142857142855,1.1733333333333333,2023-01
2023-01-27,0.8,-5.8,-2.5,0.1,부산,-2.657142857142857,1.0866666666666667,2023-01
2023-01-28,1.0,-8.6,-4.4,0.0,부산,-2.9571428571428564,0.9633333333333334,2023-01
2023-01-29,4.6,-5.1,-0.9,0.0,부산,-3.142857142857143,0.9600000000000002,2023-01
2023-01-30,4.9,-3.7,-0.1,0.0,부산,-3.557142857142857,0.9566666666666668,2023-01
2023-01-31,7.3,-6.2,0.6,0.0,부산,-2.6,0.9633333333333334,2023-01
2023-02-01,13.0,0.6,5.1,0.0,부산,-0.6571428571428571,1.1400000000000001,2023-02
2023-02-02,7.5,-3.8,1.4,0.0,부산,-0.11428571428571425,1.2266666666666666,2023-02
2023-02-03,8.0,-1.5,2.2,0.0,부산,0.5571428571428572,1.31,2023-02
2023-02-04,6.1,-3.6,0.6,0.0,부산,1.2714285714285716,1.3166666666666669,2023-02
2023-02-05,8.5,-5.3,0.7,0.0,부산,1.5000000000000002,1.2833333333333334,2023-02
2023-02-06,9.6,-5.1,2.5,0.0,부산,1.8714285714285717,1.2633333333333332,2023-02
2023-02-07,12.5,1.7,6.4,0.0,부산,2.7,1.4166666666666667,2023-02
2023-02-08,11.7,-0.1,5.0,0.0,부산,2.685714285714286,1.4333333333333333,2023-02
2023-02-09,10.0,-0.5,5.1,2.0,부산,3.214285714285715,1.48,2023-02
2023-02-10,10.7,0.6,6.0,22.3,부산,3.757142857142857,1.5333333333333334,2023-02
2023-02-11,10.2,-2.4,3.8,0.0,부산,4.214285714285714,1.4533333333333334,2023-02
2023-02-12,12.2,-2.1,4.8,1.9,부산,4.8,1.16,2023-02
2023-02-13,8.0,3.2,6.4,2.8,부산,5.357142857142857,1.0433333333333334,2023-02
2023-02-14,10.2,1.6,4.9,0.0,부산,5.142857142857143,1.0233333333333334,2023-02
2023-02-15,4.9,1.6,2.9,0.0,부산,4.8428571428571425,1.1400000000000001,2023-02
2023-02-16,8.2,1.7,4.5,0.0,부산,4.757142857142857,1.3233333333333335,2023-02
2023-02-17,10.3,-1.8,4.5,0.7,부산,4.542857142857143,1.4600000000000002,2023-02
2023-02-18,14.4,5.3,8.8,4.9,부산,5.257142857142858,1.7666666666666666,2023-02
2023-02-19,10.9,2.3,8.0,2.3,부산,5.714285714285714,2.006666666666667,2023-02
2023-02-20,8.2,-3.3,1.8,0.0,부산,5.057142857142857,2.143333333333333,2023-02
2023-02-21,5.9,-5.3,0.2,0.0,부산,4.385714285714286,2.136666666666667,2023-02
2023-02-22,8.6,-2.5,3.6,0.0,부산,4.485714285714286,2.1633333333333336,2023-02
2023-02-23,12.3,3.3,6.9,1.6,부산,4.828571428571428,2.5966666666666667,2023-02
2023-02-24,12.6,3.6,7.0,0.0,부산,5.185714285714285,3.1133333333333337,2023-02
2023-02-25,8.7,-2.8,3.0,0.0,부산,4.357142857142857,3.2933333333333334,2023-02
2023-02-26,9.6,-4.6,2.6,0.0,부산,3.585714285714286,3.4633333333333334,2023-02
2023-02-27,12.4,-4.0,4.2,0.0,부산,3.9285714285714284,3.75,2023-02
2023-02-28,13.0,0.5,6.8,0.0,부산,4.871428571428572,4.006666666666667,2023-02
2023-03-01,10.8,4.4,7.7,2.9,부산,5.457142857142857,4.266666666666667,2023-03
2023-03-02,8.1,-1.5,3.3,0.0,부산,4.942857142857143,4.3566666666666665,2023-03
2023-03-03,12.5,-3.0,4.0,0.0,부산,4.514285714285714,4.319999999999999,2023-03
2023-03-04,14.8,-1.6,6.6,0.0,부산,5.028571428571429,4.493333333333333,2023-03
2023-03-05,13.8,2.5,8.3,0.0,부산,5.842857142857143,4.696666666666667,2023-03
2023-03-06,16.0,1.8,8.7,0.0,부산,6.485714285714286,4.966666666666667,2023-03
2023-03-07,17.4,2.4,9.8,0.0,부산,6.9142857142857155,5.27,2023-03
2023-03-08,17.3,5.7,11.5,0.0,부산,7.457142857142857,5.569999999999999,2023-03
2023-03-09,19.3,9.3,14.2,0.5,부산,9.014285714285714,5.829999999999999,2023-03
2023-03-10,18.9,7.1,12.7,0.0,부산,10.257142857142856,6.086666666666667,2023-03
2023-03-11,21.8,7.3,13.6,0.0,부산,11.257142857142858,6.37,2023-03
2023-03-12,18.0,4.1,12.4,9.1,부산,11.842857142857142,6.583333333333333,2023-03
2023-03-13,10.3,-1.6,4.0,0.0,부산,11.171428571428569,6.590000000000001,2023-03
2023-03-14,12.7,0.8,7.3,0.0,부산,10.814285714285713,6.673333333333333,2023-03
2023-03-15,16.4,6.4,11.9,3.9,부산,10.87142857142857,6.8566666666666665,2023-03
2023-03-16,16.0,5.4,10.4,0.0,부산,10.328571428571427,7.04,2023-03
2023-03-17,12.9,6.3,8.9,0.2,부산,9.785714285714286,7.24,2023-03
2023-03-18,15.3,6.8,10.0,0.0,부산,9.271428571428572,7.423333333333334,2023-03
2023-03-19,16.7,2.2,9.4,0.0,부산,8.842857142857143,7.586666666666668,2023-03
2023-03-20,16.4,4.4,10.4,0.0,부산,9.757142857142858,7.64,2023-03
2023-03-21,17.7,7.9,12.4,0.4,부산,10.485714285714286,7.786666666666666,2023-03
2023-03-22,19.7,10.9,14.9,7.6,부산,10.914285714285715,8.223333333333333,2023-03
2023-03-23,16.2,13.4,14.7,36.6,부산,11.528571428571427,8.706666666666667,2023-03
2023-03-24,13.5,9.1,11.9,5.0,부산,11.957142857142857,8.983333333333333,2023-03
2023-03-25,14.8,8.2,10.4,1.0,부산,12.014285714285716,9.1,2023-03
2023-03-26,15.5,8.0,10.5,2.3,부산,12.171428571428573,9.216666666666667,2023-03
2023-03-27,15.5,4.1,9.5,0.0,부산,12.042857142857144,9.433333333333334,2023-03
2023-03-28,16.1,2.0,9.6,0.0,부산,11.642857142857142,9.666666666666666,2023-03
2023-03-29,17.0,4.3,11.1,0.0,부산,11.099999999999998,9.896666666666667,2023-03
2023-03-30,20.5,6.1,13.0,0.0,부산,10.857142857142858,10.103333333333332,2023-03
2023-03-31,23.0,8.7,14.9,0.0,부산,11.285714285714286,10.343333333333334,2023-03
2023-04-01,19.4,7.9,13.5,0.0,부산,11.72857142857143,10.683333333333334,2023-04
2023-04-02,18.5,9.1,13.3,0.0,부산,12.12857142857143,10.993333333333332,2023-04
2023-04-03,17.6,9.6,12.9,0.0,부산,12.614285714285716,11.203333333333335,2023-04
2023-04-04,18.6,9.6,14.3,1.1,부산,13.285714285714286,11.403333333333334,2023-04
2023-04-05,15.8,14.0,14.8,46.4,부산,13.814285714285715,11.606666666666667,2023-04
2023-04-06,15.3,8.2,11.9,0.4,부산,13.657142857142858,11.676666666666668,2023-04
2023-04-07,18.6,8.3,12.5,9.1,부산,13.314285714285715,11.71,2023-04
2023-04-08,15.1,2.4,8.8,0.0,부산,12.642857142857142,11.530000000000001,2023-04
2023-04-09,16.7,1.7,9.6,0.0,부산,12.114285714285714,11.426666666666668,2023-04
2023-04-10,16.9,5.4,11.6,0.0,부산,11.92857142857143,11.360000000000001,2023-04
2023-04-11,20.7,11.8,16.2,0.2,부산,12.200000000000001,11.486666666666668,2023-04
2023-04-12,18.5,8.0,13.2,0.0,부산,11.971428571428572,11.793333333333333,2023-04
2023-04-13,19.8,5.4,12.8,0.0,부산,12.099999999999998,11.976666666666667,2023-04
2023-04-14,17.7,8.7,13.2,4.4,부산,12.2,12.02,2023-04
2023-04-15,16.2,9.9,13.2,2.8,부산,12.828571428571427,12.113333333333333,2023-04
2023-04-16,15.8,6.8,10.8,2.7,부산,13.0,12.176666666666668,2023-04
2023-04-17,17.4,4.5,11.2,0.0,부산,12.942857142857141,12.216666666666667,2023-04
2023-04-18,19.4,10.2,15.7,5.9,부산,12.871428571428572,12.426666666666668,2023-04
2023-04-19,18.6,14.7,16.6,2.8,부산,13.357142857142858,12.633333333333333,2023-04
2023-04-20,26.3,13.5,18.8,0.0,부산,14.214285714285714,12.846666666666666,2023-04
2023-04-21,18.2,11.4,15.8,0.0,부산,14.585714285714287,12.876666666666667,2023-04
2023-04-22,15.4,10.7,12.6,0.0,부산,14.5,12.806666666666668,2023-04
2023-04-23,15.7,9.0,11.9,0.0,부산,14.657142857142858,12.806666666666667,2023-04
2023-04-24,14.0,10.6,12.2,0.0,부산,14.799999999999999,12.866666666666667,2023-04
2023-04-25,12.0,9.3,10.6,14.9,부산,14.071428571428571,12.870000000000001,2023-04
2023-04-26,18.7,6.8,12.2,0.1,부산,13.442857142857145,12.96,2023-04
2023-04-27,17.8,6.0,12.5,0.0,부산,12.542857142857144,13.056666666666667,2023-04
2023-04-28,19.2,8.0,14.6,0.3,부산,12.37142857142857,13.173333333333336,2023-04
2023-04-29,20.2,12.7,16.7,20.7,부산,12.957142857142857,13.296666666666669,2023-04
2023-04-30,19.2,7.8,13.7,0.0,부산,13.214285714285714,13.256666666666666,2023-04
2023-05-01,21.4,9.1,14.8,0.0,부산,13.585714285714287,13.3,2023-05
2023-05-02,20.9,8.6,15.0,0.0,부산,14.214285714285714,13.356666666666667,2023-05
2023-05-03,19.5,11.3,15.7,0.4,부산,14.714285714285714,13.45,2023-05
2023-05-04,20.4,13.6,16.8,6.6,부산,15.328571428571427,13.533333333333333,2023-05
2023-05-05,20.0,16.1,18.0,57.0,부산,15.814285714285715,13.640000000000002,2023-05
2023-05-06,18.8,11.5,15.4,47.3,부산,15.628571428571428,13.756666666666666,2023-05
2023-05-07,13.4,10.1,11.8,10.6,부산,15.357142857142858,13.733333333333333,2023-05
2023-05-08,18.1,6.9,12.5,0.0,부산,15.028571428571428,13.856666666666666,2023-05
2023-05-09,23.1,7.1,14.9,0.0,부산,15.014285714285714,14.033333333333333,2023-05
2023-05-10,23.7,10.2,16.6,0.0,부산,15.142857142857144,14.2,2023-05
2023-05-11,20.3,11.9,15.8,0.0,부산,15.0,14.186666666666667,2023-05
2023-05-12,20.9,10.7,16.1,0.7,부산,14.728571428571428,14.283333333333333,2023-05
2023-05-13,16.4,13.0,14.9,15.8,부산,14.657142857142858,14.353333333333333,2023-05
2023-05-14,21.3,10.1,16.4,0.0,부산,15.314285714285713,14.46,2023-05
2023-05-15,23.6,12.0,17.9,0.0,부산,16.085714285714285,14.616666666666667,2023-05
2023-05-16,25.1,13.4,18.8,0.0,부산,16.642857142857142,14.883333333333333,2023-05
2023-05-17,24.7,13.2,19.7,0.0,부산,17.085714285714285,15.166666666666666,2023-05
2023-05-18,20.5,15.6,18.2,21.4,부산,17.428571428571427,15.25,2023-05
2023-05-19,21.8,15.3,17.8,8.1,부산,17.67142857142857,15.290000000000001,2023-05
2023-05-20,22.5,12.7,17.2,0.0,부산,18.0,15.236666666666668,2023-05
2023-05-21,25.8,13.9,20.0,0.0,부산,18.514285714285712,15.376666666666667,2023-05
2023-05-22,21.9,14.4,17.0,3.7,부산,18.385714285714283,15.523333333333335,2023-05
2023-05-23,22.3,10.7,16.4,0.0,부산,18.04285714285714,15.673333333333334,2023-05
2023-05-24,21.6,11.6,16.8,0.0,부산,17.62857142857143,15.826666666666666,2023-05
2023-05-25,22.0,13.2,17.9,0.0,부산,17.585714285714285,16.07,2023-05
2023-05-26,22.3,15.3,18.9,1.2,부산,17.74285714285714,16.293333333333333,2023-05
2023-05-27,24.4,16.6,20.5,1.6,부산,18.214285714285715,16.56,2023-05
2023-05-28,21.2,18.2,20.0,7.1,부산,18.214285714285715,16.740000000000002,2023-05
2023-05-29,22.8,18.7,20.6,60.9,부산,18.728571428571428,16.869999999999997,2023-05
2023-05-30,21.3,17.0,18.7,17.3,부산,19.057142857142857,17.036666666666665,2023-05
2023-05-31,22.3,15.6,18.5,0.0,부산,19.3,17.16,2023-05
2023-06-01,20.2,14.3,17.6,64.2,부산,19.25714285714286,17.246666666666666,2023-06
2023-06-02,29.4,17.6,22.1,6.4,부산,19.714285714285715,17.459999999999997,2023-06
2023-06-03,24.3,15.4,20.0,0.0,부산,19.642857142857142,17.566666666666666,2023-06
2023-06-04,26.8,15.8,20.7,0.0,부산,19.74285714285714,17.656666666666663,2023-06
2023-06-05,26.1,17.0,21.4,0.0,부산,19.857142857142858,17.85666666666667,2023-06
2023-06-06,22.0,17.2,19.2,0.2,부산,19.928571428571427,18.103333333333335,2023-06
2023-06-07,25.2,15.4,20.2,0.0,부산,20.17142857142857,18.360000000000003,2023-06
2023-06-08,22.8,17.5,19.7,0.2,부산,20.47142857142857,18.519999999999996,2023-06
2023-06-09,25.8,16.3,20.5,0.0,부산,20.24285714285714,18.65,2023-06
2023-06-10,25.2,17.1,21.1,0.0,부산,20.4,18.826666666666664,2023-06
2023-06-11,24.6,18.0,21.2,3.7,부산,20.47142857142857,18.996666666666666,2023-06
2023-06-12,25.8,19.0,21.6,2.3,부산,20.5,19.220000000000002,2023-06
2023-06-13,25.1,18.4,21.5,2.0,부산,20.82857142857143,19.39,2023-06
2023-06-14,25.2,18.1,21.6,9.5,부산,21.028571428571432,19.513333333333332,2023-06
2023-06-15,24.3,15.6,19.8,11.9,부산,21.042857142857144,19.546666666666667,2023-06
2023-06-16,28.5,16.6,22.5,0.0,부산,21.32857142857143,19.64,2023-06
2023-06-17,28.0,18.2,23.2,0.0,부산,21.62857142857143,19.806666666666665,2023-06
2023-06-18,30.9,19.7,24.5,0.0,부산,22.099999999999998,20.029999999999998,2023-06
2023-06-19,29.0,19.2,23.4,0.0,부산,22.357142857142858,20.236666666666668,2023-06
2023-06-20,27.0,18.6,22.1,0.4,부산,22.442857142857143,20.306666666666665,2023-06
2023-06-21,23.8,20.4,21.7,31.5,부산,22.45714285714286,20.46333333333333,2023-06
2023-06-22,26.0,19.9,22.5,2.5,부산,22.842857142857145,20.666666666666668,2023-06
2023-06-23,26.3,19.4,22.3,0.4,부산,22.814285714285713,20.85,2023-06
2023-06-24,26.3,18.9,21.7,0.0,부산,22.6,20.976666666666667,2023-06
2023-06-25,24.5,18.4,21.3,36.5,부산,22.142857142857142,21.056666666666665,2023-06
2023-06-26,24.8,20.8,22.9,24.7,부산,22.071428571428573,21.136666666666667,2023-06
2023-06-27,25.5,21.9,23.5,15.5,부산,22.271428571428572,21.253333333333334,2023-06
2023-06-28,27.2,20.3,23.2,63.4,부산,22.485714285714284,21.339999999999996,2023-06
2023-06-29,26.0,22.4,23.8,6.9,부산,22.67142857142857,21.51,2023-06
2023-06-30,25.6,21.9,23.4,15.9,부산,22.82857142857143,21.673333333333336,2023-06
2023-07-01,25.6,20.8,22.7,1.6,부산,22.971428571428568,21.84333333333333,2023-07
2023-07-02,28.9,19.9,23.8,0.0,부산,23.32857142857143,21.9,2023-07
2023-07-03,26.9,22.4,24.3,0.4,부산,23.52857142857143,22.043333333333333,2023-07
2023-07-04,26.9,20.8,23.3,14.2,부산,23.5,22.130000000000003,2023-07
2023-07-05,31.5,22.7,26.0,38.1,부산,23.900000000000002,22.283333333333335,2023-07
2023-07-06,28.9,19.6,23.9,0.0,부산,23.914285714285715,22.44,2023-07
2023-07-07,25.4,19.3,22.9,20.6,부산,23.842857142857138,22.529999999999998,2023-07
2023-07-08,25.9,20.3,22.9,20.2,부산,23.87142857142857,22.636666666666667,2023-07
2023-07-09,28.2,21.7,24.5,1.6,부산,23.971428571428568,22.77,2023-07
2023-07-10,27.2,22.3,24.8,1.3,부산,24.042857142857144,22.893333333333334,2023-07
2023-07-11,26.0,22.7,24.0,6.4,부산,24.142857142857142,22.986666666666668,2023-07
2023-07-12,27.5,22.0,24.0,122.5,부산,23.857142857142858,23.066666666666666,2023-07
2023-07-13,25.9,22.7,24.3,20.3,부산,23.91428571428571,23.16,2023-07
2023-07-14,26.0,23.6,24.9,21.8,부산,24.2,23.27,2023-07
2023-07-15,29.0,23.7,26.1,6.9,부산,24.657142857142862,23.48,2023-07
2023-07-16,29.1,22.7,24.7,38.2,부산,24.685714285714287,23.553333333333335,2023-07
2023-07-17,29.0,23.2,25.9,7.7,부산,24.842857142857145,23.643333333333334,2023-07
2023-07-18,26.3,23.1,24.3,65.6,부산,24.885714285714283,23.636666666666667,2023-07
2023-07-19,27.3,22.0,24.0,7.5,부산,24.885714285714283,23.656666666666663,2023-07
2023-07-20,29.1,21.1,24.4,0.3,부산,24.9,23.733333333333334,2023-07
2023-07-21,28.5,21.6,24.7,0.0,부산,24.87142857142857,23.833333333333332,2023-07
2023-07-22,28.2,21.6,24.6,0.7,부산,24.657142857142862,23.903333333333332,2023-07
2023-07-23,27.9,24.2,25.8,7.8,부산,24.814285714285713,24.02,2023-07
2023-07-24,28.0,24.2,25.7,5.8,부산,24.785714285714285,24.153333333333332,2023-07
2023-07-25,28.7,23.9,25.9,3.7,부산,25.014285714285712,24.30666666666667,2023-07
2023-07-26,29.8,23.7,26.3,2.7,부산,25.342857142857145,24.419999999999998,2023-07
2023-07-27,32.1,23.2,27.7,0.0,부산,25.814285714285713,24.56,2023-07
2023-07-28,32.2,25.0,28.5,0.1,부산,26.357142857142858,24.736666666666668,2023-07
2023-07-29,33.4,24.5,28.8,0.0,부산,26.957142857142856,24.90333333333333,2023-07
2023-07-30,31.6,25.0,28.1,0.0,부산,27.285714285714285,25.06,2023-07
2023-07-31,33.0,24.2,28.3,0.8,부산,27.657142857142855,25.24666666666667,2023-07
2023-08-01,32.3,24.3,28.2,0.0,부산,27.985714285714288,25.39333333333333,2023-08
2023-08-02,33.0,24.4,28.7,0.0,부산,28.32857142857143,25.540000000000003,2023-08
2023-08-03,33.8,24.9,29.5,0.0,부산,28.58571428571429,25.746666666666666,2023-08
2023-08-04,34.2,25.6,29.6,0.0,부산,28.742857142857144,25.866666666666667,2023-08
2023-08-05,33.5,25.6,29.6,0.0,부산,28.857142857142858,26.056666666666665,2023-08
2023-08-06,34.0,26.3,29.8,0.1,부산,29.1,26.28666666666667,2023-08
2023-08-07,34.7,26.2,29.6,0.0,부산,29.285714285714285,26.51,2023-08
2023-08-08,33.3,25.3,28.4,0.0,부산,29.314285714285717,26.64,2023-08
2023-08-09,26.6,24.3,25.6,28.2,부산,28.87142857142857,26.666666666666668,2023-08
2023-08-10,26.6,23.6,25.4,115.8,부산,28.285714285714285,26.71333333333333,2023-08
2023-08-11,28.8,23.4,26.0,2.4,부산,27.771428571428572,26.779999999999998,2023-08
2023-08-12,29.6,24.3,26.4,2.4,부산,27.314285714285713,26.85,2023-08
2023-08-13,30.4,21.5,25.6,0.1,부산,26.714285714285715,26.873333333333335,2023-08
2023-08-14,30.7,23.4,26.3,0.6,부산,26.24285714285714,26.88,2023-08
2023-08-15,31.8,22.8,26.6,0.0,부산,25.985714285714288,26.94333333333333,2023-08
2023-08-16,27.8,23.3,25.0,0.9,부산,25.900000000000002,26.913333333333334,2023-08
2023-08-17,27.5,22.6,25.0,0.8,부산,25.842857142857145,26.936666666666667,2023-08
2023-08-18,28.9,23.0,25.5,22.3,부산,25.771428571428572,26.986666666666668,2023-08
2023-08-19,29.6,23.8,26.3,13.1,부산,25.757142857142856,27.05,2023-08
2023-08-20,31.1,24.6,27.4,5.1,부산,26.014285714285712,27.14,2023-08
2023-08-21,30.9,23.3,27.1,0.1,부산,26.12857142857143,27.223333333333333,2023-08
2023-08-22,30.2,24.0,27.1,1.9,부산,26.199999999999996,27.266666666666666,2023-08
2023-08-23,30.6,24.9,27.4,2.5,부산,26.54285714285714,27.32333333333333,2023-08
2023-08-24,27.6,23.5,24.9,61.3,부산,26.52857142857143,27.290000000000003,2023-08
2023-08-25,30.2,22.5,26.3,0.8,부산,26.642857142857142,27.290000000000003,2023-08
2023-08-26,29.9,22.5,26.0,0.1,부산,26.6,27.233333333333334,2023-08
2023-08-27,30.3,22.7,25.6,0.2,부산,26.342857142857145,27.136666666666667,2023-08
2023-08-28,28.9,23.5,25.9,1.1,부산,26.171428571428574,27.040000000000003,2023-08
2023-08-29,28.1,24.5,25.9,17.3,부산,26.0,26.966666666666665,2023-08
2023-08-30,27.8,23.8,25.9,7.1,부산,25.785714285714285,26.886666666666663,2023-08
2023-08-31,28.0,23.9,25.3,11.6,부산,25.842857142857145,26.790000000000003,2023-08
2023-09-01,26.6,22.5,24.1,83.4,부산,25.52857142857143,26.636666666666667,2023-09
2023-09-02,28.3,22.3,24.3,29.6,부산,25.285714285714285,26.46333333333333,2023-09
2023-09-03,29.3,22.1,25.2,1.4,부산,25.228571428571428,26.316666666666666,2023-09
2023-09-04,29.2,22.7,25.7,0.9,부산,25.199999999999996,26.186666666666667,2023-09
2023-09-05,29.0,22.1,25.2,0.0,부산,25.1,26.033333333333335,2023-09
2023-09-06,28.3,22.1,24.9,0.8,부산,24.957142857142856,25.876666666666665,2023-09
2023-09-07,28.4,20.5,23.7,0.2,부산,24.728571428571428,25.720000000000002,2023-09
2023-09-08,26.9,20.0,23.0,0.0,부산,24.571428571428573,25.633333333333333,2023-09
2023-09-09,27.2,16.8,22.0,0.0,부산,24.24285714285714,25.52,2023-09
2023-09-10,27.8,18.3,22.9,0.3,부산,23.914285714285715,25.416666666666668,2023-09
2023-09-11,27.9,20.0,23.8,3.0,부산,23.642857142857142,25.33,2023-09
2023-09-12,28.2,21.0,24.4,0.8,부산,23.52857142857143,25.29,2023-09
2023-09-13,26.7,21.1,23.8,2.9,부산,23.371428571428574,25.206666666666667,2023-09
2023-09-14,25.2,21.7,22.9,7.3,부산,23.257142857142856,25.083333333333332,2023-09
2023-09-15,27.5,21.7,24.3,7.4,부산,23.442857142857143,25.06,2023-09
2023-09-16,25.9,21.8,23.8,10.0,부산,23.7,25.02,2023-09
2023-09-17,26.1,22.7,24.0,14.9,부산,23.857142857142858,24.970000000000002,2023-09
2023-09-18,28.1,20.7,24.2,1.6,부산,23.914285714285715,24.9,2023-09
2023-09-19,29.1,20.6,24.1,0.0,부산,23.87142857142857,24.79,2023-09
2023-09-20,25.4,19.3,22.6,22.9,부산,23.699999999999996,24.64,2023-09
2023-09-21,24.7,18.6,21.2,13.6,부산,23.45714285714286,24.443333333333335,2023-09
2023-09-22,24.2,18.3,20.6,0.4,부산,22.928571428571427,24.216666666666665,2023-09
2023-09-23,24.8,15.3,20.1,0.0,부산,22.4,24.056666666666665,2023-09
2023-09-24,24.5,18.9,21.2,0.0,부산,22.0,23.886666666666667,2023-09
2023-09-25,25.4,19.4,21.9,0.8,부산,21.67142857142857,23.75,2023-09
2023-09-26,24.8,19.6,22.2,4.3,부산,21.400000000000002,23.636666666666667,2023-09
2023-09-27,26.7,19.9,23.5,0.5,부산,21.52857142857143,23.55666666666667,2023-09
2023-09-28,27.7,19.6,23.3,0.0,부산,21.82857142857143,23.470000000000002,2023-09
2023-09-29,27.2,16.3,21.3,1.1,부산,21.928571428571427,23.316666666666666,2023-09
2023-09-30,21.5,16.4,18.8,5.1,부산,21.74285714285714,23.1,2023-09
2023-10-01,23.4,14.5,18.4,0.0,부산,21.342857142857145,22.91,2023-10
2023-10-02,23.6,12.9,17.4,0.0,부산,20.7,22.68,2023-10
2023-10-03,22.7,15.7,18.4,0.0,부산,20.157142857142855,22.45333333333333,2023-10
2023-10-04,24.1,12.8,18.1,0.0,부산,19.385714285714283,22.2,2023-10
2023-10-05,19.6,12.4,16.1,0.0,부산,18.357142857142858,21.896666666666665,2023-10
2023-10-06,21.1,8.4,14.9,0.0,부산,17.442857142857143,21.563333333333333,2023-10
2023-10-07,21.0,14.4,17.5,0.8,부산,17.25714285714286,21.356666666666666,2023-10
2023-10-08,21.0,16.0,17.8,3.0,부산,17.17142857142857,21.183333333333334,2023-10
2023-10-09,21.7,16.0,18.5,0.1,부산,17.32857142857143,21.066666666666666,2023-10
2023-10-10,22.5,13.4,17.1,0.0,부산,17.142857142857142,20.87333333333333,2023-10
2023-10-11,21.6,14.0,17.2,0.0,부산,17.014285714285716,20.653333333333332,2023-10
2023-10-12,22.3,11.9,16.6,0.0,부산,17.085714285714285,20.393333333333334,2023-10
2023-10-13,21.9,14.0,17.6,0.0,부산,17.47142857142857,20.186666666666667,2023-10
2023-10-14,22.2,11.6,16.9,0.0,부산,17.38571428571429,19.986666666666668,2023-10
2023-10-15,22.1,11.3,16.0,0.0,부산,17.12857142857143,19.71,2023-10
2023-10-16,21.3,10.9,15.7,0.0,부산,16.728571428571428,19.439999999999998,2023-10
2023-10-17,21.4,8.7,14.9,0.0,부산,16.414285714285715,19.136666666666667,2023-10
2023-10-18,21.8,8.6,15.1,0.0,부산,16.114285714285714,18.833333333333332,2023-10
2023-10-19,22.9,12.5,17.2,0.5,부산,16.2,18.603333333333335,2023-10
2023-10-20,17.7,9.3,14.0,1.3,부산,15.685714285714285,18.316666666666666,2023-10
2023-10-21,17.4,7.1,11.6,0.0,부산,14.928571428571429,17.996666666666666,2023-10
2023-10-22,18.1,5.0,12.2,0.0,부산,14.385714285714286,17.716666666666665,2023-10
2023-10-23,21.0,6.5,13.8,0.0,부산,14.114285714285714,17.506666666666668,2023-10
2023-10-24,20.2,8.1,13.8,0.0,부산,13.957142857142857,17.259999999999998,2023-10
2023-10-25,22.6,8.4,15.1,0.2,부산,13.957142857142857,17.033333333333335,2023-10
2023-10-26,23.3,9.1,15.6,0.0,부산,13.728571428571428,16.813333333333336,2023-10
2023-10-27,20.8,10.9,14.9,0.0,부산,13.857142857142858,16.526666666666667,2023-10
2023-10-28,20.7,7.6,13.8,0.0,부산,14.171428571428573,16.21,2023-10
2023-10-29,20.4,10.1,14.5,0.0,부산,14.5,15.983333333333333,2023-10
2023-10-30,21.4,8.4,14.2,0.0,부산,14.557142857142859,15.830000000000002,2023-10
2023-10-31,22.9,7.6,14.6,0.0,부산,14.671428571428569,15.703333333333335,2023-10
2023-11-01,22.5,8.3,15.6,0.0,부산,14.742857142857144,15.643333333333334,2023-11
2023-11-02,24.9,12.4,17.5,0.0,부산,15.014285714285716,15.613333333333333,2023-11
2023-11-03,23.9,14.3,18.9,0.0,부산,15.585714285714285,15.640000000000002,2023-11
2023-11-04,22.0,16.0,18.6,5.8,부산,16.271428571428572,15.723333333333333,2023-11
2023-11-05,22.2,14.6,18.8,0.3,부산,16.885714285714286,15.853333333333333,2023-11
2023-11-06,21.1,11.5,18.2,16.3,부산,17.45714285714286,15.876666666666667,2023-11
2023-11-07,14.4,6.9,10.6,0.0,부산,16.885714285714286,15.636666666666667,2023-11
2023-11-08,16.8,2.0,9.3,0.0,부산,15.985714285714284,15.330000000000002,2023-11
2023-11-09,20.1,7.5,13.8,0.0,부산,15.457142857142857,15.219999999999999,2023-11
2023-11-10,15.0,5.0,11.3,4.1,부산,14.371428571428572,15.023333333333333,2023-11
2023-11-11,13.7,3.2,7.3,0.0,부산,12.757142857142856,14.713333333333335,2023-11
2023-11-12,8.1,1.7,4.0,0.0,부산,10.642857142857142,14.26,2023-11
2023-11-13,8.9,-0.9,3.4,0.0,부산,8.528571428571428,13.809999999999999,2023-11
2023-11-14,11.7,-0.2,5.0,0.0,부산,7.728571428571429,13.443333333333332,2023-11
2023-11-15,13.3,1.9,6.6,0.0,부산,7.3428571428571425,13.139999999999999,2023-11
2023-11-16,12.8,1.8,7.1,9.7,부산,6.385714285714286,12.88,2023-11
2023-11-17,10.5,1.7,5.3,0.0,부산,5.528571428571428,12.553333333333333,2023-11
2023-11-18,7.7,-1.3,2.9,0.0,부산,4.8999999999999995,12.076666666666666,2023-11
2023-11-19,12.3,-0.2,6.3,0.0,부산,5.228571428571429,11.82,2023-11
2023-11-20,13.8,2.2,7.2,0.0,부산,5.771428571428571,11.673333333333336,2023-11
2023-11-21,14.7,1.2,7.4,0.0,부산,6.114285714285715,11.513333333333332,2023-11
2023-11-22,17.6,3.9,9.9,0.0,부산,6.585714285714286,11.383333333333335,2023-11
2023-11-23,19.3,10.0,13.7,0.0,부산,7.528571428571429,11.38,2023-11
2023-11-24,10.4,-0.5,3.9,0.0,부산,7.328571428571429,11.006666666666666,2023-11
2023-11-25,7.0,-4.5,1.0,0.0,부산,7.057142857142858,10.520000000000001,2023-11
2023-11-26,11.1,-1.8,4.1,0.0,부산,6.742857142857143,10.16,2023-11
2023-11-27,14.9,1.9,8.3,0.0,부산,6.9,9.976666666666667,2023-11
2023-11-28,10.3,1.4,6.1,0.0,부산,6.714285714285714,9.696666666666665,2023-11
2023-11-29,8.6,-1.1,4.4,0.0,부산,5.928571428571429,9.370000000000001,2023-11
2023-11-30,5.8,-4.3,-0.1,0.0,부산,3.957142857142857,8.88,2023-11
2023-12-01,5.6,-3.0,0.1,0.0,부산,3.4142857142857146,8.363333333333333,2023-12
2023-12-02,8.3,-3.2,2.2,0.0,부산,3.585714285714286,7.853333333333334,2023-12
2023-12-03,9.7,-0.9,4.3,0.0,부산,3.6142857142857143,7.366666666666666,2023-12
2023-12-04,11.0,-3.9,3.3,0.0,부산,2.9,6.856666666666667,2023-12
2023-12-05,13.4,1.0,6.2,0.0,부산,2.914285714285714,6.4366666666666665,2023-12
2023-12-06,13.3,-2.0,6.4,0.9,부산,3.1999999999999997,6.043333333333334,2023-12
2023-12-07,11.3,2.9,6.8,0.0,부산,4.185714285714286,5.916666666666668,2023-12
2023-12-08,17.7,3.3,11.1,0.0,부산,5.757142857142857,5.9766666666666675,2023-12
2023-12-09,19.3,9.8,14.0,0.0,부산,7.442857142857142,5.983333333333333,2023-12
2023-12-10,17.9,6.5,11.8,0.0,부산,8.514285714285714,6.0,2023-12
2023-12-11,14.9,12.1,13.7,33.3,부산,10.0,6.213333333333334,2023-12
2023-12-12,13.4,6.7,9.1,2.3,부산,10.414285714285715,6.383333333333334,2023-12
2023-12-13,13.1,4.6,8.6,0.0,부산,10.728571428571428,6.556666666666667,2023-12
2023-12-14,13.8,8.1,10.9,29.4,부산,11.314285714285715,6.753333333333333,2023-12
2023-12-15,16.6,7.5,12.3,30.9,부산,11.485714285714286,6.943333333333333,2023-12
2023-12-16,8.1,-2.4,3.4,0.6,부산,9.971428571428572,6.819999999999999,2023-12
2023-12-17,-1.8,-8.1,-5.0,0.0,부산,7.571428571428571,6.4766666666666675,2023-12
2023-12-18,1.7,-7.4,-3.3,0.1,부산,5.142857142857143,6.2700000000000005,2023-12
2023-12-19,5.3,-4.3,-0.3,0.3,부산,3.8000000000000003,6.05,2023-12
2023-12-20,2.4,-4.9,-1.4,0.0,부산,2.3714285714285714,5.7633333333333345,2023-12
2023-12-21,-2.3,-8.2,-5.7,0.0,부산,1.2688263138573217e-16,5.326666666666667,2023-12
2023-12-22,-3.1,-9.1,-6.3,0.0,부산,-2.6571428571428575,4.786666666666667,2023-12
2023-12-23,1.6,-7.2,-3.9,0.0,부산,-3.6999999999999997,4.2,2023-12
2023-12-24,4.8,-5.8,-1.4,0.1,부산,-3.1857142857142855,4.023333333333334,2023-12
2023-12-25,4.2,-5.2,-1.4,0.0,부산,-2.9142857142857146,3.943333333333334,2023-12
2023-12-26,7.0,-4.1,0.7,0.0,부산,-2.771428571428572,3.83,2023-12
2023-12-27,9.9,-3.9,2.8,0.0,부산,-2.1714285714285717,3.646666666666667,2023-12
2023-12-28,9.9,-3.2,2.6,0.0,부산,-0.9857142857142858,3.5300000000000007,2023-12
2023-12-29,8.5,-4.5,2.0,0.0,부산,0.19999999999999987,3.4500000000000006,2023-12
2023-12-30,10.1,-4.5,3.1,1.5,부산,1.1999999999999997,3.5566666666666666,2023-12
2023-12-31,8.9,2.0,5.4,1.4,부산,2.1714285714285713,3.733333333333334,2023-12
2024-01-01,9.5,-0.3,4.2,0.0,부산,2.971428571428571,3.8,2024-01
2024-01-02,9.9,1.3,4.8,0.0,부산,3.557142857142857,3.8166666666666673,2024-01
2024-01-03,7.3,0.5,3.3,0.6,부산,3.6285714285714286,3.8166666666666673,2024-01
2024-01-04,7.5,-3.8,1.6,0.0,부산,3.4857142857142853,3.6633333333333336,2024-01
2024-01-05,11.3,-1.5,4.0,0.0,부산,3.7714285714285714,3.5833333333333335,2024-01
2024-01-06,7.9,-1.9,2.6,0.0,부산,3.6999999999999997,3.443333333333334,2024-01
2024-01-07,2.7,-4.1,-0.8,0.0,부산,2.814285714285714,3.046666666666667,2024-01
2024-01-08,3.6,-7.5,-2.4,0.0,부산,1.8714285714285712,2.5000000000000004,2024-01
2024-01-09,5.4,-5.6,-0.3,1.5,부산,1.1428571428571428,2.0966666666666667,2024-01
2024-01-10,8.5,-1.0,3.4,5.7,부산,1.157142857142857,1.7533333333333336,2024-01
2024-01-11,8.1,-3.9,1.7,0.0,부산,1.1714285714285713,1.506666666666667,2024-01
2024-01-12,9.3,-3.3,2.5,0.0,부산,0.9571428571428571,1.3033333333333337,2024-01
2024-01-13,6.4,-2.5,0.9,0.0,부산,0.7142857142857143,0.9700000000000004,2024-01
2024-01-14,12.2,-3.8,4.7,0.0,부산,1.5,0.716666666666667,2024-01
2024-01-15,7.5,-4.3,1.6,0.0,부산,2.071428571428571,0.656666666666667,2024-01
2024-01-16,7.5,-6.3,0.5,0.0,부산,2.1857142857142855,0.8400000000000003,2024-01
2024-01-17,8.6,-3.6,2.8,0.3,부산,2.1,1.0433333333333337,2024-01
2024-01-18,11.4,6.9,9.0,16.8,부산,3.142857142857143,1.3533333333333337,2024-01
2024-01-19,7.8,5.7,6.6,0.4,부산,3.7285714285714286,1.6200000000000003,2024-01
2024-01-20,8.3,5.8,7.2,24.8,부산,4.628571428571428,2.0500000000000003,2024-01
2024-01-21,8.6,5.5,6.5,2.2,부산,4.885714285714285,2.476666666666667,2024-01
2024-01-22,5.3,-5.8,-0.4,1.1,부산,4.6,2.5933333333333337,2024-01
2024-01-23,-1.7,-8.9,-6.1,0.0,부산,3.6571428571428575,2.436666666666667,2024-01
2024-01-24,-1.1,-10.0,-5.7,0.0,부산,2.442857142857143,2.293333333333334,2024-01
2024-01-25,2.0,-7.7,-3.6,0.0,부산,0.6428571428571429,2.1500000000000004,2024-01
2024-01-26,6.1,-4.2,-0.4,0.0,부산,-0.35714285714285715,2.043333333333334,2024-01
2024-01-27,7.5,-3.2,0.7,0.0,부산,-1.2857142857142858,1.9800000000000004,2024-01
2024-01-28,6.0,-4.4,0.5,0.0,부산,-2.142857142857143,1.9300000000000004,2024-01
2024-01-29,7.2,-6.1,-0.6,0.0,부산,-2.1714285714285717,1.806666666666667,2024-01
2024-01-30,9.3,-6.6,1.2,0.0,부산,-1.1285714285714288,1.666666666666667,2024-01
2024-01-31,11.3,3.3,6.5,0.1,부산,0.6142857142857142,1.7433333333333334,2024-01
2024-02-01,7.4,4.6,5.8,3.5,부산,1.957142857142857,1.776666666666667,2024-02
2024-02-02,8.1,3.3,5.1,0.2,부산,2.742857142857143,1.836666666666667,2024-02
2024-02-03,8.6,3.9,5.7,3.8,부산,3.4571428571428577,1.9733333333333336,2024-02
2024-02-04,9.2,4.8,6.7,2.5,부산,4.342857142857143,2.0633333333333335,2024-02
2024-02-05,7.0,3.4,5.9,18.8,부산,5.271428571428571,2.173333333333334,2024-02
2024-02-06,7.2,2.3,4.2,0.4,부산,5.700000000000001,2.3400000000000003,2024-02
2024-02-07,7.6,-1.9,2.5,0.0,부산,5.128571428571429,2.5033333333333334,2024-02
2024-02-08,8.6,-3.4,2.4,0.0,부산,4.642857142857143,2.5933333333333337,2024-02
2024-02-09,9.2,-1.3,3.0,0.0,부산,4.342857142857143,2.58,2024-02
2024-02-10,8.6,-2.3,2.3,0.0,부산,3.8571428571428577,2.6,2024-02
2024-02-11,9.1,-3.2,2.2,0.0,부산,3.2142857142857144,2.5900000000000003,2024-02
2024-02-12,9.3,-3.5,2.6,0.0,부산,2.7428571428571433,2.646666666666667,2024-02
2024-02-13,14.9,-0.4,7.0,0.0,부산,3.142857142857143,2.7233333333333336,2024-02
2024-02-14,14.8,6.3,11.1,3.8,부산,4.371428571428572,3.0400000000000005,2024-02
2024-02-15,17.4,3.5,10.3,1.1,부산,5.5,3.366666666666667,2024-02
2024-02-16,8.3,0.2,3.8,0.0,부산,5.614285714285715,3.4,2024-02
2024-02-17,11.5,-3.4,4.2,0.0,부산,5.885714285714285,3.24,2024-02
2024-02-18,14.3,1.3,8.7,10.1,부산,6.814285714285715,3.3100000000000005,2024-02
2024-02-19,20.3,12.4,15.6,43.6,부산,8.671428571428573,3.5900000000000003,2024-02
2024-02-20,11.2,6.7,8.6,5.1,부산,8.9,3.6600000000000006,2024-02
2024-02-21,8.3,5.6,6.9,7.5,부산,8.299999999999999,3.9033333333333338,2024-02
2024-02-22,5.6,2.9,4.1,4.3,부산,7.414285714285714,4.243333333333334,2024-02
2024-02-23,6.1,2.0,3.4,0.3,부산,7.357142857142856,4.546666666666667,2024-02
2024-02-24,6.7,2.1,4.2,0.8,부산,7.357142857142857,4.8066666666666675,2024-02
2024-02-25,8.0,2.9,4.8,2.6,부산,6.799999999999999,4.980000000000001,2024-02
2024-02-26,8.7,0.2,4.1,0.0,부산,5.1571428571428575,5.093333333333334,2024-02
2024-02-27,7.1,1.4,3.7,0.0,부산,4.457142857142856,5.2,2024-02
2024-02-28,10.5,-0.8,4.5,0.0,부산,4.114285714285714,5.37,2024-02
2024-02-29,6.7,3.0,5.0,10.6,부산,4.242857142857142,5.496666666666667,2024-02
2024-03-01,3.7,-3.7,0.5,0.0,부산,3.8285714285714283,5.296666666666667,2024-03
2024-03-02,4.1,-6.8,-1.3,0.0,부산,3.042857142857143,5.0600000000000005,2024-03
2024-03-03,9.4,-1.2,4.4,0.0,부산,2.9857142857142853,5.036666666666666,2024-03
2024-03-04,12.5,-2.2,5.8,0.0,부산,3.2285714285714286,5.040000000000001,2024-03
2024-03-05,8.6,7.1,7.8,12.5,부산,3.814285714285714,5.076666666666667,2024-03
2024-03-06,10.2,4.7,7.1,0.0,부산,4.185714285714286,5.116666666666668,2024-03
2024-03-07,8.5,2.6,5.6,0.9,부산,4.271428571428571,5.163333333333333,2024-03
2024-03-08,8.8,-1.0,3.3,0.0,부산,4.671428571428571,5.1899999999999995,2024-03
2024-03-09,8.1,-3.8,1.9,0.0,부산,5.128571428571428,5.173333333333333,2024-03
2024-03-10,11.0,-3.9,3.6,0.0,부산,5.014285714285714,5.193333333333333,2024-03
2024-03-11,12.1,-0.6,6.0,4.9,부산,5.042857142857143,5.316666666666666,2024-03
2024-03-12,12.8,1.3,6.6,8.0,부산,4.871428571428571,5.463333333333334,2024-03
2024-03-13,12.9,-1.8,5.4,0.0,부산,4.628571428571428,5.556666666666667,2024-03
2024-03-14,15.1,0.3,7.2,0.0,부산,4.857142857142857,5.5633333333333335,2024-03
2024-03-15,17.2,0.2,8.2,0.0,부산,5.557142857142858,5.466666666666667,2024-03
2024-03-16,17.1,1.6,10.0,0.0,부산,6.714285714285714,5.456666666666666,2024-03
2024-03-17,18.8,7.6,12.2,0.0,부산,7.942857142857143,5.736666666666667,2024-03
2024-03-18,12.8,2.6,7.5,0.0,부산,8.157142857142857,5.846666666666667,2024-03
2024-03-19,15.4,4.6,9.7,1.0,부산,8.6,5.88,2024-03
2024-03-20,10.1,1.5,5.2,0.0,부산,8.571428571428571,5.533333333333333,2024-03
2024-03-21,11.1,-1.2,4.8,0.0,부산,8.228571428571428,5.406666666666666,2024-03
2024-03-22,13.2,2.0,9.0,4.7,부산,8.342857142857142,5.4766666666666675,2024-03
2024-03-23,21.8,11.2,15.2,7.7,부산,9.085714285714285,5.846666666666666,2024-03
2024-03-24,11.9,9.7,10.5,4.7,부산,8.842857142857143,6.083333333333333,2024-03
2024-03-25,11.9,8.5,10.2,7.6,부산,9.228571428571428,6.283333333333333,2024-03
2024-03-26,9.7,4.5,7.5,15.5,부산,8.914285714285713,6.373333333333334,2024-03
2024-03-27,13.7,0.6,7.8,0.0,부산,9.285714285714286,6.496666666666667,2024-03
2024-03-28,13.8,9.1,11.6,52.1,부산,10.257142857142856,6.760000000000001,2024-03
2024-03-29,16.4,3.5,11.0,0.0,부산,10.542857142857143,6.9766666666666675,2024-03
2024-03-30,16.8,4.8,11.4,2.1,부산,10.0,7.1899999999999995,2024-03
2024-03-31,16.0,4.7,10.5,0.0,부산,10.0,7.5233333333333325,2024-03
2024-04-01,19.9,4.9,11.9,0.0,부산,10.242857142857142,7.963333333333334,2024-04
2024-04-02,19.4,7.1,13.3,4.3,부산,11.071428571428571,8.26,2024-04
2024-04-03,14.5,10.5,12.6,52.7,부산,11.757142857142856,8.486666666666666,2024-04
2024-04-04,15.1,7.9,11.4,0.0,부산,11.72857142857143,8.606666666666666,2024-04
2024-04-05,15.8,8.0,11.5,0.0,부산,11.8,8.753333333333334,2024-04
2024-04-06,18.7,6.3,12.1,0.0,부산,11.9,8.969999999999999,2024-04
2024-04-07,21.5,7.5,14.2,0.0,부산,12.428571428571429,9.333333333333334,2024-04
2024-04-08,20.6,10.6,15.2,0.9,부산,12.9,9.776666666666667,2024-04
2024-04-09,14.6,7.8,11.4,0.6,부산,12.628571428571428,10.036666666666665,2024-04
2024-04-10,14.8,5.9,10.4,0.0,부산,12.314285714285715,10.183333333333334,2024-04
2024-04-11,18.0,7.5,12.6,0.0,부산,12.485714285714284,10.383333333333333,2024-04
2024-04-12,21.0,7.7,14.6,0.0,부산,12.928571428571429,10.69,2024-04
2024-04-13,23.1,9.8,16.3,0.0,부산,13.528571428571428,10.993333333333334,2024-04
2024-04-14,21.7,10.5,16.5,0.0,부산,13.857142857142858,11.270000000000001,2024-04
2024-04-15,17.9,13.1,15.5,13.3,부산,13.9,11.453333333333335,2024-04
2024-04-16,22.7,12.4,16.2,0.0,부산,14.585714285714287,11.586666666666668,2024-04
2024-04-17,20.2,9.0,14.4,0.0,부산,15.157142857142857,11.816666666666666,2024-04
2024-04-18,22.1,9.3,15.1,0.0,부산,15.514285714285716,11.996666666666668,2024-04
2024-04-19,23.5,9.1,16.0,0.0,부산,15.714285714285714,12.356666666666666,2024-04
2024-04-20,16.8,12.3,14.5,10.0,부산,15.457142857142857,12.680000000000001,2024-04
2024-04-21,16.2,14.1,15.0,2.4,부산,15.242857142857144,12.88,2024-04
2024-04-22,17.4,12.7,14.6,0.0,부산,15.114285714285714,12.859999999999998,2024-04
2024-04-23,16.9,11.8,13.7,11.4,부산,14.757142857142856,12.966666666666667,2024-04
2024-04-24,19.7,10.2,14.1,1.5,부산,14.714285714285714,13.096666666666666,2024-04
2024-04-25,23.4,7.9,14.9,0.0,부산,14.685714285714285,13.343333333333334,2024-04
2024-04-26,18.4,10.8,14.6,0.0,부산,14.485714285714284,13.569999999999999,2024-04
2024-04-27,24.4,9.6,17.1,0.0,부산,14.857142857142858,13.753333333333334,2024-04
2024-04-28,23.0,13.0,17.8,0.0,부산,15.257142857142856,13.98,2024-04
2024-04-29,15.9,13.7,14.3,31.5,부산,15.214285714285714,14.076666666666664,2024-04
2024-04-30,19.9,11.3,15.5,1.1,부산,15.471428571428572,14.243333333333332,2024-04
2024-05-01,14.3,10.3,12.8,0.6,부산,15.285714285714286,14.273333333333333,2024-05
2024-05-02,19.5,8.2,13.1,0.0,부산,15.028571428571428,14.266666666666667,2024-05
2024-05-03,21.1,7.5,14.6,0.0,부산,15.028571428571428,14.333333333333334,2024-05
2024-05-04,22.7,9.2,16.9,0.0,부산,15.0,14.516666666666667,2024-05
2024-05-05,19.3,17.2,17.9,36.6,부산,15.014285714285714,14.729999999999999,2024-05
2024-05-06,20.5,15.1,18.0,27.5,부산,15.542857142857143,14.926666666666668,2024-05
2024-05-07,18.7,11.9,14.7,6.2,부산,15.428571428571429,14.943333333333332,2024-05
2024-05-08,16.4,9.2,12.8,1.9,부산,15.428571428571427,14.863333333333333,2024-05
2024-05-09,19.5,6.4,13.7,0.0,부산,15.514285714285714,14.94,2024-05
2024-05-10,23.6,10.2,16.7,0.0,부산,15.814285714285715,15.15,2024-05
2024-05-11,20.8,13.8,17.7,1.2,부산,15.928571428571429,15.32,2024-05
2024-05-12,23.5,15.7,19.2,14.5,부산,16.114285714285714,15.473333333333333,2024-05
2024-05-13,22.1,11.0,16.2,0.0,부산,15.857142857142858,15.469999999999999,2024-05
2024-05-14,24.6,10.3,17.4,0.0,부산,16.24285714285714,15.5,2024-05
2024-05-15,22.9,11.8,17.3,4.0,부산,16.885714285714286,15.56,2024-05
2024-05-16,20.6,8.2,14.3,1.8,부산,16.97142857142857,15.496666666666666,2024-05
2024-05-17,23.0,9.4,16.4,0.0,부산,16.928571428571427,15.563333333333333,2024-05
2024-05-18,24.4,11.3,17.9,0.0,부산,16.95714285714286,15.656666666666666,2024-05
2024-05-19,28.9,12.0,19.6,0.0,부산,17.014285714285712,15.776666666666666,2024-05
2024-05-20,29.5,13.1,19.7,0.0,부산,17.514285714285712,15.95,2024-05
2024-05-21,21.8,13.8,17.0,0.0,부산,17.457142857142856,16.016666666666666,2024-05
2024-05-22,24.2,11.7,17.7,0.0,부산,17.514285714285712,16.12,2024-05
2024-05-23,27.7,14.4,21.1,0.0,부산,18.485714285714288,16.366666666666667,2024-05
2024-05-24,24.9,15.9,19.7,0.0,부산,18.957142857142856,16.553333333333335,2024-05
2024-05-25,21.4,15.1,17.7,0.0,부산,18.928571428571427,16.64666666666667,2024-05
2024-05-26,23.5,13.4,18.9,8.6,부산,18.82857142857143,16.79,2024-05
2024-05-27,26.5,18.8,21.5,10.7,부산,19.085714285714285,16.936666666666664,2024-05
2024-05-28,23.7,14.5,18.7,0.0,부산,19.32857142857143,16.966666666666665,2024-05
2024-05-29,24.5,10.9,17.8,0.0,부산,19.342857142857145,17.083333333333332,2024-05
2024-05-30,24.6,15.7,19.5,0.0,부산,19.114285714285717,17.216666666666665,2024-05
2024-05-31,26.7,16.6,20.3,0.1,부산,19.2,17.466666666666665,2024-05
2024-06-01,26.7,15.8,20.3,0.2,부산,19.571428571428573,17.706666666666663,2024-06
2024-06-02,24.3,14.3,18.8,1.1,부산,19.557142857142857,17.846666666666668,2024-06
2024-06-03,21.7,14.1,18.0,1.1,부산,19.057142857142857,17.883333333333333,2024-06
2024-06-04,24.1,13.0,18.2,0.0,부산,18.985714285714288,17.89333333333333,2024-06
2024-06-05,24.5,11.9,18.6,0.0,부산,19.099999999999998,17.913333333333334,2024-06
2024-06-06,24.2,15.6,19.8,0.0,부산,19.142857142857142,18.083333333333332,2024-06
2024-06-07,27.0,16.9,21.8,0.0,부산,19.357142857142858,18.383333333333333,2024-06
2024-06-08,23.1,18.4,20.0,25.9,부산,19.314285714285713,18.59333333333333,2024-06
2024-06-09,23.6,18.1,20.7,3.6,부산,19.585714285714285,18.72666666666667,2024-06
2024-06-10,27.4,16.9,21.7,0.0,부산,20.114285714285717,18.86,2024-06
2024-06-11,29.7,16.8,22.7,0.0,부산,20.75714285714286,18.97666666666667,2024-06
2024-06-12,29.1,17.7,23.4,0.0,부산,21.442857142857143,19.216666666666665,2024-06
2024-06-13,30.9,19.6,24.7,0.0,부산,22.142857142857142,19.46,2024-06
2024-06-14,29.0,19.6,24.5,0.0,부산,22.52857142857143,19.7,2024-06
2024-06-15,31.2,20.4,25.4,1.3,부산,23.299999999999994,20.07,2024-06
2024-06-16,32.1,19.2,24.6,1.5,부산,23.857142857142858,20.343333333333337,2024-06
2024-06-17,27.5,18.9,23.1,0.0,부산,24.057142857142857,20.516666666666666,2024-06
2024-06-18,31.7,17.1,24.6,0.1,부산,24.328571428571426,20.683333333333334,2024-06
2024-06-19,32.8,21.1,26.3,0.0,부산,24.742857142857144,20.903333333333332,2024-06
2024-06-20,25.8,19.8,22.8,0.4,부산,24.47142857142857,21.096666666666668,2024-06
2024-06-21,27.8,20.0,23.7,0.0,부산,24.357142857142858,21.29666666666667,2024-06
2024-06-22,23.8,21.8,22.7,55.5,부산,23.97142857142857,21.35,2024-06
2024-06-23,27.8,22.2,24.2,2.1,부산,23.914285714285715,21.5,2024-06
2024-06-24,26.8,20.8,23.4,0.1,부산,23.957142857142856,21.69,2024-06
2024-06-25,27.2,19.8,22.8,0.0,부산,23.7,21.819999999999997,2024-06
2024-06-26,26.2,17.9,22.1,0.0,부산,23.099999999999998,21.839999999999996,2024-06
2024-06-27,24.0,17.4,20.7,7.3,부산,22.8,21.90666666666667,2024-06
2024-06-28,27.4,18.7,22.7,0.6,부산,22.657142857142855,22.069999999999997,2024-06
2024-06-29,25.1,19.8,22.5,99.6,부산,22.62857142857143,22.169999999999998,2024-06
2024-06-30,24.1,22.9,23.5,36.9,부산,22.52857142857143,22.276666666666664,2024-06
2024-07-01,27.7,22.2,24.6,0.6,부산,22.7,22.42,2024-07
2024-07-02,27.1,21.9,23.9,26.5,부산,22.857142857142858,22.589999999999996,2024-07
2024-07-03,28.5,24.0,25.6,1.6,부산,23.357142857142858,22.84333333333333,2024-07
2024-07-04,30.2,22.6,25.6,0.0,부산,24.057142857142853,23.09,2024-07
2024-07-05,29.0,23.3,25.7,0.2,부산,24.485714285714288,23.326666666666668,2024-07
2024-07-06,27.6,23.4,25.2,0.6,부산,24.87142857142857,23.506666666666664,2024-07
2024-07-07,29.3,24.0,25.9,0.1,부산,25.214285714285715,23.64333333333333,2024-07
2024-07-08,27.8,24.1,25.3,0.4,부산,25.314285714285717,23.82,2024-07
2024-07-09,27.8,22.7,24.9,19.6,부산,25.457142857142856,23.959999999999997,2024-07
2024-07-10,27.8,21.8,24.7,27.0,부산,25.32857142857143,24.060000000000002,2024-07
2024-07-11,25.5,21.1,22.9,0.4,부산,24.94285714285714,24.066666666666666,2024-07
2024-07-12,29.1,21.3,24.5,0.3,부산,24.77142857142857,24.103333333333335,2024-07
2024-07-13,26.8,21.1,24.1,0.8,부산,24.614285714285717,24.083333333333332,2024-07
2024-07-14,26.1,21.8,23.6,29.3,부산,24.285714285714285,24.05333333333333,2024-07
2024-07-15,28.2,21.7,23.9,8.7,부산,24.085714285714285,24.003333333333334,2024-07
2024-07-16,25.5,22.1,23.3,21.4,부산,23.857142857142858,23.959999999999997,2024-07
2024-07-17,28.9,23.3,25.4,2.7,부산,23.957142857142856,24.03666666666667,2024-07
2024-07-18,26.3,23.5,24.8,13.2,부산,24.22857142857143,24.043333333333337,2024-07
2024-07-19,27.4,23.3,24.6,32.2,부산,24.242857142857144,23.986666666666665,2024-07
2024-07-20,27.7,22.5,25.5,1.1,부산,24.442857142857143,24.076666666666664,2024-07
2024-07-21,30.7,25.4,27.5,1.7,부산,25.0,24.20333333333333,2024-07
2024-07-22,30.5,25.2,27.3,1.1,부산,25.485714285714288,24.35666666666667,2024-07
2024-07-23,30.0,24.6,27.4,5.8,부산,26.071428571428573,24.46333333333333,2024-07
2024-07-24,28.1,23.4,25.5,16.1,부산,26.085714285714285,24.533333333333335,2024-07
2024-07-25,31.1,24.4,27.5,4.5,부산,26.471428571428568,24.69,2024-07
2024-07-26,31.4,24.0,27.3,3.0,부산,26.857142857142858,24.863333333333333,2024-07
2024-07-27,30.5,25.1,27.8,3.6,부산,27.185714285714287,25.1,2024-07
2024-07-28,31.2,25.7,28.1,1.3,부산,27.271428571428572,25.280000000000005,2024-07
2024-07-29,33.4,25.4,28.3,0.0,부산,27.41428571428571,25.473333333333336,2024-07
2024-07-30,34.5,23.6,28.8,0.0,부산,27.614285714285717,25.65,2024-07
2024-07-31,33.5,25.5,28.9,0.0,부산,28.1,25.793333333333337,2024-07
2024-08-01,32.0,24.8,28.4,0.0,부산,28.22857142857143,25.943333333333335,2024-08
2024-08-02,32.8,25.6,28.9,0.0,부산,28.457142857142856,26.053333333333335,2024-08
2024-08-03,34.8,26.6,30.2,3.5,부산,28.8,26.206666666666667,2024-08
2024-08-04,33.0,26.4,29.0,2.7,부산,28.928571428571427,26.316666666666666,2024-08
2024-08-05,31.7,25.4,28.3,2.3,부산,28.928571428571423,26.42,2024-08
2024-08-06,31.5,24.3,27.4,3.3,부산,28.728571428571428,26.470000000000002,2024-08
2024-08-07,32.2,25.2,28.3,2.1,부산,28.642857142857142,26.57,2024-08
2024-08-08,33.1,25.1,28.2,16.4,부산,28.61428571428571,26.68,2024-08
2024-08-09,31.8,24.4,27.6,1.2,부산,28.428571428571427,26.776666666666664,2024-08
2024-08-10,31.5,24.1,27.4,0.0,부산,28.02857142857143,26.926666666666666,2024-08
2024-08-11,31.5,23.4,27.0,0.0,부산,27.74285714285714,27.009999999999998,2024-08
2024-08-12,31.1,23.3,27.0,0.0,부산,27.557142857142857,27.106666666666666,2024-08
2024-08-13,31.6,23.3,27.2,0.0,부산,27.52857142857143,27.22666666666667,2024-08
2024-08-14,31.1,23.6,27.3,1.3,부산,27.385714285714283,27.339999999999996,2024-08
2024-08-15,31.0,24.1,27.3,5.2,부산,27.25714285714286,27.473333333333336,2024-08
2024-08-16,31.2,23.9,27.3,0.7,부산,27.214285714285715,27.53666666666667,2024-08
2024-08-17,30.7,24.3,27.3,1.6,부산,27.2,27.619999999999997,2024-08
2024-08-18,30.4,23.9,26.9,0.0,부산,27.185714285714287,27.69666666666667,2024-08
2024-08-19,32.1,23.8,28.0,1.6,부산,27.32857142857143,27.780000000000005,2024-08
2024-08-20,30.2,24.4,27.4,42.2,부산,27.357142857142858,27.776666666666667,2024-08
2024-08-21,29.8,25.5,27.6,23.9,부산,27.400000000000002,27.78666666666667,2024-08
2024-08-22,30.4,26.8,28.3,4.9,부산,27.54285714285714,27.816666666666666,2024-08
2024-08-23,31.7,24.4,28.1,0.0,부산,27.657142857142862,27.903333333333332,2024-08
2024-08-24,31.9,24.2,27.8,0.2,부산,27.728571428571428,27.913333333333334,2024-08
2024-08-25,30.8,23.8,27.3,3.1,부산,27.785714285714285,27.913333333333338,2024-08
2024-08-26,30.9,23.9,27.3,4.3,부산,27.685714285714287,27.896666666666665,2024-08
2024-08-27,28.1,23.1,25.4,1.4,부산,27.400000000000002,27.806666666666665,2024-08
2024-08-28,29.2,23.3,25.4,4.7,부산,27.085714285714285,27.709999999999997,2024-08
2024-08-29,28.9,23.7,25.9,5.1,부산,26.742857142857144,27.613333333333337,2024-08
2024-08-30,31.7,24.5,27.3,0.2,부산,26.628571428571426,27.56,2024-08
2024-08-31,30.3,21.3,25.5,0.0,부산,26.3,27.46333333333333,2024-08
2024-09-01,30.2,21.6,25.5,0.0,부산,26.04285714285714,27.35,2024-09
2024-09-02,29.1,23.0,25.7,1.8,부산,25.814285714285717,27.2,2024-09
2024-09-03,26.5,22.3,24.3,0.3,부산,25.657142857142855,27.043333333333333,2024-09
2024-09-04,28.0,21.1,24.1,0.0,부산,25.47142857142857,26.903333333333332,2024-09
2024-09-05,30.3,18.4,24.6,0.0,부산,25.285714285714285,26.810000000000002,2024-09
2024-09-06,29.4,22.9,25.9,2.6,부산,25.08571428571429,26.73,2024-09
2024-09-07,29.3,22.2,26.1,2.4,부산,25.171428571428574,26.660000000000004,2024-09
2024-09-08,29.9,23.3,26.3,3.9,부산,25.285714285714285,26.616666666666667,2024-09
2024-09-09,30.5,23.8,26.6,0.0,부산,25.414285714285715,26.59,2024-09
2024-09-10,31.9,23.9,27.6,0.0,부산,25.88571428571429,26.610000000000003,2024-09
2024-09-11,28.5,24.8,26.3,26.8,부산,26.2,26.586666666666666,2024-09
2024-09-12,30.1,23.3,26.5,0.5,부산,26.47142857142857,26.563333333333333,2024-09
2024-09-13,30.8,24.1,27.1,0.4,부산,26.642857142857142,26.55666666666667,2024-09
2024-09-14,31.6,23.8,27.4,0.4,부산,26.82857142857143,26.56,2024-09
2024-09-15,29.2,24.7,26.7,1.0,부산,26.885714285714283,26.540000000000003,2024-09
2024-09-16,30.7,25.0,27.2,1.5,부산,26.971428571428568,26.53666666666667,2024-09
2024-09-17,32.0,23.8,27.8,1.9,부산,27.0,26.566666666666666,2024-09
2024-09-18,32.3,25.6,28.5,0.0,부산,27.314285714285713,26.583333333333332,2024-09
2024-09-19,32.0,23.9,27.9,0.0,부산,27.514285714285712,26.6,2024-09
2024-09-20,29.8,25.2,26.6,25.2,부산,27.442857142857143,26.566666666666666,2024-09
2024-09-21,25.1,21.1,23.3,170.7,부산,26.857142857142858,26.4,2024-09
2024-09-22,24.5,20.0,21.9,0.2,부산,26.17142857142857,26.19333333333333,2024-09
2024-09-23,23.3,17.6,20.5,0.0,부산,25.214285714285715,25.95,2024-09
2024-09-24,24.8,17.1,20.7,0.0,부산,24.2,25.73,2024-09
2024-09-25,26.1,19.4,22.2,0.1,부산,23.3,25.56,2024-09
2024-09-26,27.7,18.8,22.9,0.5,부산,22.585714285714285,25.47666666666667,2024-09
2024-09-27,27.2,19.6,22.8,1.8,부산,22.042857142857144,25.39,2024-09
2024-09-28,26.3,20.1,22.7,0.6,부산,21.957142857142856,25.283333333333335,2024-09
2024-09-29,25.0,19.2,22.1,0.1,부산,21.985714285714288,25.11,2024-09
2024-09-30,26.0,17.8,21.4,0.1,부산,22.114285714285717,24.973333333333336,2024-09
2024-10-01,27.1,17.3,21.3,0.9,부산,22.199999999999996,24.833333333333332,2024-10
2024-10-02,20.8,14.6,17.3,0.1,부산,21.5,24.55333333333333,2024-10
2024-10-03,19.4,15.9,17.5,10.8,부산,20.728571428571428,24.326666666666664,2024-10
2024-10-04,22.3,14.4,17.7,1.2,부산,20.0,24.113333333333333,2024-10
2024-10-05,23.1,13.9,18.3,0.0,부산,19.37142857142857,23.90333333333333,2024-10
2024-10-06,22.0,15.6,18.6,6.0,부산,18.87142857142857,23.66,2024-10
2024-10-07,18.7,14.8,16.5,8.4,부산,18.17142857142857,23.339999999999996,2024-10
2024-10-08,22.9,15.3,18.1,1.3,부산,17.714285714285715,23.066666666666666,2024-10
2024-10-09,21.0,15.5,17.8,0.6,부산,17.785714285714285,22.773333333333333,2024-10
2024-10-10,23.3,13.2,17.5,0.2,부산,17.785714285714285,22.436666666666664,2024-10
2024-10-11,22.7,12.1,17.3,0.0,부산,17.72857142857143,22.136666666666667,2024-10
2024-10-12,23.8,11.5,17.3,0.0,부산,17.585714285714285,21.83,2024-10
2024-10-13,23.4,13.3,18.7,0.0,부산,17.6,21.55,2024-10
2024-10-14,22.2,18.6,20.1,15.4,부산,18.114285714285714,21.30666666666667,2024-10
2024-10-15,23.8,19.1,21.1,30.6,부산,18.542857142857144,21.12,2024-10
2024-10-16,24.2,15.5,19.9,0.0,부산,18.842857142857145,20.87666666666667,2024-10
2024-10-17,22.6,16.8,19.7,0.0,부산,19.157142857142855,20.606666666666666,2024-10
2024-10-18,25.8,19.0,21.6,33.3,부산,19.771428571428572,20.376666666666665,2024-10
2024-10-19,24.2,13.8,19.3,7.9,부산,20.057142857142857,20.09,2024-10
2024-10-20,16.4,12.8,14.8,0.0,부산,19.5,19.696666666666665,2024-10
2024-10-21,22.1,16.0,19.1,0.2,부산,19.357142857142858,19.55666666666667,2024-10
2024-10-22,22.8,17.7,20.1,136.8,부산,19.214285714285715,19.49666666666667,2024-10
2024-10-23,19.3,12.0,16.3,0.5,부산,18.7,19.35666666666667,2024-10
2024-10-24,20.2,6.5,13.2,0.0,부산,17.771428571428572,19.10666666666667,2024-10
2024-10-25,21.5,12.8,17.2,0.0,부산,17.142857142857146,18.94,2024-10
2024-10-26,21.2,14.8,17.6,0.0,부산,16.9,18.763333333333332,2024-10
2024-10-27,19.9,11.6,15.7,3.2,부산,17.02857142857143,18.526666666666667,2024-10
2024-10-28,20.4,11.1,15.5,1.4,부산,16.514285714285712,18.28666666666667,2024-10
2024-10-29,20.3,13.3,16.4,0.0,부산,15.985714285714286,18.09666666666667,2024-10
2024-10-30,21.6,9.1,14.9,0.0,부산,15.785714285714286,17.88,2024-10
2024-10-31,20.9,14.0,16.5,0.0,부산,16.257142857142856,17.720000000000002,2024-10
2024-11-01,15.7,13.9,14.9,46.6,부산,15.928571428571429,17.64,2024-11
2024-11-02,20.5,14.4,17.3,27.6,부산,15.885714285714286,17.633333333333333,2024-11
2024-11-03,19.9,10.8,15.3,0.0,부산,15.828571428571427,17.553333333333335,2024-11
2024-11-04,20.1,8.4,14.1,0.0,부산,15.62857142857143,17.413333333333334,2024-11
2024-11-05,17.3,9.2,12.8,0.0,부산,15.114285714285714,17.220000000000002,2024-11
2024-11-06,13.2,4.4,8.2,0.0,부산,14.157142857142858,16.943333333333335,2024-11
2024-11-07,17.1,3.8,10.5,0.0,부산,13.3,16.69,2024-11
2024-11-08,17.0,9.5,13.0,0.1,부산,13.028571428571428,16.53,2024-11
2024-11-09,18.9,9.3,13.4,0.0,부산,12.471428571428572,16.393333333333334,2024-11
2024-11-10,18.6,11.3,14.4,0.0,부산,12.342857142857143,16.296666666666667,2024-11
2024-11-11,19.9,7.3,13.0,0.0,부산,12.185714285714285,16.153333333333332,2024-11
2024-11-12,18.9,7.9,12.5,0.0,부산,12.142857142857142,15.946666666666665,2024-11
2024-11-13,18.6,10.3,13.9,0.2,부산,12.957142857142856,15.740000000000002,2024-11
2024-11-14,19.3,11.0,14.4,0.0,부산,13.514285714285714,15.516666666666667,2024-11
2024-11-15,19.3,11.5,14.9,0.1,부산,13.785714285714286,15.350000000000001,2024-11
2024-11-16,21.7,14.4,17.0,0.0,부산,14.3,15.260000000000002,2024-11
2024-11-17,16.7,7.1,12.5,0.0,부산,14.028571428571428,14.956666666666669,2024-11
2024-11-18,10.3,1.2,5.6,0.0,부산,12.971428571428572,14.5,2024-11
2024-11-19,13.2,4.6,7.9,0.0,부산,12.314285714285715,14.270000000000001,2024-11
2024-11-20,13.3,2.6,7.7,0.0,부산,11.42857142857143,13.890000000000002,2024-11
2024-11-21,13.9,5.5,9.2,0.0,부산,10.685714285714285,13.526666666666667,2024-11
2024-11-22,12.2,4.1,7.4,0.0,부산,9.614285714285714,13.229999999999999,2024-11
2024-11-23,12.8,4.0,7.4,0.0,부산,8.242857142857142,13.036666666666667,2024-11
2024-11-24,13.9,5.1,8.5,0.0,부산,7.671428571428572,12.746666666666668,2024-11
2024-11-25,14.8,4.8,10.2,0.0,부산,8.328571428571427,12.5,2024-11
2024-11-26,14.4,4.8,10.9,27.4,부산,8.757142857142856,12.34,2024-11
2024-11-27,7.0,1.6,4.7,0.2,부산,8.328571428571427,11.98,2024-11
2024-11-28,9.8,1.1,5.0,0.0,부산,7.728571428571428,11.600000000000001,2024-11
2024-11-29,8.0,0.1,4.2,0.0,부산,7.271428571428571,11.243333333333334,2024-11
2024-11-30,11.0,2.3,5.8,0.0,부산,7.042857142857143,10.886666666666667,2024-11
2024-12-01,13.2,-0.3,6.6,0.1,부산,6.771428571428571,10.610000000000001,2024-12
2024-12-02,16.0,4.7,9.8,0.0,부산,6.714285714285714,10.360000000000001,2024-12
2024-12-03,9.9,2.3,5.7,0.0,부산,5.971428571428571,10.04,2024-12
2024-12-04,8.4,-0.2,3.2,0.0,부산,5.757142857142858,9.676666666666668,2024-12
2024-12-05,9.2,-0.3,4.1,0.0,부산,5.628571428571429,9.386666666666667,2024-12
2024-12-06,9.1,1.6,4.9,0.0,부산,5.728571428571429,9.276666666666667,2024-12
2024-12-07,7.4,-1.1,2.8,0.0,부산,5.3,9.020000000000001,2024-12
2024-12-08,4.9,-2.4,0.7,0.0,부산,4.457142857142857,8.610000000000001,2024-12
2024-12-09,6.1,-2.3,1.2,0.0,부산,3.2285714285714286,8.203333333333333,2024-12
2024-12-10,7.7,-1.8,2.3,0.0,부산,2.742857142857143,7.800000000000001,2024-12
2024-12-11,10.4,-2.5,3.2,0.0,부산,2.742857142857143,7.473333333333334,2024-12
2024-12-12,7.9,-1.9,2.4,0.0,부산,2.5,7.136666666666668,2024-12
2024-12-13,6.4,-1.6,1.8,0.0,부산,2.0571428571428574,6.733333333333333,2024-12
2024-12-14,4.6,-2.8,0.3,0.0,부산,1.7,6.263333333333334,2024-12
2024-12-15,5.9,-1.9,2.0,0.0,부산,1.8857142857142857,5.833333333333333,2024-12
2024-12-16,8.4,-2.8,1.7,0.0,부산,1.9571428571428573,5.323333333333333,2024-12
2024-12-17,6.3,-1.3,1.6,0.0,부산,1.8571428571428572,4.96,2024-12
2024-12-18,3.0,-3.4,-0.6,0.0,부산,1.3142857142857145,4.753333333333333,2024-12
2024-12-19,7.2,-3.6,0.4,0.0,부산,1.0285714285714287,4.503333333333333,2024-12
2024-12-20,8.0,-2.4,1.5,0.0,부산,0.9857142857142858,4.296666666666667,2024-12
2024-12-21,6.2,-1.5,1.8,0.0,부산,1.2,4.050000000000001,2024-12
2024-12-22,1.6,-5.3,-2.2,0.0,부산,0.6,3.73,2024-12
2024-12-23,6.8,-3.0,0.8,0.0,부산,0.4714285714285714,3.51,2024-12
2024-12-24,6.9,-3.6,0.9,0.0,부산,0.3714285714285714,3.2566666666666673,2024-12
2024-12-25,7.4,-3.6,1.5,0.0,부산,0.6714285714285714,2.9666666666666672,2024-12
2024-12-26,7.9,-0.6,2.9,0.0,부산,1.0285714285714285,2.7,2024-12
2024-12-27,3.4,-3.8,-0.6,0.0,부산,0.7285714285714285,2.5233333333333334,2024-12
2024-12-28,2.5,-3.3,-1.0,0.0,부산,0.32857142857142846,2.3233333333333333,2024-12
2024-12-29,6.5,-3.6,0.4,0.0,부산,0.7000000000000001,2.1966666666666668,2024-12
2024-12-30,10.2,-1.8,4.0,0.0,부산,1.157142857142857,2.136666666666667,2024-12
2024-12-31,5.9,-2.5,2.5,0.0,부산,1.3857142857142857,2.0000000000000004,2024-12
2025-01-01,7.4,-3.2,0.9,0.0,부산,1.3,1.7033333333333334,2025-01
2025-01-02,9.0,-1.7,2.2,0.0,부산,1.1999999999999997,1.586666666666667,2025-01
2025-01-03,2.9,-2.2,-0.0,0.0,부산,1.2857142857142858,1.4800000000000002,2025-01
2025-01-04,4.7,-3.9,-0.4,0.0,부산,1.3714285714285714,1.3300000000000005,2025-01
2025-01-05,6.7,-5.2,0.2,0.8,부산,1.3428571428571427,1.1733333333333333,2025-01
2025-01-06,8.4,-3.5,1.4,0.0,부산,0.9714285714285714,1.1266666666666667,2025-01
2025-01-07,3.8,-4.1,-0.6,0.0,부산,0.5285714285714286,1.0833333333333335,2025-01
2025-01-08,6.1,-3.9,0.4,0.0,부산,0.45714285714285713,1.0566666666666669,2025-01
2025-01-09,-1.4,-9.8,-4.3,0.0,부산,-0.4714285714285715,0.836666666666667,2025-01
2025-01-10,-0.3,-10.6,-6.1,0.0,부산,-1.342857142857143,0.5266666666666668,2025-01
2025-01-11,2.0,-6.3,-2.7,0.0,부산,-1.6714285714285713,0.35666666666666685,2025-01
2025-01-12,3.8,-4.8,-1.4,0.0,부산,-1.9000000000000001,0.2500000000000002,2025-01
2025-01-13,5.2,-3.1,0.0,0.0,부산,-2.1,0.24000000000000027,2025-01
2025-01-14,9.9,-3.8,2.4,0.0,부산,-1.6714285714285713,0.2533333333333336,2025-01
2025-01-15,1.7,-3.6,-0.8,0.0,부산,-1.842857142857143,0.17000000000000026,2025-01
2025-01-16,5.5,-4.9,-0.9,0.0,부산,-1.3571428571428574,0.08666666666666689,2025-01
2025-01-17,6.6,-4.9,0.0,0.0,부산,-0.4857142857142859,0.1066666666666669,2025-01
2025-01-18,9.6,-4.2,1.6,0.0,부산,0.12857142857142842,0.14666666666666692,2025-01
2025-01-19,9.8,-3.1,2.3,0.0,부산,0.6571428571428569,0.17333333333333353,2025-01
2025-01-20,9.7,-3.9,1.4,0.0,부산,0.8571428571428569,0.16000000000000023,2025-01
2025-01-21,9.4,-2.6,2.1,0.0,부산,0.8142857142857142,0.30333333333333357,2025-01
2025-01-22,10.2,-3.3,2.9,0.0,부산,1.3428571428571427,0.3733333333333336,2025-01
2025-01-23,12.3,-2.6,4.1,0.0,부산,2.057142857142857,0.48000000000000026,2025-01
2025-01-24,11.1,-0.2,4.6,0.0,부산,2.7142857142857144,0.5833333333333336,2025-01
2025-01-25,8.5,2.2,4.9,0.1,부산,3.1857142857142855,0.6500000000000002,2025-01
2025-01-26,7.5,2.0,4.5,0.0,부산,3.5,0.8200000000000002,2025-01
2025-01-27,5.9,-1.5,2.0,5.7,부산,3.5857142857142854,0.9200000000000003,2025-01
2025-01-28,3.7,-2.7,-0.2,0.0,부산,3.257142857142857,0.9000000000000002,2025-01
2025-01-29,2.1,-3.3,-1.2,0.0,부산,2.6714285714285713,0.7266666666666669,2025-01
2025-01-30,5.2,-4.5,-0.4,0.0,부산,2.0285714285714285,0.6300000000000002,2025-01
2025-01-31,8.5,-4.7,1.8,0.4,부산,1.6285714285714283,0.6600000000000003,2025-01
2025-02-01,5.0,2.5,3.9,15.3,부산,1.4857142857142855,0.7166666666666669,2025-02
2025-02-02,9.8,-0.3,4.4,0.0,부산,1.4714285714285713,0.8633333333333336,2025-02
2025-02-03,2.9,-4.0,0.0,0.0,부산,1.1857142857142855,0.8766666666666669,2025-02
2025-02-04,-1.2,-7.9,-4.8,0.0,부산,0.5285714285714284,0.7100000000000003,2025-02
2025-02-05,1.4,-7.0,-3.9,0.0,부산,0.14285714285714265,0.5333333333333335,2025-02
2025-02-06,1.7,-6.9,-3.2,0.0,부산,-0.2571428571428573,0.44666666666666693,2025-02
2025-02-07,3.5,-7.7,-3.1,0.3,부산,-0.9571428571428573,0.33000000000000024,2025-02
2025-02-08,0.2,-9.6,-5.2,0.0,부산,-2.257142857142857,0.3000000000000002,2025-02
2025-02-09,3.2,-7.1,-2.8,0.0,부산,-3.285714285714286,0.41000000000000025,2025-02
2025-02-10,4.0,-4.7,-1.4,0.0,부산,-3.4857142857142853,0.45333333333333353,2025-02
2025-02-11,7.6,-4.3,0.9,0.0,부산,-2.6714285714285717,0.5300000000000002,2025-02
2025-02-12,6.2,-0.2,2.6,8.3,부산,-1.7428571428571433,0.6166666666666669,2025-02
2025-02-13,5.6,-4.2,0.3,0.0,부산,-1.242857142857143,0.546666666666667,2025-02
2025-02-14,9.9,-3.4,2.0,0.0,부산,-0.5142857142857145,0.6400000000000002,2025-02
2025-02-15,7.9,-3.4,1.8,0.0,부산,0.4857142857142855,0.7300000000000003,2025-02
2025-02-16,11.5,-2.9,4.1,0.0,부산,1.471428571428571,0.8666666666666669,2025-02
2025-02-17,6.3,-2.4,1.7,0.0,부산,1.9142857142857141,0.8700000000000002,2025-02
2025-02-18,3.0,-4.4,-1.0,0.0,부산,1.6428571428571426,0.7600000000000001,2025-02
2025-02-19,4.5,-5.0,-1.0,0.0,부산,1.1285714285714283,0.6800000000000002,2025-02
2025-02-20,3.9,-4.9,-1.2,0.0,부산,0.9142857142857139,0.5700000000000002,2025-02
2025-02-21,3.8,-4.5,-1.2,0.0,부산,0.4571428571428568,0.43333333333333357,2025-02
2025-02-22,4.2,-4.9,-1.0,0.0,부산,0.05714285714285684,0.2633333333333336,2025-02
2025-02-23,3.8,-4.6,-1.1,0.0,부산,-0.685714285714286,0.07333333333333361,2025-02
2025-02-24,5.4,-5.3,-0.9,0.0,부산,-1.0571428571428574,-0.11999999999999975,2025-02
2025-02-25,8.3,-4.4,1.8,0.0,부산,-0.6571428571428575,-0.20999999999999971,2025-02
2025-02-26,11.2,-1.2,4.7,0.0,부산,0.15714285714285683,-0.11999999999999975,2025-02
2025-02-27,12.5,-1.5,5.1,0.0,부산,1.0571428571428567,0.05666666666666691,2025-02
2025-02-28,16.5,5.2,9.7,0.0,부산,2.614285714285714,0.4200000000000002,2025-02
2025-03-01,14.5,1.7,8.9,0.7,부산,4.028571428571428,0.7300000000000002,2025-03
2025-03-02,17.4,6.9,11.3,4.2,부산,5.8,1.0466666666666669,2025-03
2025-03-03,6.1,2.3,4.3,16.1,부산,6.542857142857143,1.0600000000000003,2025-03
2025-03-04,4.7,2.7,3.8,13.4,부산,6.828571428571428,1.0400000000000003,2025-03
2025-03-05,8.1,3.5,5.5,0.0,부산,6.942857142857142,1.2233333333333334,2025-03
2025-03-06,9.2,2.5,5.4,0.0,부산,6.985714285714286,1.5633333333333335,2025-03
2025-03-07,8.4,-0.6,4.5,0.0,부산,6.242857142857143,1.8433333333333337,2025-03
2025-03-08,9.6,3.6,6.3,0.8,부산,5.871428571428571,2.1600000000000006,2025-03
2025-03-09,12.5,-1.3,5.5,0.0,부산,5.042857142857143,2.446666666666667,2025-03
2025-03-10,12.4,1.5,6.7,0.0,부산,5.385714285714285,2.8433333333333333,2025-03
2025-03-11,15.4,0.3,7.8,0.0,부산,5.957142857142857,3.196666666666667,2025-03
2025-03-12,17.3,2.9,10.0,0.0,부산,6.6000000000000005,3.576666666666667,2025-03
2025-03-13,14.7,4.6,9.0,0.0,부산,7.114285714285714,3.8466666666666667,2025-03
2025-03-14,14.7,4.7,9.3,0.0,부산,7.799999999999999,4.07,2025-03
2025-03-15,9.0,6.5,7.6,4.2,부산,7.985714285714286,4.3133333333333335,2025-03
2025-03-16,9.6,-0.2,5.6,6.0,부산,8.0,4.433333333333334,2025-03
2025-03-17,9.0,-1.2,2.9,0.0,부산,7.457142857142856,4.47,2025-03
2025-03-18,6.6,-1.3,2.7,2.2,부산,6.728571428571428,4.423333333333333,2025-03
2025-03-19,8.2,-2.1,2.9,0.0,부산,5.714285714285714,4.463333333333334,2025-03
2025-03-20,14.0,-2.2,6.0,0.1,부산,5.285714285714286,4.696666666666667,2025-03
2025-03-21,17.8,4.0,11.1,0.0,부산,5.542857142857143,5.1,2025-03
2025-03-22,22.7,4.6,13.7,0.0,부산,6.414285714285713,5.596666666666667,2025-03
2025-03-23,24.3,6.6,15.3,0.0,부산,7.8,6.1466666666666665,2025-03
2025-03-24,20.6,11.5,14.8,0.1,부산,9.5,6.673333333333334,2025-03
2025-03-25,22.1,7.8,15.1,0.0,부산,11.271428571428572,7.213333333333334,2025-03
2025-03-26,20.2,7.7,15.0,0.5,부산,13.0,7.743333333333334,2025-03
2025-03-27,17.9,14.4,15.7,4.6,부산,14.385714285714284,8.206666666666667,2025-03
2025-03-28,15.1,6.6,10.5,1.6,부산,14.299999999999999,8.4,2025-03
2025-03-29,11.5,3.1,6.9,0.0,부산,13.328571428571427,8.459999999999999,2025-03
2025-03-30,10.7,-1.8,4.0,0.0,부산,11.714285714285714,8.27,2025-03
2025-03-31,12.9,-2.0,5.7,0.0,부산,10.414285714285715,8.163333333333334,2025-03
2025-04-01,14.3,-1.0,7.5,0.0,부산,9.328571428571427,8.036666666666667,2025-04
2025-04-02,16.5,3.3,9.1,2.0,부산,8.485714285714284,8.196666666666667,2025-04
2025-04-03,15.3,1.1,8.2,0.8,부산,7.414285714285713,8.343333333333332,2025-04
2025-04-04,15.2,2.8,9.4,0.2,부산,7.257142857142857,8.473333333333333,2025-04
2025-04-05,14.3,5.5,10.2,0.8,부산,7.728571428571428,8.633333333333333,2025-04
2025-04-06,19.4,3.9,12.0,0.0,부산,8.87142857142857,8.883333333333333,2025-04
2025-04-07,20.7,5.2,13.3,0.0,부산,9.957142857142856,9.116666666666667,2025-04
2025-04-08,25.0,11.2,16.8,0.0,부산,11.285714285714286,9.493333333333334,2025-04
2025-04-09,18.6,7.3,13.5,5.4,부산,11.914285714285715,9.72,2025-04
2025-04-10,21.8,10.8,15.7,0.0,부산,12.985714285714284,9.983333333333333,2025-04
2025-04-11,21.3,8.2,14.6,0.0,부산,13.728571428571428,10.136666666666667,2025-04
2025-04-12,17.9,8.1,12.7,13.8,부산,14.085714285714285,10.26,2025-04
2025-04-13,13.3,4.5,9.4,26.5,부산,13.714285714285714,10.263333333333332,2025-04
2025-04-14,13.1,4.3,8.2,6.0,부산,12.985714285714284,10.283333333333333,2025-04
2025-04-15,15.7,3.1,8.9,0.0,부산,11.857142857142856,10.393333333333334,2025-04
2025-04-16,18.9,4.7,12.4,0.0,부산,11.7,10.71,2025-04
2025-04-17,18.4,12.2,15.8,0.0,부산,11.714285714285712,11.146666666666667,2025-04
2025-04-18,22.7,15.7,18.4,0.0,부산,12.257142857142856,11.663333333333332,2025-04
2025-04-19,21.1,15.8,18.0,1.6,부산,13.014285714285714,12.063333333333333,2025-04
2025-04-20,17.1,12.3,15.4,3.2,부산,13.871428571428568,12.206666666666667,2025-04
2025-04-21,19.9,11.0,14.8,0.0,부산,14.814285714285715,12.243333333333334,2025-04
2025-04-22,17.1,11.8,14.9,35.7,부산,15.671428571428569,12.229999999999999,2025-04
2025-04-23,19.2,10.1,13.9,0.0,부산,15.885714285714284,12.2,2025-04
2025-04-24,20.9,10.8,15.7,0.0,부산,15.87142857142857,12.22,2025-04
2025-04-25,18.5,9.6,13.8,0.0,부산,15.214285714285714,12.18,2025-04
2025-04-26,19.9,6.2,13.1,0.0,부산,14.514285714285714,12.093333333333334,2025-04
2025-04-27,23.0,9.2,16.0,0.0,부산,14.599999999999998,12.276666666666667,2025-04
2025-04-28,23.4,12.7,17.3,0.0,부산,14.957142857142856,12.623333333333333,2025-04
2025-04-29,18.3,7.4,13.1,0.0,부산,14.7,12.926666666666666,2025-04
2025-04-30,22.0,8.1,15.1,0.0,부산,14.87142857142857,13.24,2025-04
2025-05-01,20.5,12.6,16.0,19.0,부산,14.914285714285713,13.523333333333333,2025-05
2025-05-02,20.2,8.8,14.6,0.0,부산,15.028571428571428,13.706666666666669,2025-05
2025-05-03,15.3,10.1,13.0,12.0,부산,15.014285714285714,13.866666666666667,2025-05
2025-05-04,21.0,7.3,14.0,0.0,부산,14.728571428571428,14.020000000000001,2025-05
2025-05-05,18.3,8.2,13.3,5.5,부산,14.157142857142857,14.123333333333333,2025-05
2025-05-06,16.5,9.9,12.8,7.2,부산,14.114285714285714,14.15,2025-05
2025-05-07,19.3,7.1,12.9,0.1,부산,13.799999999999999,14.136666666666667,2025-05
2025-05-08,20.3,9.4,15.1,0.0,부산,13.671428571428569,14.08,2025-05
2025-05-09,16.5,12.5,14.7,33.7,부산,13.685714285714285,14.12,2025-05
2025-05-10,19.0,12.4,15.5,0.0,부산,14.042857142857143,14.113333333333333,2025-05
2025-05-11,18.1,11.2,14.2,0.6,부산,14.071428571428571,14.1,2025-05
2025-05-12,22.4,9.9,16.0,0.0,부산,14.457142857142857,14.21,2025-05
2025-05-13,22.0,10.3,16.5,0.0,부산,14.985714285714282,14.446666666666667,2025-05
2025-05-14,21.9,11.8,17.1,0.0,부산,15.585714285714285,14.743333333333334,2025-05
2025-05-15,21.3,16.1,18.5,1.8,부산,16.07142857142857,15.063333333333333,2025-05
2025-05-16,21.2,16.8,18.2,57.4,부산,16.571428571428573,15.256666666666666,2025-05
2025-05-17,25.4,15.7,19.5,7.2,부산,17.142857142857142,15.379999999999999,2025-05
2025-05-18,22.1,14.4,17.4,0.0,부산,17.599999999999998,15.346666666666668,2025-05
2025-05-19,21.5,12.0,17.4,0.0,부산,17.8,15.326666666666666,2025-05
2025-05-20,25.0,18.2,21.2,0.1,부산,18.471428571428568,15.52,2025-05
2025-05-21,25.8,19.9,22.4,0.0,부산,19.228571428571428,15.773333333333333,2025-05
2025-05-22,21.0,14.8,17.8,0.1,부산,19.12857142857143,15.870000000000001,2025-05
2025-05-23,19.4,13.4,16.2,0.0,부산,18.842857142857138,15.946666666666667,2025-05
2025-05-24,15.7,12.7,14.2,11.5,부산,18.085714285714285,15.896666666666667,2025-05
2025-05-25,20.3,12.0,15.4,0.6,부산,17.799999999999997,15.95,2025-05
2025-05-26,22.1,11.3,16.7,0.0,부산,17.7,16.07,2025-05
2025-05-27,23.6,11.1,17.8,0.1,부산,17.21428571428571,16.13,2025-05
2025-05-28,25.0,12.5,19.0,0.0,부산,16.728571428571428,16.186666666666664,2025-05
2025-05-29,25.0,13.5,18.7,0.7,부산,16.857142857142854,16.373333333333335,2025-05
2025-05-30,24.5,12.6,18.2,0.0,부산,17.142857142857142,16.476666666666667,2025-05
2025-05-31,28.0,11.6,19.5,0.0,부산,17.9,16.593333333333334,2025-05
2025-06-01,26.2,13.2,19.9,0.0,부산,18.54285714285714,16.77,2025-06
2025-06-02,20.6,16.0,18.4,7.6,부산,18.785714285714285,16.95,2025-06
2025-06-03,24.3,15.9,19.9,4.4,부산,19.085714285714285,17.146666666666665,2025-06
2025-06-04,26.8,14.1,21.0,0.0,부산,19.37142857142857,17.403333333333332,2025-06
2025-06-05,27.6,14.9,20.9,0.0,부산,19.685714285714283,17.673333333333336,2025-06
2025-06-06,26.5,14.8,20.5,0.0,부산,20.014285714285712,17.92666666666667,2025-06
2025-06-07,27.6,15.6,21.7,0.0,부산,20.328571428571426,18.146666666666665,2025-06
2025-06-08,29.3,19.1,22.8,0.0,부산,20.74285714285714,18.416666666666668,2025-06
2025-06-09,26.2,17.5,21.4,0.0,부산,21.17142857142857,18.613333333333333,2025-06
2025-06-10,31.2,16.8,23.3,0.0,부산,21.657142857142855,18.916666666666668,2025-06
2025-06-11,31.6,20.0,24.2,0.0,부산,22.11428571428571,19.19,2025-06
2025-06-12,26.6,18.7,21.9,0.0,부산,22.257142857142856,19.37,2025-06
2025-06-13,26.4,17.8,20.4,6.1,부산,22.24285714285714,19.48,2025-06
2025-06-14,22.9,18.7,21.4,60.4,부산,22.199999999999996,19.576666666666664,2025-06
2025-06-15,27.0,20.3,22.8,3.0,부산,22.199999999999996,19.73,2025-06
2025-06-16,26.2,20.3,22.5,16.8,부산,22.357142857142858,19.83,2025-06
2025-06-17,25.5,19.7,22.2,0.0,부산,22.199999999999996,19.99,2025-06
2025-06-18,27.2,20.3,23.4,0.0,부산,22.085714285714285,20.19,2025-06
2025-06-19,29.4,18.4,24.0,0.1,부산,22.385714285714283,20.283333333333335,2025-06
2025-06-20,24.8,21.8,23.3,4.4,부산,22.8,20.313333333333333,2025-06
2025-06-21,24.8,21.9,23.2,16.4,부산,23.057142857142853,20.493333333333336,2025-06
2025-06-22,27.5,18.5,21.7,25.6,부산,22.900000000000002,20.676666666666666,2025-06
2025-06-23,28.4,18.4,23.2,0.0,부산,23.0,20.97666666666667,2025-06
2025-06-24,22.1,18.8,20.4,20.7,부산,22.74285714285714,21.14333333333333,2025-06
2025-06-25,24.8,19.8,22.0,8.2,부산,22.542857142857144,21.32,2025-06
2025-06-26,28.9,18.0,22.9,0.0,부산,22.385714285714283,21.49,2025-06
2025-06-27,30.4,20.1,24.9,0.0,부산,22.61428571428571,21.686666666666664,2025-06
2025-06-28,30.2,21.6,25.9,0.0,부산,23.0,21.926666666666666,2025-06
2025-06-29,30.9,22.9,26.4,0.0,부산,23.67142857142857,22.2,2025-06
2025-06-30,31.1,22.5,26.8,0.0,부산,24.185714285714283,22.44333333333333,2025-06
2025-07-01,31.4,22.9,27.1,0.0,부산,25.142857142857142,22.683333333333334,2025-07
2025-07-02,33.9,24.3,28.9,0.0,부산,26.128571428571426,23.033333333333335,2025-07
2025-07-03,33.9,24.4,29.2,0.0,부산,27.02857142857143,23.343333333333337,2025-07
2025-07-04,33.8,24.3,28.4,0.0,부산,27.52857142857143,23.59,2025-07
2025-07-05,34.7,24.3,28.6,0.0,부산,27.914285714285715,23.846666666666668,2025-07
2025-07-06,37.1,24.1,29.4,0.0,부산,28.342857142857138,24.14333333333333,2025-07
2025-07-07,36.5,25.5,30.4,0.0,부산,28.857142857142854,24.433333333333334,2025-07
2025-07-08,34.1,25.2,29.1,0.0,부산,29.14285714285714,24.64333333333333,2025-07
2025-07-09,32.3,24.2,27.7,0.0,부산,28.971428571428568,24.85333333333333,2025-07
2025-07-10,32.0,24.0,27.2,0.3,부산,28.685714285714283,24.983333333333334,2025-07
2025-07-11,30.2,23.5,26.3,0.0,부산,28.385714285714283,25.05333333333333,2025-07
2025-07-12,30.0,22.6,25.9,0.0,부산,28.0,25.186666666666667,2025-07
2025-07-13,31.9,22.5,26.2,29.3,부산,27.54285714285714,25.38,2025-07
2025-07-14,28.8,21.3,23.9,34.6,부산,26.614285714285717,25.46333333333333,2025-07
2025-07-15,27.3,20.0,23.5,3.1,부산,25.814285714285713,25.486666666666665,2025-07
2025-07-16,26.8,21.8,24.4,4.8,부산,25.342857142857138,25.55,2025-07
2025-07-17,28.0,22.0,25.1,20.5,부산,25.042857142857144,25.646666666666665,2025-07
2025-07-18,26.4,21.9,24.0,26.2,부산,24.714285714285715,25.666666666666668,2025-07
2025-07-19,26.4,23.2,24.2,26.7,부산,24.471428571428568,25.673333333333336,2025-07
2025-07-20,30.6,22.9,26.8,0.0,부산,24.557142857142857,25.79,2025-07
2025-07-21,29.5,24.0,26.8,1.8,부산,24.971428571428568,25.910000000000004,2025-07
2025-07-22,31.9,23.7,27.7,0.5,부산,25.571428571428573,26.11,2025-07
2025-07-23,32.6,23.7,27.9,0.4,부산,26.071428571428566,26.266666666666666,2025-07
2025-07-24,32.1,22.0,27.4,0.0,부산,26.4,26.5,2025-07
2025-07-25,31.9,25.1,28.3,0.0,부산,27.014285714285712,26.709999999999997,2025-07
2025-07-26,33.0,25.6,29.1,0.0,부산,27.714285714285715,26.916666666666668,2025-07
2025-07-27,33.1,26.6,29.6,0.0,부산,28.11428571428571,27.073333333333334,2025-07
2025-07-28,34.5,24.6,29.8,0.0,부산,28.542857142857144,27.203333333333333,2025-07
2025-07-29,34.3,24.1,29.1,0.0,부산,28.74285714285714,27.293333333333333,2025-07
2025-07-30,33.3,24.6,28.8,0.0,부산,28.87142857142857,27.36,2025-07
2025-07-31,33.7,24.4,28.9,0.0,부산,29.08571428571429,27.42,2025-07
2025-08-01,35.0,24.1,28.9,0.8,부산,29.17142857142857,27.42,2025-08
2025-08-02,35.4,24.1,29.5,0.9,부산,29.228571428571428,27.43,2025-08
2025-08-03,32.1,25.5,28.5,2.0,부산,29.071428571428573,27.433333333333334,2025-08
2025-08-04,30.7,25.6,28.0,12.6,부산,28.814285714285713,27.413333333333334,2025-08
2025-08-05,30.5,25.7,28.0,4.4,부산,28.657142857142855,27.366666666666667,2025-08
2025-08-06,31.2,26.1,28.1,4.0,부산,28.557142857142853,27.290000000000003,2025-08
2025-08-07,32.5,25.4,28.7,1.7,부산,28.52857142857143,27.276666666666664,2025-08
2025-08-08,30.2,22.8,26.2,0.4,부산,28.142857142857142,27.22666666666667,2025-08
2025-08-09,29.5,21.4,24.4,26.3,부산,27.414285714285715,27.133333333333333,2025-08
2025-08-10,27.5,21.5,23.5,69.8,부산,26.699999999999996,27.040000000000003,2025-08
2025-08-11,28.7,20.1,23.7,45.2,부산,26.085714285714282,26.966666666666665,2025-08
2025-08-12,23.7,21.0,22.3,35.6,부산,25.27142857142857,26.836666666666666,2025-08
2025-08-13,29.9,23.0,26.4,1.6,부산,25.02857142857143,26.92,2025-08
2025-08-14,30.7,24.0,27.3,2.0,부산,24.828571428571426,27.04666666666667,2025-08
2025-08-15,32.7,24.5,28.4,0.4,부산,25.14285714285714,27.18,2025-08
2025-08-16,32.3,25.0,28.6,0.1,부산,25.74285714285714,27.29666666666667,2025-08
2025-08-17,33.2,23.7,28.1,0.0,부산,26.400000000000002,27.433333333333334,2025-08
2025-08-18,32.5,23.9,27.8,0.2,부산,26.985714285714284,27.553333333333335,2025-08
2025-08-19,31.6,24.9,28.0,0.0,부산,27.8,27.593333333333337,2025-08
2025-08-20,31.8,24.5,28.1,0.9,부산,28.042857142857144,27.636666666666667,2025-08
2025-08-21,34.0,23.9,28.9,0.8,부산,28.27142857142857,27.67666666666667,2025-08
2025-08-22,33.5,25.0,29.4,0.9,부산,28.414285714285715,27.726666666666667,2025-08
2025-08-23,35.5,25.8,30.0,0.0,부산,28.61428571428571,27.813333333333333,2025-08
2025-08-24,35.0,24.9,29.5,0.6,부산,28.814285714285713,27.853333333333335,2025-08
2025-08-25,33.6,25.3,29.1,0.0,부산,28.999999999999996,27.853333333333335,2025-08
2025-08-26,32.2,25.4,28.6,0.6,부산,29.08571428571429,27.82,2025-08
2025-08-27,31.6,24.6,27.7,2.9,부산,29.02857142857143,27.75,2025-08
2025-08-28,32.1,23.9,27.9,0.2,부산,28.88571428571429,27.709999999999997,2025-08
2025-08-29,33.7,24.2,28.8,0.1,부산,28.8,27.71,2025-08
2025-08-30,34.9,25.0,29.8,0.0,부산,28.771428571428572,27.74,2025-08
2025-08-31,31.9,24.0,26.4,20.4,부산,28.32857142857143,27.656666666666663,2025-08
2025-09-01,28.1,24.0,25.9,14.8,부산,27.871428571428567,27.53666666666667,2025-09
2025-09-02,29.6,22.7,26.5,14.4,부산,27.571428571428566,27.470000000000002,2025-09
2025-09-03,30.4,22.2,25.9,0.8,부산,27.314285714285713,27.4,2025-09
2025-09-04,31.1,24.0,26.7,0.3,부산,27.142857142857142,27.356666666666666,2025-09
2025-09-05,31.8,23.5,26.6,0.5,부산,26.828571428571426,27.306666666666665,2025-09
2025-09-06,30.9,22.6,26.9,1.6,부산,26.41428571428571,27.246666666666666,2025-09
2025-09-07,32.5,25.7,28.2,4.5,부산,26.67142857142857,27.313333333333333,2025-09
2025-09-08,31.2,23.5,26.8,0.2,부산,26.799999999999994,27.39333333333333,2025-09
2025-09-09,26.9,20.0,22.9,15.0,부산,26.28571428571428,27.373333333333335,2025-09
2025-09-10,27.6,20.1,23.2,21.3,부산,25.900000000000002,27.356666666666666,2025-09
2025-09-11,27.2,21.0,23.9,0.0,부산,25.499999999999996,27.41,2025-09
2025-09-12,27.0,22.8,24.2,0.8,부산,25.157142857142855,27.336666666666666,2025-09
2025-09-13,28.2,21.9,25.1,6.1,부산,24.9,27.263333333333332,2025-09
2025-09-14,27.7,21.0,24.3,0.9,부산,24.342857142857145,27.126666666666665,2025-09
2025-09-15,30.2,22.9,25.8,5.0,부산,24.199999999999996,27.033333333333335,2025-09
2025-09-16,30.3,22.8,26.4,1.0,부산,24.7,26.97666666666667,2025-09
2025-09-17,30.8,24.1,26.6,0.8,부산,25.185714285714283,26.936666666666667,2025-09
2025-09-18,24.8,20.9,22.7,0.8,부산,25.014285714285712,26.759999999999998,2025-09
2025-09-19,24.8,20.3,22.2,0.0,부산,24.728571428571428,26.563333333333333,2025-09
2025-09-20,27.6,20.3,23.6,8.0,부산,24.514285714285712,26.386666666666667,2025-09
2025-09-21,25.1,17.9,21.0,0.0,부산,24.04285714285714,26.10666666666667,2025-09
2025-09-22,24.4,18.8,21.2,0.3,부산,23.38571428571429,25.813333333333333,2025-09
2025-09-23,24.7,18.6,21.6,0.0,부산,22.7,25.55,2025-09
2025-09-24,28.2,20.9,24.2,1.8,부산,22.357142857142858,25.386666666666667,2025-09
2025-09-25,24.9,21.7,23.1,12.6,부산,22.41428571428571,25.20333333333333,2025-09
2025-09-26,27.7,20.3,23.5,0.0,부산,22.599999999999998,25.063333333333333,2025-09
2025-09-27,26.6,19.8,22.5,0.3,부산,22.44285714285714,24.883333333333333,2025-09
2025-09-28,25.4,19.3,22.7,2.1,부산,22.685714285714283,24.68,2025-09
2025-09-29,25.8,18.6,21.2,0.0,부산,22.685714285714283,24.393333333333334,2025-09
2025-09-30,23.0,16.2,19.6,0.1,부산,22.400000000000002,24.166666666666668,2025-09
2025-10-01,27.2,15.2,20.8,0.0,부산,21.914285714285715,23.996666666666666,2025-10
2025-10-02,26.0,16.7,20.8,0.6,부산,21.585714285714285,23.806666666666665,2025-10
2025-10-03,20.1,18.2,19.1,58.9,부산,20.957142857142856,23.58,2025-10
2025-10-04,26.1,19.2,21.6,11.2,부산,20.828571428571426,23.410000000000004,2025-10
2025-10-05,26.1,18.5,21.9,1.6,부산,20.714285714285715,23.253333333333334,2025-10
2025-10-06,22.0,20.3,21.0,7.2,부산,20.685714285714287,23.05666666666667,2025-10
2025-10-07,25.6,20.0,22.3,2.5,부산,21.071428571428573,22.86,2025-10
2025-10-08,24.8,20.1,21.9,0.0,부산,21.228571428571428,22.69666666666667,2025-10
2025-10-09,23.1,19.1,20.6,0.0,부산,21.2,22.619999999999997,2025-10
2025-10-10,24.1,17.4,20.6,0.0,부산,21.414285714285715,22.533333333333335,2025-10
2025-10-11,27.3,17.5,21.7,0.0,부산,21.428571428571427,22.46,2025-10
2025-10-12,26.5,17.6,20.8,2.2,부산,21.271428571428572,22.346666666666668,2025-10
2025-10-13,23.8,17.7,20.4,2.6,부산,21.185714285714287,22.189999999999998,2025-10
2025-10-14,20.2,17.5,18.9,25.3,부산,20.699999999999996,22.01,2025-10
2025-10-15,23.7,18.2,20.5,0.0,부산,20.5,21.833333333333332,2025-10
2025-10-16,25.4,18.3,20.8,32.8,부산,20.52857142857143,21.646666666666665,2025-10
2025-10-17,23.2,18.1,20.3,0.1,부산,20.485714285714288,21.436666666666664,2025-10
2025-10-18,24.0,17.4,20.2,9.9,부산,20.27142857142857,21.353333333333335,2025-10
2025-10-19,19.8,15.8,17.6,0.3,부산,19.814285714285713,21.2,2025-10
2025-10-20,19.9,13.2,16.0,0.0,부산,19.185714285714283,20.94666666666667,2025-10
2025-10-21,16.9,13.3,14.8,0.0,부산,18.599999999999998,20.740000000000002,2025-10
2025-10-22,20.1,13.7,16.0,2.0,부산,17.95714285714286,20.566666666666666,2025-10
2025-10-23,19.9,13.6,16.2,0.6,부산,17.3,20.386666666666667,2025-10
2025-10-24,19.1,12.8,15.6,1.4,부산,16.628571428571426,20.100000000000005,2025-10
2025-10-25,21.7,13.8,16.6,0.2,부산,16.11428571428571,19.883333333333333,2025-10
2025-10-26,18.1,11.8,14.5,0.4,부산,15.671428571428569,19.583333333333332,2025-10
2025-10-27,13.6,6.3,10.0,0.0,부산,14.814285714285713,19.166666666666668,2025-10
2025-10-28,13.9,3.7,7.9,0.0,부산,13.828571428571427,18.673333333333336,2025-10
2025-10-29,16.1,3.4,9.4,0.0,부산,12.885714285714286,18.279999999999998,2025-10
2025-10-30,18.2,6.0,12.0,0.0,부산,12.285714285714286,18.026666666666667,2025-10
2025-10-31,19.2,8.8,13.1,0.0,부산,11.928571428571429,17.77,2025-10
2025-11-01,17.8,7.6,12.6,0.0,부산,11.357142857142858,17.496666666666666,2025-11
2025-11-02,16.5,7.2,11.2,0.0,부산,10.885714285714284,17.233333333333334,2025-11
2025-11-03,14.9,2.8,9.3,0.0,부산,10.785714285714286,16.823333333333334,2025-11
2025-11-04,18.4,8.0,12.6,0.0,부산,11.457142857142856,16.513333333333332,2025-11
2025-11-05,19.3,6.6,12.6,0.0,부산,11.914285714285713,16.233333333333334,2025-11
2025-11-06,20.5,8.2,13.8,0.0,부산,12.171428571428569,15.95,2025-11
2025-11-07,19.3,9.6,14.5,0.0,부산,12.37142857142857,15.703333333333335,2025-11
2025-11-08,18.0,12.9,15.3,5.9,부산,12.757142857142856,15.526666666666667,2025-11
2025-11-09,19.3,10.5,14.4,20.3,부산,13.214285714285712,15.32,2025-11
2025-11-10,14.0,5.0,9.8,0.0,부산,13.285714285714286,14.923333333333334,2025-11
2025-11-11,15.4,3.8,8.8,0.0,부산,12.742857142857144,14.523333333333335,2025-11
2025-11-12,16.9,5.4,10.6,0.0,부산,12.457142857142856,14.196666666666665,2025-11
2025-11-13,17.6,6.3,10.9,0.0,부산,12.042857142857143,13.930000000000001,2025-11
2025-11-14,17.0,3.8,9.8,0.0,부산,11.37142857142857,13.573333333333334,2025-11
2025-11-15,16.5,2.9,9.4,0.0,부산,10.528571428571428,13.193333333333333,2025-11
2025-11-16,17.6,4.3,10.6,0.0,부산,9.985714285714284,12.870000000000001,2025-11
2025-11-17,11.7,3.2,7.8,0.0,부산,9.7,12.456666666666667,2025-11
2025-11-18,7.7,0.3,3.2,0.0,부산,8.899999999999999,11.976666666666668,2025-11
2025-11-19,8.9,-1.0,3.1,0.0,부산,7.828571428571427,11.546666666666669,2025-11
2025-11-20,13.1,-0.8,5.8,0.0,부산,7.099999999999999,11.246666666666668,2025-11
2025-11-21,11.9,2.9,6.7,0.0,부산,6.657142857142857,10.936666666666667,2025-11
2025-11-22,13.6,0.8,6.5,0.0,부산,6.242857142857141,10.613333333333333,2025-11
2025-11-23,14.4,-0.6,6.8,0.0,부산,5.699999999999998,10.32,2025-11
2025-11-24,16.6,5.1,10.1,0.0,부산,6.028571428571427,10.103333333333333,2025-11
2025-11-25,12.9,3.6,7.7,0.8,부산,6.671428571428571,9.876666666666667,2025-11
2025-11-26,13.2,3.2,7.6,0.0,부산,7.314285714285714,9.796666666666665,2025-11
2025-11-27,14.0,6.3,8.8,1.0,부산,7.742857142857141,9.826666666666666,2025-11
2025-11-28,9.5,0.2,5.0,0.0,부산,7.499999999999999,9.68,2025-11
2025-11-29,12.4,-2.9,4.9,0.0,부산,7.2714285714285705,9.443333333333333,2025-11
2025-11-30,18.3,5.2,11.8,0.0,부산,7.985714285714286,9.4,2025-11
2025-12-01,14.9,3.5,10.0,0.0,부산,7.971428571428571,9.313333333333333,2025-12
2025-12-02,10.6,1.6,5.4,0.0,부산,7.6428571428571415,9.120000000000001,2025-12
2025-12-03,4.9,-3.2,0.4,0.0,부산,6.614285714285713,8.823333333333332,2025-12
2025-12-04,5.2,-4.2,-0.7,0.0,부산,5.257142857142857,8.38,2025-12
2025-12-05,4.9,-3.1,0.8,0.0,부산,4.657142857142857,7.986666666666667,2025-12
2025-12-06,7.9,-4.7,1.3,0.0,부산,4.142857142857142,7.569999999999999,2025-12
2025-12-07,13.1,-1.2,6.5,0.0,부산,3.3857142857142852,7.303333333333334,2025-12
2025-12-08,9.8,1.6,6.2,0.0,부산,2.842857142857142,7.000000000000001,2025-12
2025-12-09,8.4,-1.8,2.5,0.0,부산,2.4285714285714275,6.603333333333334,2025-12
2025-12-10,10.2,-1.5,3.4,0.0,부산,2.8571428571428568,6.39,2025-12
2025-12-11,16.0,3.4,8.0,1.4,부산,4.1,6.363333333333333,2025-12
2025-12-12,7.6,0.9,4.9,0.1,부산,4.685714285714285,6.173333333333334,2025-12
2025-12-13,12.1,3.7,7.5,5.6,부산,5.57142857142857,6.0600000000000005,2025-12
2025-12-14,6.5,0.3,3.0,0.0,부산,5.07142857142857,5.833333333333333,2025-12
2025-12-15,7.8,-1.9,2.2,0.0,부산,4.499999999999999,5.593333333333334,2025-12
2025-12-16,10.2,-3.3,3.6,0.0,부산,4.657142857142857,5.36,2025-12
2025-12-17,11.2,2.8,6.4,0.0,부산,5.0857142857142845,5.313333333333334,2025-12
2025-12-18,10.9,-1.2,3.5,0.0,부산,4.442857142857142,5.323333333333334,2025-12
2025-12-19,14.6,0.1,7.0,0.0,부산,4.742857142857142,5.453333333333334,2025-12
2025-12-20,16.4,5.4,10.9,1.7,부산,5.228571428571428,5.623333333333333,2025-12
2025-12-21,11.1,-1.7,3.4,0.0,부산,5.285714285714285,5.513333333333334,2025-12
2025-12-22,9.6,-4.1,2.1,0.0,부산,5.2714285714285705,5.366666666666666,2025-12
2025-12-23,12.7,-1.2,4.8,1.1,부산,5.442857142857142,5.3,2025-12
2025-12-24,9.1,6.1,7.2,17.8,부산,5.557142857142856,5.203333333333333,2025-12
2025-12-25,6.1,-3.7,1.9,0.0,부산,5.328571428571427,5.010000000000001,2025-12
2025-12-26,-1.7,-8.8,-4.9,0.0,부산,3.6285714285714272,4.593333333333334,2025-12
2025-12-27,4.3,-5.9,-1.5,0.0,부산,1.857142857142856,4.250000000000001,2025-12
2025-12-28,8.3,-3.8,1.6,0.0,부산,1.599999999999999,4.136666666666667,2025-12
2025-12-29,11.8,0.3,5.5,0.1,부산,2.0857142857142845,4.156666666666667,2025-12
2025-12-30,7.5,-1.1,2.7,0.0,부산,1.7857142857142847,3.8533333333333335,2025-12
2025-12-31,1.8,-4.5,-1.3,0.0,부산,0.5714285714285704,3.476666666666667,2025-12
2026-01-01,-0.7,-6.4,-3.8,0.0,부산,-0.24285714285714383,3.1700000000000004,2026-01
2026-01-02,0.2,-8.5,-4.3,0.0,부산,-0.15714285714285806,3.0133333333333336,2026-01
2026-01-03,3.4,-6.0,-2.3,0.0,부산,-0.2714285714285723,2.9600000000000004,2026-01
2026-01-04,7.5,-4.0,0.9,0.0,부산,-0.37142857142857233,2.9633333333333334,2026-01
2026-01-05,5.9,-2.2,1.7,0.0,부산,-0.9142857142857153,2.976666666666667,2026-01
2026-01-06,7.2,-4.5,-0.1,0.0,부산,-1.3142857142857152,2.756666666666667,2026-01
2026-01-07,8.2,-3.2,1.7,0.0,부산,-0.8857142857142868,2.606666666666667,2026-01
2026-01-08,1.4,-5.8,-2.5,0.0,부산,-0.7000000000000011,2.44,2026-01
2026-01-09,5.1,-6.1,-0.9,0.0,부산,-0.21428571428571536,2.296666666666667,2026-01
2026-01-10,11.2,-0.4,6.1,0.0,부산,0.9857142857142845,2.233333333333334,2026-01
2026-01-11,0.5,-5.2,-2.3,0.0,부산,0.5285714285714274,1.9933333333333334,2026-01
2026-01-12,4.4,-8.2,-2.0,0.0,부산,-1.2053849981644557e-15,1.676666666666667,2026-01
2026-01-13,7.7,-2.0,3.7,0.0,부산,0.5428571428571417,1.7000000000000004,2026-01
2026-01-14,6.4,-4.2,0.5,0.0,부산,0.3714285714285702,1.6433333333333338,2026-01
2026-01-15,17.3,2.8,9.4,0.1,부산,2.0714285714285703,1.836666666666667,2026-01
2026-01-16,15.1,-2.9,6.7,0.0,부산,3.1571428571428557,1.8466666666666671,2026-01
2026-01-17,13.5,0.1,5.8,0.0,부산,3.114285714285713,1.9233333333333336,2026-01
2026-01-18,12.7,1.1,5.8,0.0,부산,4.2714285714285705,1.8833333333333335,2026-01
2026-01-19,7.1,-1.1,3.2,0.0,부산,5.014285714285713,1.6266666666666671,2026-01
2026-01-20,5.4,-4.3,-0.6,0.0,부산,4.399999999999999,1.4933333333333334,2026-01
2026-01-21,-0.2,-7.4,-4.0,0.0,부산,3.757142857142856,1.29,2026-01
2026-01-22,-1.0,-7.9,-4.8,0.0,부산,1.7285714285714273,0.9700000000000003,2026-01
2026-01-23,3.7,-6.3,-2.1,0.0,부산,0.4714285714285702,0.6600000000000003,2026-01
2026-01-24,2.9,-3.3,-0.8,0.0,부산,-0.4714285714285727,0.5700000000000003,2026-01
2026-01-25,3.6,-5.2,-1.5,0.0,부산,-1.5142857142857156,0.6833333333333336,2026-01
2026-01-26,6.0,-8.0,-1.0,0.0,부산,-2.114285714285715,0.7000000000000003,2026-01
2026-01-27,5.0,-2.5,0.4,0.0,부산,-1.9714285714285726,0.6600000000000001,2026-01
2026-01-28,3.6,-4.7,-1.4,0.0,부산,-1.6000000000000012,0.43000000000000027,2026-01
2026-01-29,4.8,-4.1,-0.8,0.0,부산,-1.0285714285714298,0.3133333333333336,2026-01
2026-01-30,1.0,-6.1,-2.6,0.0,부산,-1.1000000000000012,0.2700000000000003,2026-01
2026-01-31,6.0,-4.7,-0.6,0.0,부산,-1.0714285714285725,0.3766666666666669,2026-01
2026-02-01,4.3,-5.1,-0.9,0.0,부산,-0.9857142857142869,0.4900000000000002,2026-02
2026-02-02,3.7,-6.9,-1.5,0.6,부산,-1.0571428571428583,0.5166666666666669,2026-02
2026-02-03,6.7,-5.0,-0.3,0.0,부산,-1.1571428571428584,0.4766666666666669,2026-02
2026-02-04,9.5,-2.0,3.0,0.0,부산,-0.5285714285714297,0.5200000000000002,2026-02
2026-02-05,12.3,-1.6,5.0,0.0,부산,0.2999999999999988,0.6900000000000002,2026-02
2026-02-06,8.4,-0.2,4.0,0.0,부산,1.2428571428571418,0.7666666666666669,2026-02
2026-02-07,2.8,-5.1,-1.0,0.0,부산,1.1857142857142844,0.8166666666666669,2026-02
2026-02-08,-1.1,-8.8,-4.9,0.0,부산,0.614285714285713,0.6833333333333336,2026-02
2026-02-09,6.5,-6.4,-1.2,0.0,부산,0.6571428571428558,0.4400000000000003,2026-02
2026-02-10,3.7,-3.0,0.5,1.4,부산,0.7714285714285701,0.5333333333333335,2026-02
2026-02-11,9.3,-0.8,3.7,0.0,부산,0.8714285714285701,0.7233333333333335,2026-02
2026-02-12,10.9,-2.8,3.2,0.0,부산,0.614285714285713,0.7066666666666669,2026-02
2026-02-13,12.2,-3.7,3.7,0.0,부산,0.5714285714285702,0.8133333333333336,2026-02
2026-02-14,15.2,-0.5,7.3,0.0,부산,1.7571428571428558,0.7433333333333336,2026-02
2026-02-15,18.4,0.6,9.3,0.0,부산,3.7857142857142843,0.8300000000000003,2026-02
2026-02-16,11.8,1.9,6.3,0.2,부산,4.857142857142856,0.846666666666667,2026-02
2026-02-17,12.0,-0.2,6.2,0.0,부산,5.67142857142857,0.8600000000000002,2026-02
2026-02-18,11.7,-2.6,4.4,0.0,부산,5.7714285714285705,0.9000000000000002,2026-02
2026-02-19,11.1,-2.7,4.4,0.0,부산,5.942857142857142,1.066666666666667,2026-02
2026-02-20,13.6,-1.1,6.5,0.0,부산,6.342857142857142,1.4166666666666672,2026-02
2026-02-21,15.3,1.6,9.1,0.0,부산,6.6,1.8800000000000001,2026-02
2026-02-22,19.6,7.2,14.0,0.1,부산,7.2714285714285705,2.416666666666667,2026-02
2026-02-23,12.9,-0.2,5.9,0.0,부산,7.2142857142857135,2.64,2026-02
2026-02-24,8.5,0.7,3.6,24.3,부산,6.842857142857142,2.8100000000000005,2026-02
2026-02-25,10.1,3.8,7.5,0.3,부산,7.285714285714285,3.0933333333333337,2026-02
2026-02-26,10.7,7.6,8.8,0.0,부산,7.914285714285713,3.373333333333334,2026-02
2026-02-27,9.7,5.4,7.3,6.7,부산,8.028571428571428,3.6633333333333336,2026-02
2026-02-28,9.6,2.5,6.3,0.0,부산,7.628571428571427,3.9,2026-02
2026-03-01,10.3,7.2,8.3,0.0,부산,6.814285714285712,4.263333333333334,2026-03
2026-03-02,8.3,6.8,7.5,28.7,부산,7.04285714285714,4.533333333333333,2026-03
2026-03-03,9.7,4.8,7.4,3.2,부산,7.5857142857142845,4.8100000000000005,2026-03
2026-03-04,13.0,1.9,6.5,0.0,부산,7.442857142857142,5.076666666666667,2026-03
2026-03-05,12.3,2.0,7.2,0.0,부산,7.214285714285713,5.326666666666667,2026-03
2026-03-06,11.7,2.2,7.1,3.7,부산,7.185714285714284,5.463333333333335,2026-03
2026-03-07,8.1,-2.1,2.7,0.0,부산,6.67142857142857,5.386666666666668,2026-03
2026-03-08,9.5,-3.8,3.0,0.0,부산,5.914285714285713,5.353333333333334,2026-03
2026-03-09,10.0,0.2,4.3,0.0,부산,5.4571428571428555,5.530000000000001,2026-03
2026-03-10,9.7,-2.6,3.8,0.0,부산,4.942857142857142,5.819999999999999,2026-03
2026-03-11,11.9,-0.6,5.3,0.0,부산,4.7714285714285705,6.036666666666667,2026-03
2026-03-12,11.7,1.5,6.0,0.6,부산,4.599999999999999,6.220000000000001,2026-03
2026-03-13,8.8,2.2,5.1,0.2,부산,4.314285714285712,6.266666666666667,2026-03
2026-03-14,12.5,0.2,5.9,0.0,부산,4.77142857142857,6.356666666666667,2026-03
2026-03-15,14.2,1.7,7.7,0.0,부산,5.442857142857141,6.489999999999999,2026-03
2026-03-16,12.7,3.1,8.2,0.2,부산,5.999999999999998,6.5200000000000005,2026-03
2026-03-17,14.2,2.8,9.0,0.2,부산,6.742857142857141,6.510000000000001,2026-03
2026-03-18,10.5,7.6,8.8,5.4,부산,7.242857142857141,6.593333333333334,2026-03
2026-03-19,15.6,3.4,8.6,0.0,부산,7.614285714285713,6.673333333333333,2026-03
2026-03-20,15.9,3.6,8.7,0.0,부산,8.128571428571426,6.816666666666666,2026-03
2026-03-21,15.7,4.4,10.0,0.0,부산,8.714285714285712,7.003333333333334,2026-03
2026-03-22,16.4,4.2,9.9,0.0,부산,9.028571428571427,7.116666666666668,2026-03
2026-03-23,17.8,4.3,10.6,0.0,부산,9.37142857142857,7.166666666666667,2026-03
2026-03-24,14.7,6.4,10.6,0.0,부산,9.599999999999998,7.053333333333333,2026-03
2026-03-25,13.5,6.6,10.4,1.5,부산,9.828571428571427,7.203333333333334,2026-03
2026-03-26,19.9,4.8,11.6,0.0,부산,10.257142857142854,7.47,2026-03
2026-03-27,22.0,5.8,14.0,0.0,부산,11.014285714285714,7.6866666666666665,2026-03
2026-03-28,19.8,9.8,13.8,0.0,부산,11.557142857142855,7.853333333333334,2026-03
2026-03-29,19.4,6.6,12.9,0.0,부산,11.985714285714284,8.04,2026-03
2026-03-30,20.5,8.3,13.2,10.6,부산,12.357142857142856,8.270000000000001,2026-03
2026-03-31,17.0,11.0,13.3,9.8,부산,12.742857142857142,8.436666666666666,2026-03
2026-04-01,14.1,10.3,11.7,2.9,부산,12.928571428571427,8.576666666666666,2026-04
2026-04-02,19.1,7.6,12.8,1.3,부산,13.099999999999998,8.756666666666666,2026-04
2026-04-03,19.1,7.4,13.4,0.6,부산,13.014285714285714,8.986666666666668,2026-04
2026-04-04,19.0,10.8,14.5,43.1,부산,13.114285714285712,9.23,2026-04
2026-04-05,16.9,7.7,12.2,0.0,부산,13.014285714285714,9.4,2026-04
2026-04-06,18.9,9.0,14.1,17.5,부산,13.14285714285714,9.78,2026-04
2026-04-07,14.0,5.6,9.8,0.0,부산,12.64285714285714,10.006666666666666,2026-04
2026-04-08,15.4,1.9,9.4,0.0,부산,12.314285714285713,10.176666666666668,2026-04
2026-04-09,15.9,8.5,12.4,57.0,부산,12.257142857142856,10.463333333333333,2026-04
2026-04-10,21.6,11.4,16.9,1.9,부산,12.757142857142854,10.85,2026-04
2026-04-11,21.0,7.8,14.5,0.0,부산,12.757142857142854,11.133333333333333,2026-04
2026-04-12,18.4,11.4,14.9,0.0,부산,13.142857142857142,11.46,2026-04
2026-04-13,22.4,11.5,16.2,0.0,부산,13.442857142857141,11.803333333333335,2026-04
2026-04-14,17.4,13.0,14.7,0.0,부산,14.14285714285714,12.036666666666665,2026-04
2026-04-15,22.2,10.9,15.3,0.0,부산,14.985714285714282,12.273333333333333,2026-04
2026-04-16,17.7,10.5,13.5,0.0,부산,15.142857142857142,12.423333333333334,2026-04
2026-04-17,19.4,10.7,14.0,9.1,부산,14.728571428571428,12.596666666666666,2026-04
2026-04-18,21.9,13.3,16.6,10.2,부산,15.028571428571427,12.863333333333335,2026-04
2026-04-19,22.4,14.1,17.6,0.1,부산,15.414285714285711,13.16,2026-04
2026-04-20,22.0,13.0,17.2,0.0,부산,15.557142857142855,13.4,2026-04
2026-04-21,20.9,8.1,13.9,0.0,부산,15.442857142857141,13.533333333333333,2026-04
2026-04-22,16.9,11.3,13.5,1.7,부산,15.185714285714283,13.63,2026-04
2026-04-23,16.5,11.1,13.2,4.3,부산,15.14285714285714,13.716666666666667,2026-04
2026-04-24,18.6,10.1,13.6,0.0,부산,15.085714285714285,13.823333333333334,2026-04
2026-04-25,21.6,8.8,14.9,0.0,부산,14.842857142857142,13.933333333333334,2026-04
2026-04-26,22.7,9.4,16.3,0.0,부산,14.657142857142855,14.01,2026-04
2026-04-27,23.9,12.9,17.5,0.0,부산,14.7,14.133333333333333,2026-04
2026-04-28,23.0,13.1,17.4,0.0,부산,15.199999999999998,14.283333333333333,2026-04
2026-04-29,18.8,10.4,14.4,0.0,부산,15.328571428571426,14.323333333333334,2026-04
2026-04-30,16.7,11.7,14.0,2.3,부산,15.44285714285714,14.346666666666668,2026-04
2026-05-01,22.3,9.2,14.4,13.1,부산,15.557142857142855,14.436666666666667,2026-05
2026-05-02,23.5,10.9,16.9,0.0,부산,15.84285714285714,14.573333333333332,2026-05
2026-05-03,16.2,12.5,14.8,23.6,부산,15.628571428571425,14.62,2026-05
2026-05-04,19.9,10.2,14.6,0.0,부산,15.214285714285712,14.623333333333335,2026-05
2026-05-05,19.7,7.8,14.0,0.0,부산,14.728571428571428,14.683333333333334,2026-05
2026-05-06,21.4,9.1,15.2,0.0,부산,14.842857142857142,14.72,2026-05
2026-05-07,22.5,11.3,17.2,0.0,부산,15.299999999999999,14.966666666666667,2026-05
2026-05-08,23.1,13.8,18.1,0.5,부산,15.828571428571426,15.256666666666668,2026-05
2026-05-09,23.8,8.7,16.0,0.0,부산,15.7,15.376666666666667,2026-05
2026-05-10,22.4,9.6,16.7,0.0,부산,15.971428571428572,15.370000000000001,2026-05
2026-05-11,23.2,12.1,18.0,0.0,부산,16.457142857142856,15.486666666666668,2026-05
2026-05-12,20.7,15.2,17.1,4.8,부산,16.9,15.56,2026-05
2026-05-13,23.9,12.2,18.2,0.0,부산,17.328571428571426,15.626666666666667,2026-05
2026-05-14,24.7,13.0,18.8,0.0,부산,17.557142857142857,15.763333333333334,2026-05
2026-05-15,25.0,13.5,18.8,0.0,부산,17.657142857142855,15.879999999999999,2026-05
2026-05-16,29.5,10.2,20.6,0.0,부산,18.314285714285713,16.116666666666667,2026-05
2026-05-17,30.9,15.5,23.1,0.0,부산,19.228571428571428,16.42,2026-05
2026-05-18,29.6,14.9,22.5,0.0,부산,19.87142857142857,16.616666666666667,2026-05
2026-05-19,27.4,15.2,22.0,0.0,부산,20.571428571428573,16.763333333333335,2026-05
2026-05-20,20.4,15.6,17.0,45.4,부산,20.4,16.756666666666668,2026-05
2026-05-21,21.7,15.9,18.2,14.0,부산,20.314285714285713,16.9,2026-05
2026-05-22,21.4,15.6,17.9,0.0,부산,20.185714285714283,17.046666666666667,2026-05
2026-05-23,21.2,15.5,17.2,1.0,부산,19.699999999999996,17.18,2026-05
2026-05-24,23.6,13.8,18.5,0.0,부산,19.04285714285714,17.34333333333333,2026-05
2026-05-25,28.0,17.2,22.1,1.8,부산,18.985714285714284,17.583333333333332,2026-05
2026-05-26,26.4,18.7,22.4,8.1,부산,19.04285714285714,17.78666666666667,2026-05
2026-05-27,22.4,19.2,20.1,11.4,부산,19.485714285714284,17.873333333333335,2026-05
2026-05-28,27.9,18.9,22.9,2.8,부산,20.157142857142855,18.05666666666667,2026-05
2026-05-29,25.0,17.8,21.1,0.8,부산,20.61428571428571,18.280000000000005,2026-05
2026-05-30,30.6,14.9,22.8,0.0,부산,21.414285714285715,18.573333333333334,2026-05
2026-05-31,31.2,16.3,24.2,0.0,부산,22.228571428571428,18.900000000000002,2026-05
2026-06-01,29.4,18.1,23.5,2.7,부산,22.428571428571427,19.12,2026-06
2026-06-02,21.4,19.2,20.1,28.3,부산,22.099999999999998,19.296666666666667,2026-06
2026-06-03,26.5,17.9,21.8,1.1,부산,22.342857142857138,19.53666666666667,2026-06
2026-06-04,23.8,19.1,21.2,0.2,부산,22.099999999999998,19.776666666666664,2026-06
2026-06-05,28.2,18.0,22.9,0.0,부산,22.357142857142854,20.03333333333334,2026-06
2026-06-06,25.6,15.3,21.1,0.0,부산,22.11428571428571,20.163333333333334,2026-06
2026-06-07,26.6,19.5,21.5,3.1,부산,21.728571428571424,20.276666666666664,2026-06
2026-06-08,22.1,17.9,19.7,3.7,부산,21.185714285714283,20.4,2026-06
2026-06-09,23.1,16.3,19.6,4.1,부산,21.11428571428571,20.49666666666667,2026-06
2026-06-10,28.1,15.2,21.5,0.5,부산,21.071428571428566,20.613333333333337,2026-06
2026-06-11,28.2,16.6,22.1,0.9,부산,21.2,20.780000000000005,2026-06
2026-06-12,29.1,16.7,22.8,0.0,부산,21.185714285714283,20.933333333333334,2026-06
2026-06-13,28.9,17.3,23.4,0.0,부산,21.514285714285712,21.086666666666666,2026-06
2026-06-14,28.8,17.7,23.2,0.0,부산,21.757142857142856,21.233333333333334,2026-06
2026-06-15,27.6,18.6,23.2,0.0,부산,22.257142857142856,21.32,2026-06
2026-06-16,27.8,18.8,23.3,0.0,부산,22.78571428571428,21.326666666666668,2026-06
2026-06-17,28.8,20.1,24.6,0.1,부산,23.228571428571428,21.39666666666667,2026-06
2026-06-18,29.8,21.8,25.2,3.5,부산,23.67142857142857,21.503333333333334,2026-06
2026-06-19,27.8,22.5,24.4,7.8,부산,23.9,21.75,2026-06
2026-06-20,26.8,22.5,23.9,30.8,부산,23.971428571428564,21.94,2026-06
2026-06-21,25.7,19.5,22.2,1.8,부산,23.828571428571426,22.083333333333332,2026-06
2026-06-22,22.6,18.7,19.7,1.7,부산,23.328571428571426,22.166666666666668,2026-06
2026-06-23,22.4,18.1,19.6,0.6,부산,22.799999999999994,22.203333333333333,2026-06
2026-06-24,21.2,18.5,19.7,3.4,부산,22.099999999999998,22.12333333333333,2026-06
2026-06-25,26.2,19.4,22.0,8.0,부산,21.642857142857142,22.11,2026-06
2026-06-26,24.2,18.7,21.2,2.3,부산,21.185714285714283,22.14666666666667,2026-06
2026-06-27,25.3,16.7,20.5,0.0,부산,20.699999999999996,22.066666666666666,2026-06
2026-06-28,26.0,15.6,20.6,0.0,부산,20.471428571428568,22.050000000000004,2026-06
2026-06-29,26.6,16.7,21.5,0.0,부산,20.728571428571428,22.006666666666668,2026-06
2026-06-30,26.5,18.5,22.2,0.0,부산,21.099999999999998,21.939999999999998,2026-06
2026-07-01,21.9,18.9,20.4,61.8,부산,21.199999999999996,21.836666666666666,2026-07
2026-07-02,25.8,18.4,21.7,3.3,부산,21.15714285714285,21.89,2026-07
2026-07-03,26.2,18.9,22.5,0.3,부산,21.342857142857138,21.913333333333334,2026-07
2026-07-04,27.9,21.1,22.9,15.1,부산,21.685714285714283,21.970000000000002,2026-07
2026-07-05,24.4,21.9,23.1,12.1,부산,22.042857142857144,21.97666666666667,2026-07
2026-07-06,29.1,22.5,25.0,4.0,부산,22.542857142857144,22.10666666666667,2026-07
2026-07-07,28.6,23.5,25.4,5.0,부산,22.999999999999996,22.236666666666668,2026-07
2026-07-08,28.2,23.3,25.4,0.1,부산,23.71428571428571,22.426666666666666,2026-07
2026-07-09,28.9,23.9,25.8,0.3,부산,24.3,22.633333333333333,2026-07
2026-07-10,30.8,23.2,26.8,0.1,부산,24.91428571428571,22.81,2026-07
2026-07-11,33.8,24.1,28.6,0.0,부산,25.728571428571424,23.026666666666664,2026-07
2026-07-12,31.5,25.5,28.4,0.0,부산,26.485714285714284,23.21333333333333,2026-07
2026-07-13,30.8,25.7,27.9,2.3,부산,26.9,23.363333333333333,2026-07
2026-07-14,29.8,25.6,27.2,3.4,부산,27.15714285714285,23.496666666666666,2026-07
2026-07-15,31.9,25.3,28.3,1.3,부산,27.571428571428573,23.666666666666668,2026-07
2026-07-16,35.1,23.9,28.9,0.1,부산,28.014285714285712,23.85333333333333,2026-07
2026-07-17,32.7,25.8,28.3,7.3,부산,28.228571428571424,23.976666666666667,2026-07
2026-07-18,31.9,25.4,27.7,1.1,부산,28.099999999999998,24.06,2026-07
2026-07-19,31.9,25.5,28.0,4.7,부산,28.04285714285714,24.180000000000003,2026-07
2026-07-20,32.4,24.2,28.0,14.5,부산,28.057142857142853,24.316666666666666,2026-07
2026-07-21,31.9,25.3,28.7,0.3,부산,28.27142857142857,24.533333333333335,2026-07
2026-07-22,34.0,26.3,29.7,0.1,부산,28.471428571428564,24.866666666666667,2026-07
2026-07-23,33.9,26.2,29.5,0.6,부산,28.557142857142853,25.19666666666667,2026-07
2026-07-24,35.5,25.6,30.0,0.0,부산,28.799999999999994,25.540000000000003,2026-07
2026-07-25,36.0,25.3,30.3,0.0,부산,29.17142857142857,25.816666666666666,2026-07
2026-07-26,36.2,27.1,31.1,7.4,부산,29.61428571428571,26.146666666666665,2026-07
2026-07-27,36.0,26.1,31.0,0.5,부산,30.04285714285714,26.496666666666666,2026-07
2026-07-28,37.6,27.5,32.4,0.3,부산,30.571428571428566,26.889999999999997,2026-07
2026-07-29,39.1,28.7,33.8,0.0,부산,31.15714285714285,27.3,2026-07
2026-07-30,39.6,26.9,33.2,0.0,부산,31.685714285714283,27.666666666666668,2026-07
2026-07-31,39.6,26.4,33.0,0.0,부산,32.114285714285714,28.086666666666666,2026-07
2026-08-01,40.2,27.8,34.1,0.0,부산,32.65714285714285,28.5,2026-08
2026-08-02,40.1,28.5,33.4,0.0,부산,32.98571428571428,28.863333333333333,2026-08
2026-08-03,35.9,27.9,31.5,0.0,부산,33.05714285714286,29.15,2026-08
2026-08-04,34.7,27.6,30.4,1.3,부산,32.77142857142857,29.39333333333333,2026-08
2026-08-05,33.5,26.2,29.2,0.0,부산,32.114285714285714,29.533333333333335,2026-08
2026-08-06,34.7,25.1,29.2,0.0,부산,31.542857142857137,29.66,2026-08
2026-08-07,35.6,25.8,30.3,0.0,부산,31.15714285714285,29.823333333333334,2026-08
2026-08-08,33.7,26.6,29.6,3.5,부산,30.51428571428571,29.95,2026-08
2026-08-09,30.6,24.5,26.9,2.5,부산,29.585714285714285,29.953333333333333,2026-08
2026-08-10,29.6,24.2,26.1,3.1,부산,28.81428571428571,29.87,2026-08
2026-08-11,29.8,22.5,25.2,0.0,부산,28.071428571428573,29.763333333333332,2026-08
2026-08-12,30.1,21.1,25.6,0.1,부산,27.557142857142853,29.686666666666667,2026-08
2026-08-13,30.9,22.7,25.9,3.6,부산,27.085714285714285,29.64333333333333,2026-08
2026-08-14,31.8,21.5,26.5,0.0,부산,26.54285714285714,29.583333333333332,2026-08
2026-08-15,31.4,22.5,26.6,4.2,부산,26.11428571428571,29.506666666666668,2026-08
2026-08-16,24.5,22.9,23.6,145.5,부산,25.64285714285714,29.35,2026-08
2026-08-17,26.2,23.3,24.2,183.3,부산,25.37142857142857,29.233333333333338,2026-08
2026-08-18,29.0,23.4,25.7,14.5,부산,25.442857142857143,29.15666666666667,2026-08
2026-08-19,30.7,24.4,27.1,2.1,부산,25.657142857142855,29.12666666666667,2026-08
2026-08-20,31.8,23.3,27.3,3.2,부산,25.857142857142858,29.08,2026-08
2026-08-21,31.1,24.2,26.9,5.6,부산,25.914285714285715,28.986666666666668,2026-08
2026-08-22,30.8,24.6,27.3,5.5,부산,26.014285714285712,28.913333333333334,2026-08
2026-08-23,33.1,24.7,28.4,0.7,부산,26.699999999999996,28.86,2026-08
2026-08-24,33.4,24.3,28.8,0.2,부산,27.357142857142858,28.810000000000002,2026-08
2026-08-25,32.8,24.7,28.9,2.2,부산,27.814285714285713,28.736666666666668,2026-08
2026-08-26,34.3,23.4,28.9,1.5,부산,28.071428571428566,28.666666666666668,2026-08
2026-08-27,33.4,24.0,27.1,17.3,부산,28.04285714285714,28.490000000000002,2026-08
2026-08-28,27.1,24.3,25.3,34.7,부산,27.814285714285713,28.206666666666667,2026-08
2026-08-29,29.7,25.1,26.9,5.9,부산,27.757142857142856,27.996666666666666,2026-08
2022-01-01,-0.1,-9.4,-5.9,0.0,서울,,,2022-01
2022-01-02,2.2,-6.9,-2.1,0.4,서울,,,2022-01
2022-01-03,1.0,-8.7,-4.4,0.1,서울,,,2022-01
2022-01-04,-0.3,-6.7,-3.6,0.0,서울,,,2022-01
2022-01-05,2.7,-7.9,-3.6,0.0,서울,,,2022-01
2022-01-06,2.5,-6.3,-3.4,0.0,서울,,,2022-01
2022-01-07,2.4,-8.0,-4.2,0.0,서울,-3.885714285714286,,2022-01
2022-01-08,4.6,-6.5,-1.1,0.0,서울,-3.2,,2022-01
2022-01-09,3.8,-5.0,-1.0,0.0,서울,-3.042857142857143,,2022-01
2022-01-10,3.6,-5.3,-1.6,0.8,서울,-2.642857142857143,,2022-01
2022-01-11,-1.4,-10.5,-7.2,0.6,서울,-3.1571428571428575,,2022-01
2022-01-12,-4.5,-10.6,-8.0,0.0,서울,-3.7857142857142856,,2022-01
2022-01-13,-3.8,-9.1,-7.0,0.0,서울,-4.3,,2022-01
2022-01-14,-1.2,-10.0,-6.6,0.0,서울,-4.642857142857143,,2022-01
2022-01-15,2.7,-6.2,-2.2,0.1,서울,-4.8,,2022-01
2022-01-16,-0.2,-7.9,-3.4,0.2,서울,-5.142857142857143,,2022-01
2022-01-17,-0.5,-8.7,-5.9,0.0,서울,-5.757142857142857,,2022-01
2022-01-18,-1.7,-10.0,-6.5,0.0,서울,-5.657142857142857,,2022-01
2022-01-19,-1.3,-8.5,-5.5,1.6,서울,-5.3,,2022-01
2022-01-20,0.4,-10.1,-6.1,0.0,서울,-5.171428571428572,,2022-01
2022-01-21,2.4,-8.8,-4.1,0.0,서울,-4.814285714285714,,2022-01
2022-01-22,3.7,-6.0,-1.2,0.0,서울,-4.671428571428571,,2022-01
2022-01-23,6.6,-3.1,0.6,0.0,서울,-4.1,,2022-01
2022-01-24,7.5,-0.9,2.4,0.0,서울,-2.914285714285714,,2022-01
2022-01-25,5.3,-0.7,2.0,0.8,서울,-1.6999999999999997,,2022-01
2022-01-26,4.8,-4.9,-0.8,0.0,서울,-1.0285714285714285,,2022-01
2022-01-27,3.1,-5.8,-2.3,0.0,서울,-0.48571428571428565,,2022-01
2022-01-28,1.6,-7.0,-3.7,0.0,서울,-0.42857142857142855,,2022-01
2022-01-29,0.2,-7.2,-4.4,0.0,서울,-0.8857142857142858,,2022-01
2022-01-30,1.7,-7.7,-4.2,0.0,서울,-1.5714285714285714,-3.5,2022-01
2022-01-31,3.7,-7.7,-2.7,1.0,서울,-2.3000000000000003,-3.393333333333333,2022-01
2022-02-01,2.1,-5.9,-1.6,0.9,서울,-2.814285714285714,-3.3766666666666665,2022-02
2022-02-02,-0.7,-7.2,-4.8,0.0,서울,-3.3857142857142857,-3.3899999999999997,2022-02
2022-02-03,0.0,-7.2,-4.3,0.0,서울,-3.6714285714285713,-3.4133333333333336,2022-02
2022-02-04,-2.1,-9.2,-5.8,0.0,서울,-3.971428571428571,-3.486666666666667,2022-02
2022-02-05,-2.9,-9.9,-7.2,0.0,서울,-4.371428571428572,-3.6133333333333337,2022-02
2022-02-06,0.6,-8.7,-4.8,0.0,서울,-4.457142857142856,-3.6333333333333333,2022-02
2022-02-07,1.5,-7.5,-3.9,0.0,서울,-4.628571428571428,-3.7266666666666666,2022-02
2022-02-08,4.2,-5.4,-1.8,0.0,서울,-4.6571428571428575,-3.7533333333333334,2022-02
2022-02-09,5.1,-6.7,-1.8,0.0,서울,-4.228571428571429,-3.76,2022-02
2022-02-10,6.2,-4.3,-0.5,0.0,서울,-3.6857142857142855,-3.5366666666666666,2022-02
2022-02-11,7.6,-4.8,0.1,0.0,서울,-2.842857142857143,-3.266666666666666,2022-02
2022-02-12,8.7,-2.5,1.8,0.0,서울,-1.557142857142857,-2.9733333333333336,2022-02
2022-02-13,8.5,-2.6,1.8,0.0,서울,-0.6142857142857142,-2.6933333333333334,2022-02
2022-02-14,8.0,-3.1,0.9,1.4,서울,0.07142857142857144,-2.5899999999999994,2022-02
2022-02-15,-2.9,-8.6,-5.5,0.0,서울,-0.45714285714285713,-2.6599999999999997,2022-02
2022-02-16,-4.0,-9.7,-7.5,0.0,서울,-1.2714285714285716,-2.713333333333333,2022-02
2022-02-17,-1.9,-10.5,-7.1,0.0,서울,-2.2142857142857144,-2.7333333333333334,2022-02
2022-02-18,4.2,-8.4,-3.2,0.0,서울,-2.685714285714286,-2.6566666666666667,2022-02
2022-02-19,2.7,-7.3,-2.0,0.0,서울,-3.2285714285714286,-2.5200000000000005,2022-02
2022-02-20,-1.2,-8.4,-5.5,0.0,서울,-4.271428571428571,-2.566666666666667,2022-02
2022-02-21,3.2,-7.8,-3.5,0.2,서울,-4.8999999999999995,-2.6433333333333335,2022-02
2022-02-22,-0.6,-7.7,-4.9,0.0,서울,-4.814285714285715,-2.8266666666666667,2022-02
2022-02-23,-1.3,-9.3,-6.0,0.0,서울,-4.6000000000000005,-3.106666666666667,2022-02
2022-02-24,2.4,-8.7,-4.0,0.0,서울,-4.1571428571428575,-3.3066666666666666,2022-02
2022-02-25,7.9,-4.4,1.0,0.0,서울,-3.557142857142857,-3.2466666666666666,2022-02
2022-02-26,9.2,-0.6,3.5,1.2,서울,-2.7714285714285714,-3.0533333333333332,2022-02
2022-02-27,7.3,-4.9,1.3,0.0,서울,-1.8000000000000003,-2.8866666666666663,2022-02
2022-02-28,8.9,-2.1,3.3,0.0,서울,-0.8285714285714288,-2.6300000000000003,2022-02
2022-03-01,8.9,-2.5,4.0,1.5,서울,0.44285714285714267,-2.356666666666667,2022-03
2022-03-02,6.3,-5.7,0.1,0.0,서울,1.3142857142857138,-2.263333333333333,2022-03
2022-03-03,9.2,-4.0,2.5,0.0,서울,2.242857142857143,-2.126666666666667,2022-03
2022-03-04,13.4,-3.3,4.2,3.7,서울,2.6999999999999997,-1.8266666666666667,2022-03
2022-03-05,5.6,-3.2,0.8,0.0,서울,2.314285714285714,-1.6566666666666667,2022-03
2022-03-06,5.0,-4.5,-0.3,0.0,서울,2.085714285714286,-1.4733333333333332,2022-03
2022-03-07,7.0,-4.5,0.1,0.0,서울,1.6285714285714286,-1.23,2022-03
2022-03-08,9.8,-3.9,2.2,0.0,서울,1.3714285714285714,-0.9966666666666666,2022-03
2022-03-09,11.8,-1.8,3.4,0.0,서울,1.842857142857143,-0.7533333333333333,2022-03
2022-03-10,13.7,0.2,5.4,0.0,서울,2.257142857142857,-0.5133333333333333,2022-03
2022-03-11,15.1,-1.5,6.1,0.0,서울,2.5285714285714285,-0.24999999999999997,2022-03
2022-03-12,19.0,1.3,9.4,1.8,서울,3.7571428571428567,0.08000000000000004,2022-03
2022-03-13,13.8,8.4,10.4,12.7,서울,5.285714285714286,0.4233333333333334,2022-03
2022-03-14,13.1,4.3,6.8,7.5,서울,6.242857142857142,0.59,2022-03
2022-03-15,10.2,-2.4,4.0,0.0,서울,6.5,0.6633333333333334,2022-03
2022-03-16,15.1,-0.7,6.9,0.0,서울,7.0,0.8633333333333333,2022-03
2022-03-17,15.0,5.5,9.0,0.4,서울,7.514285714285713,1.3466666666666667,2022-03
2022-03-18,8.7,4.4,6.3,0.1,서울,7.542857142857143,1.8066666666666664,2022-03
2022-03-19,6.0,1.1,3.0,14.5,서울,6.628571428571428,2.143333333333333,2022-03
2022-03-20,8.1,-1.4,3.0,0.1,서울,5.571428571428571,2.35,2022-03
2022-03-21,8.8,-3.6,2.7,0.0,서울,4.985714285714285,2.506666666666667,2022-03
2022-03-22,11.3,-2.5,4.5,0.0,서울,5.057142857142857,2.8400000000000003,2022-03
2022-03-23,8.0,1.0,3.9,0.0,서울,4.628571428571428,3.086666666666667,2022-03
2022-03-24,13.2,0.1,5.9,0.0,서울,4.185714285714285,3.4466666666666663,2022-03
2022-03-25,17.5,3.5,10.6,7.9,서울,4.799999999999999,4.0,2022-03
2022-03-26,16.7,7.1,11.5,24.8,서울,6.014285714285713,4.516666666666667,2022-03
2022-03-27,11.5,1.4,6.3,0.0,서울,6.485714285714286,4.6933333333333325,2022-03
2022-03-28,11.8,-1.6,4.9,0.0,서울,6.8,4.739999999999999,2022-03
2022-03-29,13.4,-0.4,7.0,0.0,서울,7.157142857142857,4.930000000000001,2022-03
2022-03-30,13.9,2.0,8.6,4.4,서울,7.828571428571428,5.1066666666666665,2022-03
2022-03-31,12.8,5.3,8.6,1.7,서울,8.214285714285714,5.260000000000001,2022-03
2022-04-01,12.5,0.9,6.4,0.0,서울,7.614285714285714,5.47,2022-04
2022-04-02,11.6,-0.5,5.8,0.0,서울,6.799999999999999,5.58,2022-04
2022-04-03,14.4,1.4,7.2,0.0,서울,6.928571428571429,5.679999999999999,2022-04
2022-04-04,14.2,2.4,7.7,0.0,서울,7.328571428571428,5.91,2022-04
2022-04-05,13.7,1.7,7.7,0.0,서울,7.428571428571429,6.176666666666666,2022-04
2022-04-06,14.9,4.0,9.0,0.0,서울,7.485714285714286,6.473333333333333,2022-04
2022-04-07,13.5,4.4,8.1,0.0,서울,7.414285714285713,6.67,2022-04
2022-04-08,17.3,1.9,9.7,0.0,서울,7.885714285714285,6.88,2022-04
2022-04-09,21.3,8.0,13.7,0.0,서울,9.014285714285714,7.156666666666666,2022-04
2022-04-10,22.4,8.1,14.4,0.0,서울,10.042857142857143,7.433333333333334,2022-04
2022-04-11,23.9,9.2,15.7,0.0,서울,11.185714285714285,7.643333333333333,2022-04
2022-04-12,20.5,11.8,15.3,0.7,서울,12.27142857142857,7.806666666666667,2022-04
2022-04-13,13.7,9.1,10.9,3.3,서울,12.542857142857141,7.943333333333333,2022-04
2022-04-14,14.3,9.0,10.9,0.1,서울,12.942857142857141,8.173333333333334,2022-04
2022-04-15,17.1,3.6,10.6,0.8,서울,13.071428571428571,8.296666666666667,2022-04
2022-04-16,17.2,5.0,10.1,0.0,서울,12.557142857142859,8.333333333333334,2022-04
2022-04-17,18.7,4.2,10.5,0.0,서울,12.0,8.473333333333333,2022-04
2022-04-18,18.5,7.6,11.8,0.0,서울,11.442857142857141,8.766666666666667,2022-04
2022-04-19,19.4,4.9,11.5,0.0,서울,10.9,9.05,2022-04
2022-04-20,19.7,4.9,11.9,0.0,서울,11.042857142857143,9.356666666666666,2022-04
2022-04-21,21.2,6.5,13.7,0.0,서울,11.442857142857141,9.663333333333332,2022-04
2022-04-22,18.5,10.7,13.8,0.2,서울,11.9,9.993333333333334,2022-04
2022-04-23,24.5,7.6,15.3,0.0,서울,12.642857142857142,10.306666666666667,2022-04
2022-04-24,22.1,10.2,15.1,0.1,서울,13.299999999999999,10.456666666666669,2022-04
2022-04-25,23.9,13.9,18.3,3.0,서울,14.228571428571428,10.683333333333334,2022-04
2022-04-26,27.0,16.1,20.4,4.2,서울,15.5,11.153333333333334,2022-04
2022-04-27,21.3,10.3,15.6,0.0,서울,16.02857142857143,11.509999999999998,2022-04
2022-04-28,23.4,9.0,16.0,0.0,서울,16.357142857142858,11.809999999999999,2022-04
2022-04-29,15.9,9.2,12.4,16.6,서울,16.157142857142855,11.936666666666667,2022-04
2022-04-30,16.3,8.6,11.5,0.4,서울,15.614285714285714,12.033333333333333,2022-04
2022-05-01,16.9,4.7,11.0,0.0,서울,15.028571428571427,12.186666666666667,2022-05
2022-05-02,17.9,6.2,11.7,0.0,서울,14.085714285714285,12.383333333333333,2022-05
2022-05-03,18.0,5.3,12.5,0.0,서울,12.957142857142856,12.56,2022-05
2022-05-04,23.1,7.6,14.9,0.0,서울,12.857142857142858,12.8,2022-05
2022-05-05,23.2,8.7,15.9,0.0,서울,12.842857142857142,13.073333333333332,2022-05
2022-05-06,23.7,10.1,17.2,0.0,서울,13.528571428571428,13.346666666666666,2022-05
2022-05-07,23.2,13.2,17.1,0.7,서울,14.328571428571426,13.646666666666668,2022-05
2022-05-08,18.0,11.1,14.5,4.4,서울,14.828571428571426,13.806666666666668,2022-05
2022-05-09,24.2,8.9,16.2,0.0,서울,15.471428571428572,13.889999999999999,2022-05
2022-05-10,24.2,10.5,17.4,0.3,서울,16.17142857142857,13.99,2022-05
2022-05-11,22.9,12.9,17.4,0.0,서울,16.52857142857143,14.046666666666669,2022-05
2022-05-12,26.2,12.3,18.8,0.0,서울,16.942857142857143,14.163333333333332,2022-05
2022-05-13,24.8,13.6,18.4,0.0,서울,17.114285714285714,14.413333333333334,2022-05
2022-05-14,19.9,9.2,14.7,0.0,서울,16.77142857142857,14.54,2022-05
2022-05-15,21.3,8.4,14.5,0.0,서울,16.77142857142857,14.67,2022-05
2022-05-16,21.8,8.6,15.2,0.0,서울,16.628571428571426,14.84,2022-05
2022-05-17,25.5,10.6,17.3,0.0,서울,16.614285714285714,15.066666666666666,2022-05
2022-05-18,24.5,12.6,18.4,0.7,서울,16.757142857142856,15.286666666666665,2022-05
2022-05-19,23.3,13.6,18.6,0.0,서울,16.728571428571428,15.523333333333333,2022-05
2022-05-20,23.9,13.9,18.5,0.2,서울,16.742857142857144,15.743333333333334,2022-05
2022-05-21,23.2,13.5,17.6,0.2,서울,17.157142857142855,15.873333333333335,2022-05
2022-05-22,24.4,14.2,18.4,0.0,서울,17.714285714285715,16.026666666666667,2022-05
2022-05-23,28.4,13.5,19.7,0.0,서울,18.357142857142858,16.173333333333332,2022-05
2022-05-24,28.4,13.8,20.3,0.0,서울,18.785714285714285,16.346666666666668,2022-05
2022-05-25,25.4,15.1,19.0,7.8,서울,18.87142857142857,16.37,2022-05
2022-05-26,21.6,12.1,17.0,0.3,서울,18.642857142857142,16.256666666666668,2022-05
2022-05-27,22.7,14.3,17.9,0.0,서울,18.557142857142857,16.333333333333332,2022-05
2022-05-28,27.2,12.4,19.4,0.0,서울,18.814285714285713,16.44666666666667,2022-05
2022-05-29,26.6,14.5,20.0,0.1,서울,19.04285714285714,16.7,2022-05
2022-05-30,24.5,15.4,19.7,3.2,서울,19.04285714285714,16.973333333333333,2022-05
2022-05-31,25.2,12.3,18.7,0.0,서울,18.814285714285713,17.23,2022-05
2022-06-01,27.0,13.5,19.9,0.0,서울,18.942857142857143,17.503333333333334,2022-06
2022-06-02,24.0,12.3,18.3,0.0,서울,19.128571428571426,17.696666666666665,2022-06
2022-06-03,30.0,15.9,22.1,0.0,서울,19.728571428571428,17.936666666666667,2022-06
2022-06-04,29.4,18.8,24.1,0.0,서울,20.400000000000002,18.21,2022-06
2022-06-05,25.9,19.1,22.3,5.0,서울,20.728571428571428,18.38,2022-06
2022-06-06,21.0,15.0,18.0,17.4,서울,20.485714285714288,18.41,2022-06
2022-06-07,24.4,13.6,18.7,0.0,서울,20.485714285714288,18.55,2022-06
2022-06-08,23.7,13.9,18.6,1.2,서울,20.3,18.630000000000003,2022-06
2022-06-09,23.7,16.2,19.4,9.0,서울,20.457142857142856,18.696666666666665,2022-06
2022-06-10,25.4,14.9,20.1,1.4,서울,20.17142857142857,18.78666666666667,2022-06
2022-06-11,29.3,15.9,21.9,4.1,서울,19.857142857142858,18.89,2022-06
2022-06-12,28.8,16.9,22.5,0.1,서울,19.885714285714283,19.026666666666667,2022-06
2022-06-13,26.8,17.8,21.7,14.1,서울,20.41428571428571,19.259999999999998,2022-06
2022-06-14,28.0,16.4,21.0,0.8,서울,20.74285714285714,19.476666666666667,2022-06
2022-06-15,19.5,14.8,17.2,22.8,서울,20.54285714285714,19.543333333333333,2022-06
2022-06-16,22.4,16.0,19.0,2.0,서울,20.485714285714288,19.6,2022-06
2022-06-17,28.9,14.4,20.9,0.0,서울,20.599999999999998,19.683333333333334,2022-06
2022-06-18,27.5,18.3,22.2,2.1,서울,20.642857142857142,19.803333333333335,2022-06
2022-06-19,26.0,19.8,22.6,0.2,서울,20.657142857142855,19.94,2022-06
2022-06-20,29.2,19.6,23.9,0.0,서울,20.971428571428568,20.15,2022-06
2022-06-21,33.1,20.1,25.1,0.0,서울,21.557142857142857,20.373333333333335,2022-06
2022-06-22,28.6,19.6,23.5,0.0,서울,22.45714285714286,20.5,2022-06
2022-06-23,28.3,21.0,23.8,41.3,서울,23.142857142857142,20.616666666666667,2022-06
2022-06-24,25.0,20.2,22.6,4.8,서울,23.385714285714283,20.736666666666668,2022-06
2022-06-25,29.0,19.3,24.0,0.2,서울,23.642857142857142,20.970000000000002,2022-06
2022-06-26,30.0,22.7,25.7,1.7,서울,24.085714285714285,21.23,2022-06
2022-06-27,25.3,22.3,24.0,19.7,서울,24.099999999999998,21.383333333333333,2022-06
2022-06-28,27.2,24.6,25.4,11.2,서울,24.142857142857142,21.563333333333336,2022-06
2022-06-29,26.8,22.6,24.4,83.9,서울,24.27142857142857,21.720000000000002,2022-06
2022-06-30,25.5,21.9,23.4,91.3,서울,24.214285714285715,21.876666666666665,2022-06
2022-07-01,29.4,23.0,25.6,1.3,서울,24.64285714285714,22.066666666666666,2022-07
2022-07-02,31.1,21.7,26.5,0.0,서울,24.999999999999996,22.34,2022-07
2022-07-03,31.8,22.5,26.9,0.0,서울,25.17142857142857,22.5,2022-07
2022-07-04,31.1,23.8,27.4,0.6,서울,25.657142857142855,22.61,2022-07
2022-07-05,30.9,24.2,26.9,8.6,서울,25.87142857142857,22.763333333333332,2022-07
2022-07-06,30.5,24.5,27.4,3.8,서울,26.299999999999994,23.076666666666664,2022-07
2022-07-07,30.3,25.4,27.0,23.9,서울,26.814285714285713,23.35333333333333,2022-07
2022-07-08,27.0,22.5,24.7,3.5,서울,26.685714285714283,23.556666666666665,2022-07
2022-07-09,29.4,22.0,25.0,0.7,서울,26.47142857142857,23.743333333333332,2022-07
2022-07-10,31.4,22.9,26.5,3.0,서울,26.414285714285715,23.956666666666663,2022-07
2022-07-11,29.4,23.1,25.6,2.1,서울,26.157142857142855,24.08,2022-07
2022-07-12,28.7,20.9,25.1,0.1,서울,25.9,24.166666666666668,2022-07
2022-07-13,25.4,22.9,24.2,58.6,서울,25.442857142857143,24.25,2022-07
2022-07-14,28.9,22.0,24.5,2.2,서울,25.08571428571429,24.366666666666667,2022-07
2022-07-15,27.4,19.7,23.4,0.1,서울,24.9,24.57333333333333,2022-07
2022-07-16,27.3,21.4,24.0,4.0,서울,24.757142857142856,24.74,2022-07
2022-07-17,26.9,21.0,23.7,2.1,서울,24.357142857142858,24.833333333333332,2022-07
2022-07-18,28.9,21.4,25.3,0.5,서울,24.314285714285713,24.936666666666664,2022-07
2022-07-19,28.6,22.0,25.0,2.0,서울,24.3,25.016666666666662,2022-07
2022-07-20,28.2,23.2,25.2,0.6,서울,24.442857142857143,25.06,2022-07
2022-07-21,26.6,20.5,23.8,29.2,서울,24.342857142857138,25.016666666666662,2022-07
2022-07-22,27.0,21.2,23.7,4.4,서울,24.38571428571429,25.02333333333333,2022-07
2022-07-23,26.1,21.3,23.6,24.1,서울,24.328571428571426,25.016666666666666,2022-07
2022-07-24,28.5,22.7,24.9,4.4,서울,24.5,25.09333333333333,2022-07
2022-07-25,30.3,21.2,25.3,0.0,서울,24.499999999999996,25.136666666666663,2022-07
2022-07-26,30.9,21.4,26.2,0.1,서울,24.671428571428574,25.153333333333332,2022-07
2022-07-27,29.2,24.2,26.6,0.0,서울,24.87142857142857,25.240000000000002,2022-07
2022-07-28,31.8,23.0,27.3,0.3,서울,25.371428571428574,25.30333333333333,2022-07
2022-07-29,32.1,24.5,27.9,1.9,서울,25.971428571428568,25.419999999999998,2022-07
2022-07-30,33.5,25.3,28.5,3.5,서울,26.67142857142857,25.589999999999996,2022-07
2022-07-31,28.8,25.3,26.6,35.2,서울,26.914285714285715,25.62333333333333,2022-07
2022-08-01,31.7,24.8,27.5,24.5,서울,27.22857142857143,25.656666666666663,2022-08
2022-08-02,29.4,25.2,26.6,15.0,서울,27.285714285714285,25.646666666666665,2022-08
2022-08-03,28.9,24.1,26.1,23.4,서울,27.214285714285715,25.603333333333335,2022-08
2022-08-04,30.0,24.6,26.8,3.8,서울,27.142857142857142,25.6,2022-08
2022-08-05,30.2,24.6,27.0,1.4,서울,27.014285714285716,25.586666666666666,2022-08
2022-08-06,30.4,25.3,27.3,9.6,서울,26.842857142857145,25.59666666666667,2022-08
2022-08-07,29.7,24.7,26.8,22.8,서울,26.87142857142857,25.666666666666668,2022-08
2022-08-08,27.2,25.0,26.1,66.5,서울,26.67142857142857,25.703333333333333,2022-08
2022-08-09,26.0,21.0,24.2,107.7,서울,26.32857142857143,25.62666666666667,2022-08
2022-08-10,26.8,19.5,23.0,22.4,서울,25.88571428571429,25.540000000000003,2022-08
2022-08-11,24.7,21.2,22.8,27.0,서울,25.314285714285713,25.46333333333333,2022-08
2022-08-12,29.5,20.7,24.2,0.0,서울,24.914285714285715,25.463333333333335,2022-08
2022-08-13,25.2,20.2,23.5,16.0,서울,24.371428571428574,25.430000000000003,2022-08
2022-08-14,30.1,23.1,26.0,2.6,서울,24.25714285714286,25.51666666666667,2022-08
2022-08-15,29.9,25.3,26.9,10.6,서울,24.37142857142857,25.613333333333337,2022-08
2022-08-16,27.8,22.4,24.9,0.1,서울,24.471428571428568,25.653333333333332,2022-08
2022-08-17,28.8,20.4,23.6,4.2,서울,24.557142857142853,25.59666666666667,2022-08
2022-08-18,27.7,19.5,23.5,0.2,서울,24.657142857142855,25.54666666666667,2022-08
2022-08-19,27.0,20.8,24.1,34.0,서울,24.642857142857142,25.51,2022-08
2022-08-20,31.3,23.7,26.4,8.7,서울,25.057142857142853,25.59666666666667,2022-08
2022-08-21,29.4,22.7,25.7,1.4,서울,25.014285714285712,25.663333333333334,2022-08
2022-08-22,28.7,22.9,25.1,5.4,서울,24.757142857142856,25.71333333333333,2022-08
2022-08-23,28.1,20.3,24.2,5.9,서울,24.657142857142855,25.69,2022-08
2022-08-24,26.5,19.7,23.2,0.0,서울,24.6,25.62,2022-08
2022-08-25,22.5,18.4,20.4,4.4,서울,24.15714285714285,25.426666666666666,2022-08
2022-08-26,25.5,17.2,21.6,1.1,서울,23.8,25.259999999999998,2022-08
2022-08-27,22.7,16.5,19.6,0.0,서울,22.828571428571426,25.003333333333334,2022-08
2022-08-28,25.6,13.2,19.8,0.0,서울,21.985714285714288,24.733333333333338,2022-08
2022-08-29,20.8,19.0,19.7,4.3,서울,21.214285714285715,24.44,2022-08
2022-08-30,20.0,17.2,18.7,40.9,서울,20.428571428571427,24.17666666666667,2022-08
2022-08-31,24.3,17.9,20.2,0.2,서울,20.0,23.933333333333334,2022-08
2022-09-01,28.0,16.8,21.8,0.0,서울,20.2,23.773333333333333,2022-09
2022-09-02,27.9,17.7,22.6,0.0,서울,20.342857142857145,23.65666666666667,2022-09
2022-09-03,27.3,18.8,22.6,0.1,서울,20.771428571428572,23.516666666666666,2022-09
2022-09-04,24.6,19.7,22.0,37.9,서울,21.085714285714285,23.35,2022-09
2022-09-05,21.1,17.1,19.3,84.5,서울,21.02857142857143,23.083333333333332,2022-09
2022-09-06,25.3,16.5,19.7,65.4,서울,21.171428571428574,22.846666666666668,2022-09
2022-09-07,25.3,16.1,20.2,0.0,서울,21.17142857142857,22.65,2022-09
2022-09-08,26.7,14.4,20.2,0.0,서울,20.942857142857143,22.516666666666666,2022-09
2022-09-09,27.6,15.7,21.5,0.0,서울,20.785714285714285,22.466666666666665,2022-09
2022-09-10,26.6,15.5,21.2,0.0,서울,20.585714285714285,22.413333333333334,2022-09
2022-09-11,24.1,18.7,21.0,1.4,서울,20.442857142857143,22.306666666666665,2022-09
2022-09-12,26.7,18.3,22.1,0.1,서울,20.842857142857145,22.259999999999998,2022-09
2022-09-13,27.3,19.9,23.5,0.2,서울,21.385714285714283,22.176666666666666,2022-09
2022-09-14,26.7,20.9,23.1,1.2,서울,21.800000000000004,22.05,2022-09
2022-09-15,28.3,20.0,23.9,0.0,서울,22.328571428571426,22.016666666666666,2022-09
2022-09-16,29.2,20.8,24.2,23.3,서울,22.714285714285715,22.03666666666667,2022-09
2022-09-17,27.1,21.4,23.8,28.4,서울,23.085714285714285,22.046666666666667,2022-09
2022-09-18,31.4,20.1,25.2,0.0,서울,23.685714285714287,22.083333333333332,2022-09
2022-09-19,26.5,17.5,23.3,0.0,서울,23.857142857142858,21.98,2022-09
2022-09-20,21.5,13.9,17.6,0.0,서울,23.014285714285716,21.71,2022-09
2022-09-21,22.5,11.9,17.0,0.0,서울,22.142857142857142,21.44,2022-09
2022-09-22,22.8,12.9,17.4,0.0,서울,21.214285714285715,21.21333333333333,2022-09
2022-09-23,21.2,12.3,15.8,3.4,서울,20.014285714285712,20.966666666666665,2022-09
2022-09-24,21.6,10.3,15.8,0.0,서울,18.87142857142857,20.813333333333333,2022-09
2022-09-25,22.9,13.7,17.6,0.0,서울,17.785714285714285,20.680000000000003,2022-09
2022-09-26,23.8,13.2,17.8,0.0,서울,17.0,20.62,2022-09
2022-09-27,25.1,11.7,18.0,0.0,서울,17.057142857142857,20.56,2022-09
2022-09-28,24.4,13.0,18.0,0.0,서울,17.2,20.503333333333334,2022-09
2022-09-29,23.2,13.6,17.6,0.0,서울,17.228571428571428,20.466666666666665,2022-09
2022-09-30,24.8,11.4,17.3,0.0,서울,17.442857142857143,20.37,2022-09
2022-10-01,24.9,12.0,17.6,0.0,서울,17.7,20.23,2022-10
2022-10-02,21.5,15.8,18.3,26.3,서울,17.8,20.086666666666662,2022-10
2022-10-03,22.5,17.6,21.1,94.7,서울,18.271428571428572,20.03666666666667,2022-10
2022-10-04,21.7,14.1,17.8,41.6,서울,18.242857142857144,19.89666666666667,2022-10
2022-10-05,18.1,13.1,15.1,6.7,서울,17.82857142857143,19.756666666666664,2022-10
2022-10-06,18.0,11.7,14.6,1.3,서울,17.4,19.586666666666666,2022-10
2022-10-07,16.5,9.9,13.2,0.3,서울,16.814285714285713,19.353333333333335,2022-10
2022-10-08,18.6,8.9,13.2,0.0,서울,16.185714285714287,19.119999999999997,2022-10
2022-10-09,13.7,10.1,12.7,23.5,서울,15.385714285714286,18.826666666666664,2022-10
2022-10-10,10.7,6.1,8.6,0.7,서울,13.599999999999998,18.40666666666667,2022-10
2022-10-11,14.8,6.1,9.2,0.0,서울,12.37142857142857,18.013333333333332,2022-10
2022-10-12,18.1,4.1,10.8,0.0,서울,11.757142857142854,17.636666666666667,2022-10
2022-10-13,19.4,8.5,13.1,0.0,서울,11.542857142857143,17.290000000000003,2022-10
2022-10-14,19.9,8.9,13.8,0.0,서울,11.628571428571428,16.98,2022-10
2022-10-15,21.0,8.8,15.3,0.0,서울,11.928571428571427,16.693333333333335,2022-10
2022-10-16,18.1,12.8,15.0,0.0,서울,12.257142857142856,16.386666666666667,2022-10
2022-10-17,12.7,5.5,9.4,0.0,서울,12.37142857142857,15.906666666666666,2022-10
2022-10-18,11.7,3.4,7.0,0.0,서울,12.057142857142859,15.3,2022-10
2022-10-19,13.5,3.3,8.0,0.0,서울,11.657142857142857,14.79,2022-10
2022-10-20,16.2,3.1,9.3,0.0,서울,11.114285714285714,14.513333333333334,2022-10
2022-10-21,17.0,5.2,10.9,0.0,서울,10.700000000000001,14.309999999999999,2022-10
2022-10-22,18.2,7.3,12.0,0.0,서울,10.228571428571428,14.129999999999999,2022-10
2022-10-23,16.3,8.1,11.8,0.2,서울,9.771428571428572,13.996666666666666,2022-10
2022-10-24,12.5,4.5,8.1,0.0,서울,9.585714285714285,13.740000000000002,2022-10
2022-10-25,14.6,2.9,8.4,0.0,서울,9.785714285714286,13.433333333333334,2022-10
2022-10-26,16.0,4.3,9.8,0.0,서울,10.042857142857143,13.166666666666666,2022-10
2022-10-27,17.3,6.3,10.7,0.0,서울,10.242857142857142,12.923333333333334,2022-10
2022-10-28,16.9,3.9,10.4,0.0,서울,10.171428571428573,12.67,2022-10
2022-10-29,17.9,7.5,11.8,0.0,서울,10.142857142857142,12.476666666666665,2022-10
2022-10-30,18.5,8.0,12.3,0.0,서울,10.214285714285714,12.31,2022-10
2022-10-31,18.8,8.1,12.5,0.0,서울,10.842857142857143,12.139999999999999,2022-10
2022-11-01,16.2,7.0,11.2,0.3,서울,11.242857142857142,11.903333333333332,2022-11
2022-11-02,14.6,3.1,8.4,0.0,서울,11.042857142857143,11.48,2022-11
2022-11-03,12.3,4.8,7.8,0.0,서울,10.628571428571428,11.146666666666668,2022-11
2022-11-04,7.7,-1.2,3.0,0.0,서울,9.571428571428571,10.743333333333334,2022-11
2022-11-05,11.0,-0.9,4.7,0.0,서울,8.557142857142857,10.413333333333334,2022-11
2022-11-06,13.6,1.4,6.8,0.0,서울,7.7714285714285705,10.2,2022-11
2022-11-07,14.7,2.2,8.3,0.0,서울,7.171428571428571,10.036666666666667,2022-11
2022-11-08,16.0,6.3,10.4,0.0,서울,7.057142857142857,9.96,2022-11
2022-11-09,15.1,2.9,8.7,0.0,서울,7.1000000000000005,9.963333333333333,2022-11
2022-11-10,16.9,4.3,10.2,0.0,서울,7.442857142857142,9.996666666666666,2022-11
2022-11-11,20.2,7.3,12.7,0.0,서울,8.828571428571427,10.059999999999999,2022-11
2022-11-12,22.3,8.9,14.5,24.3,서울,10.228571428571428,10.106666666666666,2022-11
2022-11-13,15.9,4.8,9.5,0.5,서울,10.614285714285714,9.963333333333333,2022-11
2022-11-14,12.3,3.8,8.7,0.6,서울,10.671428571428573,9.743333333333334,2022-11
2022-11-15,10.9,1.7,6.1,1.3,서울,10.057142857142855,9.446666666666665,2022-11
2022-11-16,11.9,3.8,7.0,0.2,서울,9.814285714285713,9.366666666666667,2022-11
2022-11-17,13.8,3.6,7.7,0.0,서울,9.457142857142856,9.389999999999999,2022-11
2022-11-18,15.1,1.7,8.0,0.0,서울,8.785714285714286,9.389999999999999,2022-11
2022-11-19,16.5,4.5,9.1,0.0,서울,8.014285714285714,9.383333333333333,2022-11
2022-11-20,16.6,5.9,10.6,0.0,서울,8.17142857142857,9.373333333333335,2022-11
2022-11-21,15.1,4.9,9.1,0.0,서울,8.228571428571428,9.276666666666667,2022-11
2022-11-22,12.3,4.5,8.4,0.8,서울,8.557142857142857,9.163333333333334,2022-11
2022-11-23,13.3,4.1,9.0,1.1,서울,8.842857142857142,9.193333333333333,2022-11
2022-11-24,12.9,3.2,7.0,0.0,서울,8.742857142857142,9.146666666666668,2022-11
2022-11-25,15.2,4.2,9.4,0.8,서울,8.942857142857141,9.133333333333333,2022-11
2022-11-26,12.2,-0.2,5.3,1.4,서울,8.4,8.953333333333335,2022-11
2022-11-27,10.1,-3.2,2.7,0.0,서울,7.271428571428571,8.696666666666665,2022-11
2022-11-28,14.6,4.4,10.1,26.6,서울,7.414285714285714,8.639999999999999,2022-11
2022-11-29,12.8,-2.7,5.9,1.5,서울,7.057142857142857,8.426666666666666,2022-11
2022-11-30,-3.4,-9.0,-6.6,0.0,서울,4.828571428571428,7.79,2022-11
2022-12-01,-3.6,-9.1,-6.6,0.0,서울,2.8857142857142852,7.196666666666667,2022-12
2022-12-02,-0.5,-8.2,-4.7,0.0,서울,0.871428571428571,6.76,2022-12
2022-12-03,6.7,-2.3,0.9,2.4,서울,0.24285714285714244,6.53,2022-12
2022-12-04,-2.0,-7.1,-4.7,0.0,서울,-0.8142857142857147,6.273333333333334,2022-12
2022-12-05,-0.2,-7.2,-4.7,0.0,서울,-2.9285714285714293,5.959999999999999,2022-12
2022-12-06,3.7,-6.0,-1.8,0.1,서울,-4.028571428571429,5.673333333333334,2022-12
2022-12-07,7.8,-3.3,1.2,0.0,서울,-2.914285714285715,5.4366666666666665,2022-12
2022-12-08,6.0,-4.5,0.6,0.0,서울,-1.8857142857142863,5.109999999999999,2022-12
2022-12-09,7.9,-2.6,0.9,0.1,서울,-1.085714285714286,4.85,2022-12
2022-12-10,6.4,-3.5,0.3,0.0,서울,-1.1714285714285722,4.52,2022-12
2022-12-11,4.2,-4.9,-1.3,0.0,서울,-0.6857142857142863,4.053333333333333,2022-12
2022-12-12,5.0,-5.5,-0.5,3.1,서울,-0.08571428571428637,3.5533333333333332,2022-12
2022-12-13,1.6,-7.1,-0.8,0.6,서울,0.057142857142856496,3.21,2022-12
2022-12-14,-5.9,-11.9,-9.1,0.0,서울,-1.4142857142857148,2.6166666666666667,2022-12
2022-12-15,0.7,-8.9,-5.1,1.5,서울,-2.228571428571429,2.243333333333333,2022-12
2022-12-16,-4.0,-17.5,-9.7,0.0,서울,-3.7428571428571433,1.6866666666666668,2022-12
2022-12-17,-4.4,-11.6,-7.9,0.4,서울,-4.9142857142857155,1.1666666666666667,2022-12
2022-12-18,-7.8,-12.9,-10.5,0.0,서울,-6.2285714285714295,0.55,2022-12
2022-12-19,-3.8,-13.0,-8.8,0.0,서울,-7.4142857142857155,-0.046666666666666676,2022-12
2022-12-20,0.7,-9.1,-5.0,0.0,서울,-8.014285714285714,-0.5666666666666667,2022-12
2022-12-21,2.8,-4.0,-0.5,2.9,서울,-6.785714285714286,-0.8866666666666667,2022-12
2022-12-22,-4.7,-12.5,-8.6,0.0,서울,-7.2857142857142865,-1.4533333333333334,2022-12
2022-12-23,-10.1,-15.5,-12.8,0.0,서울,-7.7285714285714295,-2.18,2022-12
2022-12-24,-4.7,-13.3,-9.6,0.0,서울,-7.971428571428572,-2.7333333333333334,2022-12
2022-12-25,-1.7,-11.2,-7.4,0.0,서울,-7.528571428571429,-3.293333333333334,2022-12
2022-12-26,-1.1,-9.0,-6.4,0.0,서울,-7.185714285714286,-3.683333333333333,2022-12
2022-12-27,1.4,-8.8,-4.8,0.0,서울,-7.1571428571428575,-3.933333333333333,2022-12
2022-12-28,-1.4,-8.6,-4.9,0.2,서울,-7.785714285714286,-4.433333333333334,2022-12
2022-12-29,-0.4,-8.2,-5.1,0.0,서울,-7.2857142857142865,-4.8,2022-12
2022-12-30,0.4,-7.0,-3.7,0.0,서울,-5.985714285714287,-4.703333333333334,2022-12
2022-12-31,3.7,-7.3,-3.0,0.0,서울,-5.042857142857144,-4.583333333333333,2022-12
2023-01-01,1.7,-5.9,-2.5,0.0,서울,-4.342857142857143,-4.510000000000001,2023-01
2023-01-02,-2.0,-8.6,-6.0,0.0,서울,-4.2857142857142865,-4.74,2023-01
2023-01-03,-1.5,-9.2,-6.3,0.0,서울,-4.500000000000001,-4.793333333333333,2023-01
2023-01-04,1.6,-7.2,-4.2,0.0,서울,-4.4,-4.776666666666667,2023-01
2023-01-05,3.2,-7.3,-3.3,0.0,서울,-4.142857142857143,-4.826666666666666,2023-01
2023-01-06,4.7,-5.9,-1.5,4.2,서울,-3.828571428571429,-4.916666666666667,2023-01
2023-01-07,3.9,-4.9,0.1,0.5,서울,-3.3857142857142866,-4.933333333333334,2023-01
2023-01-08,5.2,-6.5,-1.1,0.0,서울,-3.185714285714286,-5.0,2023-01
2023-01-09,5.0,-4.6,1.0,0.0,서울,-2.1857142857142864,-4.976666666666666,2023-01
2023-01-10,6.2,-6.4,-1.4,0.0,서울,-1.4857142857142862,-4.98,2023-01
2023-01-11,6.4,-5.4,-0.6,0.0,서울,-0.9714285714285719,-4.983333333333333,2023-01
2023-01-12,11.1,-3.2,1.7,0.0,서울,-0.2571428571428576,-4.9,2023-01
2023-01-13,9.9,3.1,6.1,18.0,서울,0.8285714285714281,-4.3933333333333335,2023-01
2023-01-14,6.9,1.5,4.3,4.6,서울,1.4285714285714282,-4.08,2023-01
2023-01-15,1.9,-4.6,-0.7,5.0,서울,1.4857142857142853,-3.7800000000000002,2023-01
2023-01-16,-3.1,-9.4,-6.2,0.0,서울,0.4571428571428565,-3.7233333333333336,2023-01
2023-01-17,-1.6,-8.8,-5.3,0.0,서울,-0.10000000000000053,-3.55,2023-01
2023-01-18,1.0,-7.3,-4.3,0.0,서울,-0.6285714285714291,-3.4,2023-01
2023-01-19,3.6,-8.0,-2.5,1.3,서울,-1.2285714285714293,-3.316666666666667,2023-01
2023-01-20,1.5,-10.1,-4.4,0.4,서울,-2.728571428571429,-3.4466666666666668,2023-01
2023-01-21,-1.5,-12.1,-7.3,0.0,서울,-4.385714285714286,-3.4033333333333338,2023-01
2023-01-22,2.6,-6.3,-2.6,0.6,서울,-4.657142857142858,-3.0633333333333335,2023-01
2023-01-23,4.1,-8.1,-2.0,0.0,서울,-4.057142857142858,-2.81,2023-01
2023-01-24,-8.9,-18.4,-14.9,0.0,서울,-5.428571428571429,-3.0600000000000005,2023-01
2023-01-25,-8.1,-18.5,-13.3,0.0,서울,-6.714285714285715,-3.29,2023-01
2023-01-26,-2.0,-10.3,-6.0,1.1,서울,-7.214285714285715,-3.33,2023-01
2023-01-27,-5.1,-15.8,-10.1,0.0,서울,-8.028571428571428,-3.503333333333333,2023-01
2023-01-28,-2.5,-12.1,-7.9,0.0,서울,-8.114285714285716,-3.5966666666666667,2023-01
2023-01-29,4.0,-9.6,-4.1,0.4,서울,-8.328571428571427,-3.6100000000000003,2023-01
2023-01-30,2.4,-6.5,-3.2,0.0,서울,-8.5,-3.6166666666666667,2023-01
2023-01-31,7.4,-5.7,-0.0,0.2,서울,-6.371428571428572,-3.533333333333333,2023-01
2023-02-01,3.5,-4.8,-0.3,0.0,서울,-4.514285714285715,-3.3433333333333337,2023-02
2023-02-02,0.5,-6.1,-3.6,0.0,서울,-4.171428571428572,-3.2533333333333334,2023-02
2023-02-03,1.8,-5.0,-3.1,0.0,서울,-3.1714285714285717,-3.216666666666667,2023-02
2023-02-04,4.1,-7.0,-2.8,0.0,서울,-2.442857142857143,-3.2,2023-02
2023-02-05,6.1,-6.1,-0.6,0.0,서울,-1.9428571428571433,-3.1700000000000004,2023-02
2023-02-06,7.0,-4.7,-0.2,0.0,서울,-1.5142857142857147,-3.18,2023-02
2023-02-07,7.8,-3.1,0.8,0.0,서울,-1.4000000000000006,-3.1166666666666667,2023-02
2023-02-08,6.7,-4.7,-0.2,0.0,서울,-1.3857142857142861,-3.1566666666666667,2023-02
2023-02-09,9.3,-5.2,1.5,0.2,서울,-0.6571428571428577,-3.06,2023-02
2023-02-10,6.4,-2.8,2.3,1.8,서울,0.11428571428571375,-2.9633333333333334,2023-02
2023-02-11,5.1,-4.8,-0.6,0.0,서울,0.428571428571428,-3.04,2023-02
2023-02-12,8.3,-3.8,1.7,0.0,서울,0.7571428571428566,-3.186666666666667,2023-02
2023-02-13,8.1,0.7,4.2,0.5,서울,1.385714285714285,-3.19,2023-02
2023-02-14,6.2,-4.8,0.3,0.0,서울,1.3142857142857136,-3.1566666666666667,2023-02
2023-02-15,6.5,-3.4,0.7,0.0,서울,1.4428571428571426,-2.9266666666666667,2023-02
2023-02-16,4.0,-3.1,0.8,0.1,서울,1.3428571428571423,-2.7233333333333336,2023-02
2023-02-17,7.3,-4.4,0.8,0.0,서울,1.1285714285714281,-2.5533333333333332,2023-02
2023-02-18,8.0,-1.3,3.3,0.0,서울,1.685714285714285,-2.36,2023-02
2023-02-19,4.6,-2.8,2.0,0.0,서울,1.728571428571428,-2.1466666666666665,2023-02
2023-02-20,1.2,-5.6,-2.5,0.0,서울,0.7714285714285707,-1.9866666666666668,2023-02
2023-02-21,2.3,-6.8,-3.3,0.0,서울,0.25714285714285656,-2.0100000000000002,2023-02
2023-02-22,5.3,-6.5,-1.8,0.0,서울,-0.10000000000000063,-2.0033333333333334,2023-02
2023-02-23,7.1,-5.3,0.0,0.0,서울,-0.2142857142857149,-1.5066666666666668,2023-02
2023-02-24,7.1,-2.2,1.6,0.0,서울,-0.1000000000000006,-1.01,2023-02
2023-02-25,4.4,-5.1,-1.1,0.0,서울,-0.728571428571429,-0.8466666666666668,2023-02
2023-02-26,6.7,-6.2,-0.7,0.0,서울,-1.1142857142857148,-0.5333333333333333,2023-02
2023-02-27,9.5,-4.6,0.5,0.0,서울,-0.6857142857142863,-0.25333333333333335,2023-02
2023-02-28,7.5,-4.9,2.2,0.0,서울,0.09999999999999945,-0.04333333333333337,2023-02
2023-03-01,8.3,0.7,4.5,0.3,서울,0.9999999999999994,0.2133333333333333,2023-03
2023-03-02,5.4,-4.0,0.4,0.0,서울,1.0571428571428567,0.22666666666666663,2023-03
2023-03-03,8.8,-4.9,1.9,0.0,서울,1.0999999999999994,0.29999999999999993,2023-03
2023-03-04,12.6,-1.3,4.3,0.0,서울,1.8714285714285706,0.5633333333333332,2023-03
2023-03-05,12.9,-2.4,4.6,0.0,서울,2.6285714285714277,0.82,2023-03
2023-03-06,13.4,-2.9,5.2,0.0,서울,3.2999999999999994,1.0866666666666667,2023-03
2023-03-07,16.3,2.9,8.4,0.0,서울,4.185714285714285,1.3866666666666667,2023-03
2023-03-08,15.2,4.6,9.4,6.5,서울,4.885714285714285,1.7066666666666666,2023-03
2023-03-09,11.1,4.2,8.6,0.9,서울,6.057142857142857,1.9666666666666666,2023-03
2023-03-10,20.2,2.5,9.6,0.0,서울,7.157142857142857,2.2933333333333334,2023-03
2023-03-11,19.6,5.3,11.0,0.0,서울,8.114285714285714,2.61,2023-03
2023-03-12,7.5,-1.1,4.8,7.3,서울,8.142857142857142,2.6933333333333334,2023-03
2023-03-13,5.3,-4.0,0.7,0.0,서울,7.5,2.7366666666666664,2023-03
2023-03-14,12.6,0.6,5.7,0.0,서울,7.114285714285713,2.87,2023-03
2023-03-15,13.8,3.1,7.3,0.3,서울,6.814285714285714,2.9733333333333336,2023-03
2023-03-16,9.1,-2.0,3.0,0.0,서울,6.014285714285713,3.0633333333333335,2023-03
2023-03-17,10.8,-2.1,4.5,0.0,서울,5.285714285714286,3.19,2023-03
2023-03-18,12.5,-0.6,5.7,0.0,서울,4.5285714285714285,3.3533333333333335,2023-03
2023-03-19,12.4,-2.1,4.7,0.0,서울,4.514285714285714,3.4833333333333334,2023-03
2023-03-20,13.7,-0.3,6.1,0.6,서울,5.285714285714286,3.5766666666666667,2023-03
2023-03-21,18.2,0.6,9.0,0.0,서울,5.757142857142857,3.81,2023-03
2023-03-22,22.0,4.8,13.2,0.0,서울,6.6,4.333333333333333,2023-03
2023-03-23,22.0,11.0,15.5,2.1,서울,8.385714285714284,4.96,2023-03
2023-03-24,16.6,4.7,10.3,0.0,서울,9.214285714285714,5.363333333333332,2023-03
2023-03-25,17.0,6.3,11.0,0.1,서울,9.971428571428572,5.7299999999999995,2023-03
2023-03-26,13.0,3.5,8.3,0.0,서울,10.485714285714284,5.953333333333333,2023-03
2023-03-27,11.9,-0.5,5.2,0.0,서울,10.357142857142858,6.163333333333332,2023-03
2023-03-28,14.2,0.4,6.9,0.0,서울,10.057142857142859,6.416666666666667,2023-03
2023-03-29,18.2,2.3,9.3,0.0,서울,9.5,6.71,2023-03
2023-03-30,19.8,4.0,11.1,0.0,서울,8.87142857142857,7.006666666666666,2023-03
2023-03-31,21.9,5.4,12.3,0.0,서울,9.157142857142857,7.266666666666667,2023-03
2023-04-01,24.3,5.2,14.9,0.0,서울,9.714285714285714,7.75,2023-04
2023-04-02,23.1,9.4,16.5,0.0,서울,10.885714285714284,8.236666666666668,2023-04
2023-04-03,24.5,7.8,16.3,0.0,서울,12.471428571428572,8.636666666666667,2023-04
2023-04-04,20.7,11.6,15.5,8.6,서울,13.700000000000001,9.0,2023-04
2023-04-05,15.4,8.4,12.3,44.1,서울,14.128571428571428,9.236666666666668,2023-04
2023-04-06,10.8,6.9,8.9,3.0,서울,13.814285714285715,9.253333333333332,2023-04
2023-04-07,13.5,2.7,7.7,0.3,서울,13.157142857142857,9.196666666666665,2023-04
2023-04-08,13.1,0.7,6.7,0.0,서울,11.985714285714284,9.133333333333333,2023-04
2023-04-09,16.0,2.1,8.2,0.0,서울,10.799999999999999,9.086666666666668,2023-04
2023-04-10,18.0,4.1,10.6,0.0,서울,9.985714285714284,9.073333333333332,2023-04
2023-04-11,17.3,7.8,12.1,2.2,서울,9.5,9.316666666666666,2023-04
2023-04-12,13.6,0.7,8.0,0.0,서울,8.885714285714286,9.56,2023-04
2023-04-13,17.4,2.4,9.4,0.0,서울,8.957142857142857,9.683333333333334,2023-04
2023-04-14,20.0,7.6,13.1,0.6,서울,9.728571428571428,9.876666666666667,2023-04
2023-04-15,13.6,7.5,11.0,5.5,서울,10.342857142857142,10.143333333333334,2023-04
2023-04-16,15.2,5.4,9.3,1.0,서울,10.5,10.303333333333335,2023-04
2023-04-17,15.6,3.3,10.2,0.1,서울,10.442857142857141,10.453333333333335,2023-04
2023-04-18,18.8,9.3,12.4,20.2,서울,10.485714285714284,10.709999999999999,2023-04
2023-04-19,26.5,9.2,16.1,0.0,서울,11.642857142857142,11.043333333333333,2023-04
2023-04-20,17.8,11.1,14.5,0.0,서울,12.37142857142857,11.226666666666667,2023-04
2023-04-21,20.6,9.3,14.8,0.0,서울,12.614285714285714,11.280000000000001,2023-04
2023-04-22,17.8,9.8,13.7,0.0,서울,13.0,11.22,2023-04
2023-04-23,20.4,8.5,14.4,0.0,서울,13.72857142857143,11.356666666666667,2023-04
2023-04-24,20.0,9.1,13.8,0.0,서울,14.242857142857144,11.45,2023-04
2023-04-25,12.5,7.3,9.8,1.5,서울,13.87142857142857,11.5,2023-04
2023-04-26,13.9,5.5,9.4,0.5,서울,12.914285714285715,11.640000000000002,2023-04
2023-04-27,18.6,3.8,10.4,0.0,서울,12.328571428571427,11.756666666666666,2023-04
2023-04-28,20.0,6.4,13.5,2.8,서울,12.142857142857142,11.896666666666667,2023-04
2023-04-29,14.4,8.9,12.6,12.1,서울,11.985714285714286,11.946666666666667,2023-04
2023-04-30,17.2,6.4,11.5,1.2,서울,11.571428571428571,11.92,2023-04
2023-05-01,18.4,7.0,12.0,0.0,서울,11.314285714285715,11.823333333333334,2023-05
2023-05-02,23.0,6.7,14.7,0.0,서울,12.014285714285714,11.763333333333334,2023-05
2023-05-03,24.1,9.2,17.2,0.0,서울,13.128571428571428,11.793333333333333,2023-05
2023-05-04,26.3,12.2,19.0,0.0,서울,14.357142857142858,11.91,2023-05
2023-05-05,20.7,15.2,18.3,59.0,서울,15.042857142857144,12.110000000000001,2023-05
2023-05-06,13.3,11.0,11.8,36.9,서울,14.928571428571429,12.206666666666669,2023-05
2023-05-07,16.3,8.6,12.6,0.0,서울,15.085714285714285,12.37,2023-05
2023-05-08,19.4,5.5,12.3,0.0,서울,15.128571428571428,12.556666666666667,2023-05
2023-05-09,19.2,6.7,13.0,0.0,서울,14.885714285714284,12.716666666666667,2023-05
2023-05-10,22.6,7.2,14.8,0.0,서울,14.542857142857144,12.856666666666666,2023-05
2023-05-11,24.3,9.1,16.1,0.0,서울,14.12857142857143,12.99,2023-05
2023-05-12,21.6,9.6,15.1,0.0,서울,13.671428571428569,13.226666666666667,2023-05
2023-05-13,21.7,9.0,15.5,0.0,서울,14.2,13.43,2023-05
2023-05-14,21.0,10.5,15.7,0.0,서울,14.642857142857142,13.516666666666667,2023-05
2023-05-15,25.9,10.3,17.5,0.0,서울,15.385714285714286,13.733333333333333,2023-05
2023-05-16,27.9,14.0,20.3,0.0,서울,16.428571428571427,14.1,2023-05
2023-05-17,26.7,13.7,19.9,0.0,서울,17.157142857142855,14.423333333333334,2023-05
2023-05-18,25.3,15.0,19.9,0.2,서울,17.7,14.673333333333334,2023-05
2023-05-19,24.9,15.6,20.4,0.0,서울,18.457142857142856,14.816666666666666,2023-05
2023-05-20,25.1,14.7,19.0,0.0,서울,18.957142857142856,14.966666666666667,2023-05
2023-05-21,20.2,14.4,16.6,1.1,서울,19.085714285714285,15.026666666666667,2023-05
2023-05-22,24.6,13.7,18.1,0.0,서울,19.17142857142857,15.173333333333334,2023-05
2023-05-23,24.9,12.9,18.3,0.0,서울,18.885714285714283,15.303333333333333,2023-05
2023-05-24,25.3,12.9,18.8,0.0,서울,18.728571428571428,15.47,2023-05
2023-05-25,24.9,12.6,18.8,0.0,서울,18.571428571428573,15.770000000000001,2023-05
2023-05-26,25.8,14.7,19.9,0.1,서울,18.5,16.119999999999997,2023-05
2023-05-27,19.8,16.0,18.3,24.6,서울,18.400000000000002,16.383333333333333,2023-05
2023-05-28,19.7,17.7,18.6,37.4,서울,18.685714285714287,16.553333333333335,2023-05
2023-05-29,26.7,18.0,21.4,5.9,서울,19.157142857142855,16.846666666666668,2023-05
2023-05-30,26.0,17.9,21.3,1.6,서울,19.585714285714285,17.173333333333332,2023-05
2023-05-31,25.0,17.0,20.3,0.0,서울,19.8,17.45,2023-05
2023-06-01,24.4,17.0,20.6,1.1,서울,20.057142857142857,17.646666666666665,2023-06
2023-06-02,23.4,15.8,18.8,0.7,서울,19.900000000000002,17.7,2023-06
2023-06-03,25.5,14.2,19.5,0.0,서울,20.071428571428573,17.716666666666665,2023-06
2023-06-04,24.0,14.1,18.8,0.0,서울,20.099999999999998,17.733333333333334,2023-06
2023-06-05,22.5,14.7,18.8,0.0,서울,19.72857142857143,17.966666666666665,2023-06
2023-06-06,22.5,14.6,18.4,0.0,서울,19.314285714285713,18.16,2023-06
2023-06-07,24.8,16.3,20.0,0.4,서울,19.271428571428572,18.416666666666668,2023-06
2023-06-08,22.7,16.9,19.2,20.8,서울,19.071428571428573,18.623333333333335,2023-06
2023-06-09,25.8,16.4,20.7,3.1,서울,19.342857142857138,18.82,2023-06
2023-06-10,27.4,18.1,21.1,26.1,서울,19.571428571428573,18.986666666666668,2023-06
2023-06-11,23.3,17.0,20.2,15.5,서울,19.771428571428572,19.15666666666667,2023-06
2023-06-12,25.4,17.2,20.9,0.7,서울,20.071428571428573,19.336666666666666,2023-06
2023-06-13,23.7,16.9,20.0,0.5,서울,20.3,19.48,2023-06
2023-06-14,24.7,14.3,19.9,2.7,서울,20.285714285714285,19.56,2023-06
2023-06-15,25.6,15.9,20.5,0.9,서울,20.47142857142857,19.566666666666666,2023-06
2023-06-16,25.8,16.6,20.9,0.0,서울,20.5,19.6,2023-06
2023-06-17,27.9,16.0,21.4,0.0,서울,20.542857142857144,19.65,2023-06
2023-06-18,29.3,18.4,23.1,0.0,서울,20.957142857142856,19.74,2023-06
2023-06-19,33.9,20.3,26.3,0.0,서울,21.728571428571428,19.983333333333334,2023-06
2023-06-20,25.9,20.4,23.0,4.9,서울,22.157142857142855,20.19666666666667,2023-06
2023-06-21,24.0,19.0,21.0,35.7,서울,22.314285714285713,20.293333333333337,2023-06
2023-06-22,24.4,15.1,20.0,1.4,서울,22.24285714285714,20.35,2023-06
2023-06-23,27.7,18.1,22.1,0.1,서울,22.414285714285715,20.459999999999997,2023-06
2023-06-24,28.3,20.4,24.2,0.1,서울,22.814285714285717,20.64,2023-06
2023-06-25,31.4,19.8,25.4,0.0,서울,23.142857142857142,20.82333333333333,2023-06
2023-06-26,26.1,21.2,23.1,43.8,서울,22.685714285714287,20.983333333333334,2023-06
2023-06-27,27.3,20.4,23.5,3.2,서울,22.75714285714286,21.146666666666665,2023-06
2023-06-28,28.1,20.9,24.0,2.1,서울,23.185714285714287,21.233333333333334,2023-06
2023-06-29,24.5,22.3,23.1,45.8,서울,23.62857142857143,21.293333333333337,2023-06
2023-06-30,26.8,21.8,24.0,10.7,서울,23.900000000000002,21.416666666666668,2023-06
2023-07-01,31.3,21.4,25.5,0.2,서울,24.085714285714285,21.58,2023-07
2023-07-02,29.0,21.1,24.3,0.2,서울,23.928571428571427,21.763333333333332,2023-07
2023-07-03,32.6,21.3,26.8,0.1,서울,24.457142857142856,22.006666666666668,2023-07
2023-07-04,28.0,22.6,24.9,29.6,서울,24.657142857142855,22.21,2023-07
2023-07-05,26.2,21.0,23.4,19.6,서울,24.571428571428573,22.363333333333333,2023-07
2023-07-06,30.0,20.6,25.1,0.0,서울,24.857142857142858,22.586666666666666,2023-07
2023-07-07,29.9,20.9,24.7,0.0,서울,24.957142857142856,22.743333333333332,2023-07
2023-07-08,28.9,19.7,23.8,0.5,서울,24.714285714285715,22.896666666666665,2023-07
2023-07-09,26.1,22.2,23.7,37.3,서울,24.628571428571426,22.996666666666666,2023-07
2023-07-10,29.0,21.1,24.8,6.2,서울,24.342857142857145,23.12,2023-07
2023-07-11,24.1,20.9,23.0,41.1,서울,24.071428571428573,23.21333333333333,2023-07
2023-07-12,28.1,21.7,24.8,2.8,서울,24.27142857142857,23.34333333333333,2023-07
2023-07-13,25.7,23.3,24.3,48.1,서울,24.157142857142855,23.486666666666668,2023-07
2023-07-14,25.6,23.5,24.4,56.5,서울,24.114285714285717,23.636666666666667,2023-07
2023-07-15,26.0,23.0,24.1,35.8,서울,24.157142857142855,23.756666666666668,2023-07
2023-07-16,25.6,22.4,23.6,1.7,서울,24.142857142857142,23.846666666666668,2023-07
2023-07-17,26.0,22.0,23.9,4.4,서울,24.014285714285712,23.930000000000003,2023-07
2023-07-18,25.5,22.1,23.8,15.5,서울,24.12857142857143,23.953333333333333,2023-07
2023-07-19,30.5,21.5,25.2,0.1,서울,24.185714285714287,23.916666666666668,2023-07
2023-07-20,30.9,21.0,25.6,0.0,서울,24.37142857142857,24.00333333333333,2023-07
2023-07-21,32.0,22.0,27.1,0.1,서울,24.75714285714286,24.206666666666663,2023-07
2023-07-22,30.2,24.0,26.3,10.4,서울,25.071428571428573,24.416666666666668,2023-07
2023-07-23,26.2,23.5,24.6,44.3,서울,25.214285714285715,24.5,2023-07
2023-07-24,29.0,23.1,25.3,14.8,서울,25.414285714285715,24.53666666666667,2023-07
2023-07-25,28.6,22.4,25.2,13.1,서울,25.614285714285717,24.529999999999998,2023-07
2023-07-26,28.9,22.3,24.8,30.4,서울,25.557142857142857,24.586666666666666,2023-07
2023-07-27,30.8,22.0,25.7,2.3,서울,25.571428571428573,24.66,2023-07
2023-07-28,32.0,22.7,27.1,2.2,서울,25.571428571428573,24.763333333333332,2023-07
2023-07-29,31.4,24.5,27.6,0.2,서울,25.75714285714286,24.913333333333334,2023-07
2023-07-30,33.1,22.7,27.6,0.1,서울,26.185714285714283,25.033333333333335,2023-07
2023-07-31,31.4,23.5,27.2,0.3,서울,26.45714285714286,25.089999999999996,2023-07
2023-08-01,32.5,23.9,28.1,0.3,서울,26.87142857142857,25.216666666666665,2023-08
2023-08-02,31.0,24.1,27.3,0.0,서울,27.22857142857143,25.233333333333334,2023-08
2023-08-03,31.0,22.4,26.7,0.0,서울,27.371428571428574,25.293333333333333,2023-08
2023-08-04,32.1,23.5,27.8,0.0,서울,27.47142857142857,25.44,2023-08
2023-08-05,33.6,23.4,27.9,0.0,서울,27.514285714285712,25.533333333333335,2023-08
2023-08-06,31.9,24.6,28.2,11.0,서울,27.6,25.65,2023-08
2023-08-07,32.7,24.4,28.2,3.5,서울,27.74285714285714,25.796666666666667,2023-08
2023-08-08,33.7,23.2,28.2,3.1,서울,27.757142857142856,25.94666666666667,2023-08
2023-08-09,31.4,24.0,27.0,2.5,서울,27.714285714285715,26.02,2023-08
2023-08-10,24.0,20.5,22.0,74.6,서울,27.04285714285714,25.986666666666668,2023-08
2023-08-11,24.5,20.7,22.9,30.4,서울,26.342857142857145,25.923333333333336,2023-08
2023-08-12,26.2,22.2,23.8,10.2,서울,25.75714285714286,25.906666666666663,2023-08
2023-08-13,29.9,22.0,25.7,0.2,서울,25.4,25.95,2023-08
2023-08-14,31.3,23.2,26.9,0.2,서울,25.214285714285715,26.043333333333333,2023-08
2023-08-15,30.7,23.3,26.7,0.0,서울,25.0,26.14666666666667,2023-08
2023-08-16,29.4,22.2,25.6,1.0,서울,24.800000000000004,26.20333333333333,2023-08
2023-08-17,30.6,22.5,26.4,0.1,서울,25.428571428571427,26.290000000000003,2023-08
2023-08-18,30.6,23.4,26.9,1.3,서울,26.0,26.346666666666668,2023-08
2023-08-19,31.4,23.6,26.8,0.2,서울,26.428571428571427,26.386666666666667,2023-08
2023-08-20,30.3,22.6,26.2,0.0,서울,26.5,26.35666666666667,2023-08
2023-08-21,31.6,23.8,26.9,4.7,서울,26.5,26.376666666666665,2023-08
2023-08-22,29.2,23.8,25.8,24.1,서울,26.37142857142857,26.416666666666668,2023-08
2023-08-23,25.1,23.2,24.1,62.5,서울,26.157142857142862,26.376666666666665,2023-08
2023-08-24,27.8,22.0,24.3,14.0,서울,25.857142857142858,26.34666666666667,2023-08
2023-08-25,27.7,22.2,24.8,1.3,서울,25.557142857142857,26.346666666666668,2023-08
2023-08-26,28.5,21.2,24.5,0.0,서울,25.228571428571428,26.30666666666667,2023-08
2023-08-27,27.2,20.8,23.9,1.5,서울,24.900000000000002,26.2,2023-08
2023-08-28,24.8,20.9,22.5,27.8,서울,24.271428571428572,26.029999999999998,2023-08
2023-08-29,25.1,21.4,23.4,33.3,서울,23.928571428571427,25.889999999999997,2023-08
2023-08-30,24.8,20.4,22.2,3.0,서울,23.657142857142855,25.723333333333336,2023-08
2023-08-31,27.2,19.5,22.8,0.2,서울,23.442857142857143,25.546666666666667,2023-08
2023-09-01,27.8,18.1,22.5,0.0,서울,23.11428571428571,25.386666666666663,2023-09
2023-09-02,29.1,18.0,22.9,0.0,서울,22.885714285714283,25.26,2023-09
2023-09-03,29.1,22.0,25.1,2.4,서울,23.057142857142853,25.169999999999998,2023-09
2023-09-04,27.7,22.0,24.4,7.1,서울,23.328571428571426,25.053333333333335,2023-09
2023-09-05,30.5,23.2,25.8,2.7,서울,23.671428571428574,24.973333333333336,2023-09
2023-09-06,30.2,22.0,25.7,0.3,서울,24.17142857142857,24.89,2023-09
2023-09-07,29.6,18.2,23.9,0.0,서울,24.32857142857143,24.746666666666666,2023-09
2023-09-08,28.2,16.5,22.4,0.0,서울,24.314285714285717,24.59333333333333,2023-09
2023-09-09,29.0,18.8,23.5,0.0,서울,24.400000000000002,24.64333333333333,2023-09
2023-09-10,27.6,19.0,23.4,0.1,서울,24.157142857142855,24.66,2023-09
2023-09-11,27.9,21.2,23.7,0.8,서울,24.057142857142857,24.65666666666667,2023-09
2023-09-12,28.3,20.2,23.7,0.0,서울,23.757142857142856,24.589999999999996,2023-09
2023-09-13,22.9,19.5,21.5,19.2,서울,23.157142857142855,24.41,2023-09
2023-09-14,26.3,17.6,21.9,0.1,서울,22.87142857142857,24.25,2023-09
2023-09-15,23.4,20.1,21.3,9.5,서울,22.714285714285715,24.10666666666667,2023-09
2023-09-16,26.3,20.4,22.7,25.3,서울,22.599999999999998,23.983333333333334,2023-09
2023-09-17,26.7,20.4,22.8,12.4,서울,22.514285714285716,23.846666666666668,2023-09
2023-09-18,26.9,19.7,22.7,1.3,서울,22.37142857142857,23.71,2023-09
2023-09-19,26.5,19.0,22.4,0.6,서울,22.185714285714287,23.583333333333332,2023-09
2023-09-20,22.1,19.0,20.6,39.4,서울,22.057142857142857,23.373333333333335,2023-09
2023-09-21,22.4,16.2,18.9,0.0,서울,21.62857142857143,23.143333333333334,2023-09
2023-09-22,23.8,12.4,18.1,0.0,서울,21.171428571428574,22.943333333333335,2023-09
2023-09-23,24.9,14.8,19.8,0.0,서울,20.75714285714286,22.793333333333333,2023-09
2023-09-24,24.3,15.4,19.8,0.1,서울,20.32857142857143,22.626666666666665,2023-09
2023-09-25,23.0,17.1,19.7,1.3,서울,19.900000000000002,22.466666666666665,2023-09
2023-09-26,21.5,18.5,19.7,14.7,서울,19.514285714285712,22.326666666666668,2023-09
2023-09-27,23.4,19.6,20.9,2.8,서울,19.557142857142857,22.273333333333333,2023-09
2023-09-28,24.7,17.9,21.0,0.9,서울,19.857142857142858,22.193333333333335,2023-09
2023-09-29,23.7,15.9,19.1,0.0,서울,20.0,22.09,2023-09
2023-09-30,21.5,15.6,18.8,3.9,서울,19.857142857142858,21.956666666666667,2023-09
2023-10-01,21.3,12.1,16.1,0.0,서울,19.32857142857143,21.743333333333336,2023-10
2023-10-02,22.1,11.9,16.4,0.0,서울,18.857142857142858,21.526666666666664,2023-10
2023-10-03,20.9,11.8,15.8,0.0,서울,18.3,21.216666666666665,2023-10
2023-10-04,21.5,11.9,16.2,1.2,서울,17.62857142857143,20.94333333333333,2023-10
2023-10-05,17.1,9.3,13.1,0.0,서울,16.5,20.52,2023-10
2023-10-06,19.0,9.1,13.6,0.0,서울,15.714285714285714,20.116666666666667,2023-10
2023-10-07,20.8,8.2,14.6,0.0,서울,15.114285714285714,19.806666666666665,2023-10
2023-10-08,19.3,12.7,15.7,0.2,서울,15.057142857142855,19.583333333333332,2023-10
2023-10-09,19.4,13.1,15.6,0.2,서울,14.942857142857141,19.32,2023-10
2023-10-10,21.3,10.4,14.9,0.0,서울,14.814285714285715,19.03666666666667,2023-10
2023-10-11,21.2,11.1,15.2,0.0,서울,14.671428571428573,18.753333333333334,2023-10
2023-10-12,22.1,9.5,15.0,0.0,서울,14.942857142857145,18.463333333333335,2023-10
2023-10-13,20.0,12.5,16.0,0.0,서울,15.285714285714286,18.280000000000005,2023-10
2023-10-14,16.7,10.9,14.4,4.8,서울,15.257142857142856,18.029999999999998,2023-10
2023-10-15,19.5,10.8,14.3,0.0,서울,15.057142857142859,17.796666666666667,2023-10
2023-10-16,17.1,7.8,12.0,0.0,서울,14.542857142857144,17.44,2023-10
2023-10-17,17.7,7.8,11.8,0.0,서울,14.1,17.073333333333334,2023-10
2023-10-18,19.3,6.8,12.8,0.0,서울,13.757142857142856,16.743333333333332,2023-10
2023-10-19,18.4,13.5,15.3,8.1,서울,13.799999999999999,16.506666666666668,2023-10
2023-10-20,13.5,6.2,10.8,0.0,서울,13.057142857142859,16.18,2023-10
2023-10-21,15.3,4.0,9.0,0.0,서울,12.285714285714286,15.85,2023-10
2023-10-22,16.6,4.0,10.2,0.0,서울,11.7,15.586666666666668,2023-10
2023-10-23,18.0,7.8,12.7,0.7,서울,11.8,15.35,2023-10
2023-10-24,17.8,8.2,12.5,1.4,서울,11.9,15.106666666666666,2023-10
2023-10-25,20.0,9.2,13.8,0.1,서울,12.042857142857143,14.91,2023-10
2023-10-26,19.6,10.7,14.3,7.8,서울,11.900000000000002,14.729999999999999,2023-10
2023-10-27,17.6,8.9,13.3,0.5,서울,12.257142857142856,14.476666666666667,2023-10
2023-10-28,17.4,7.1,12.2,0.0,서울,12.714285714285714,14.183333333333334,2023-10
2023-10-29,18.3,6.8,12.1,0.0,서울,12.985714285714286,13.95,2023-10
2023-10-30,18.5,6.5,11.6,0.0,서울,12.828571428571427,13.71,2023-10
2023-10-31,18.4,7.5,12.3,0.0,서울,12.799999999999999,13.583333333333334,2023-10
2023-11-01,21.9,14.4,17.0,6.5,서울,13.257142857142858,13.603333333333333,2023-11
2023-11-02,23.0,14.5,17.8,0.0,서울,13.757142857142856,13.669999999999998,2023-11
2023-11-03,19.3,15.2,16.8,11.9,서울,14.257142857142856,13.69,2023-11
2023-11-04,20.2,13.9,16.4,2.0,서울,14.857142857142858,13.8,2023-11
2023-11-05,19.8,12.6,15.8,31.0,서울,15.385714285714286,13.873333333333333,2023-11
2023-11-06,18.9,6.7,13.9,34.9,서울,15.714285714285714,13.85,2023-11
2023-11-07,7.0,2.2,4.5,0.1,서울,14.599999999999998,13.476666666666667,2023-11
2023-11-08,12.8,-0.4,6.2,0.0,서울,13.057142857142855,13.163333333333334,2023-11
2023-11-09,18.0,4.2,10.4,3.6,서울,12.0,13.013333333333332,2023-11
2023-11-10,6.9,-0.6,2.3,0.0,서울,9.928571428571429,12.583333333333334,2023-11
2023-11-11,4.2,-3.2,-0.1,0.0,서울,7.571428571428571,12.080000000000002,2023-11
2023-11-12,3.4,-4.4,-0.8,0.0,서울,5.200000000000001,11.520000000000001,2023-11
2023-11-13,4.5,-4.9,-0.7,0.0,서울,3.114285714285714,11.01666666666667,2023-11
2023-11-14,8.1,-2.7,2.6,0.0,서울,2.8428571428571425,10.626666666666667,2023-11
2023-11-15,10.7,-1.9,4.4,0.0,서울,2.5857142857142854,10.373333333333335,2023-11
2023-11-16,7.5,2.5,5.1,9.5,서울,1.8285714285714287,10.15,2023-11
2023-11-17,3.9,-3.5,0.6,0.5,서울,1.5857142857142856,9.743333333333334,2023-11
2023-11-18,4.0,-4.6,-1.3,0.0,서울,1.4142857142857144,9.19,2023-11
2023-11-19,12.6,-3.4,3.8,0.2,서울,2.0714285714285716,8.956666666666669,2023-11
2023-11-20,8.8,-2.3,3.0,0.0,서울,2.6,8.756666666666668,2023-11
2023-11-21,11.3,-1.4,3.8,0.0,서울,2.7714285714285714,8.543333333333333,2023-11
2023-11-22,12.6,0.0,5.7,0.0,서울,2.957142857142857,8.309999999999999,2023-11
2023-11-23,13.0,1.4,8.9,0.4,서울,3.5,8.19,2023-11
2023-11-24,0.4,-5.3,-2.8,0.0,서울,3.0142857142857147,7.636666666666668,2023-11
2023-11-25,0.6,-6.8,-3.5,0.0,서울,2.6999999999999997,7.043333333333334,2023-11
2023-11-26,5.4,-1.7,1.6,0.0,서울,2.385714285714286,6.653333333333333,2023-11
2023-11-27,8.7,3.7,5.3,3.6,서울,2.7142857142857144,6.423333333333333,2023-11
2023-11-28,3.2,-4.2,-0.8,0.0,서울,2.0571428571428574,5.993333333333334,2023-11
2023-11-29,0.1,-5.8,-2.7,0.1,서울,0.8571428571428571,5.516666666666667,2023-11
2023-11-30,-2.1,-7.7,-5.3,0.0,서울,-1.1714285714285713,4.930000000000001,2023-11
2023-12-01,0.6,-7.1,-4.1,0.0,서울,-1.357142857142857,4.226666666666667,2023-12
2023-12-02,6.3,-5.6,-0.1,0.2,서울,-0.8714285714285711,3.6300000000000003,2023-12
2023-12-03,3.3,-5.6,-1.6,0.0,서울,-1.328571428571428,3.0166666666666666,2023-12
2023-12-04,6.8,-4.9,-0.5,0.0,서울,-2.157142857142857,2.453333333333333,2023-12
2023-12-05,9.5,0.8,4.1,0.0,서울,-1.457142857142857,2.0633333333333335,2023-12
2023-12-06,9.4,-0.2,4.6,11.1,서울,-0.4142857142857142,1.7533333333333332,2023-12
2023-12-07,10.5,-3.1,4.0,0.0,서울,0.9142857142857144,1.7366666666666666,2023-12
2023-12-08,15.6,3.6,9.1,0.0,서울,2.8000000000000003,1.8333333333333333,2023-12
2023-12-09,15.3,7.4,10.7,0.2,서울,4.3428571428571425,1.8433333333333333,2023-12
2023-12-10,13.9,2.1,7.7,0.1,서울,5.671428571428571,2.023333333333333,2023-12
2023-12-11,10.2,3.4,7.8,14.3,서울,6.857142857142857,2.2866666666666666,2023-12
2023-12-12,7.7,1.3,4.0,0.8,서울,6.8428571428571425,2.4466666666666663,2023-12
2023-12-13,10.0,-1.9,4.2,0.6,서울,6.785714285714286,2.61,2023-12
2023-12-14,7.2,5.4,6.5,19.8,서울,7.142857142857143,2.74,2023-12
2023-12-15,5.3,3.1,4.5,18.9,서울,6.485714285714286,2.743333333333333,2023-12
2023-12-16,2.9,-10.9,-4.0,0.4,서울,4.385714285714287,2.44,2023-12
2023-12-17,-7.0,-12.8,-10.3,0.0,서울,1.8142857142857147,2.0766666666666667,2023-12
2023-12-18,-3.6,-11.0,-7.7,0.0,서울,-0.39999999999999974,1.8633333333333333,2023-12
2023-12-19,0.0,-8.1,-4.3,0.0,서울,-1.5857142857142854,1.5933333333333333,2023-12
2023-12-20,-3.9,-11.4,-7.6,0.1,서울,-3.2714285714285714,1.2399999999999998,2023-12
2023-12-21,-8.1,-14.5,-11.8,0.0,서울,-5.885714285714285,0.7200000000000001,2023-12
2023-12-22,-8.1,-14.9,-12.0,0.0,서울,-8.242857142857142,0.13,2023-12
2023-12-23,-2.4,-12.2,-7.9,0.0,서울,-8.799999999999999,-0.43000000000000005,2023-12
2023-12-24,1.0,-5.4,-3.5,0.6,서울,-7.828571428571428,-0.45333333333333337,2023-12
2023-12-25,1.9,-6.2,-2.7,0.5,서울,-7.114285714285714,-0.4266666666666667,2023-12
2023-12-26,6.0,-5.3,-0.8,0.0,서울,-6.614285714285715,-0.5066666666666667,2023-12
2023-12-27,5.5,-6.5,-0.9,0.0,서울,-5.6571428571428575,-0.7133333333333333,2023-12
2023-12-28,4.5,-3.7,-0.4,0.0,서울,-4.028571428571428,-0.7000000000000001,2023-12
2023-12-29,4.5,-3.5,-0.1,0.0,서울,-2.328571428571428,-0.6133333333333334,2023-12
2023-12-30,1.2,-3.9,-0.8,11.4,서울,-1.3142857142857138,-0.4633333333333335,2023-12
2023-12-31,5.4,-2.4,1.4,2.2,서울,-0.6142857142857139,-0.28000000000000014,2023-12
2024-01-01,6.7,-3.6,0.7,0.0,서울,-0.1285714285714281,-0.2533333333333334,2024-01
2024-01-02,4.0,-1.7,1.0,0.1,서울,0.12857142857142906,-0.16666666666666677,2024-01
2024-01-03,3.1,-3.7,-0.2,0.1,서울,0.22857142857142906,-0.15666666666666676,2024-01
2024-01-04,5.2,-5.6,-0.6,0.0,서울,0.20000000000000048,-0.3133333333333334,2024-01
2024-01-05,8.0,-2.0,2.6,0.6,서울,0.5857142857142862,-0.38000000000000006,2024-01
2024-01-06,3.5,-6.3,-1.9,0.4,서울,0.4285714285714291,-0.5766666666666667,2024-01
2024-01-07,-2.7,-9.0,-5.5,0.0,서울,-0.5571428571428566,-1.0633333333333332,2024-01
2024-01-08,-1.8,-10.0,-6.1,0.0,서울,-1.528571428571428,-1.6233333333333335,2024-01
2024-01-09,1.0,-3.4,-1.2,2.4,서울,-1.842857142857142,-1.9199999999999997,2024-01
2024-01-10,3.7,-6.9,-2.8,0.0,서울,-2.214285714285714,-2.273333333333333,2024-01
2024-01-11,4.8,-6.1,-1.4,0.0,서울,-2.328571428571428,-2.453333333333333,2024-01
2024-01-12,3.3,-6.4,-2.1,0.0,서울,-2.9999999999999996,-2.663333333333333,2024-01
2024-01-13,3.2,-6.6,-2.9,0.0,서울,-3.142857142857142,-2.9766666666666666,2024-01
2024-01-14,3.4,-5.8,-2.1,2.7,서울,-2.657142857142856,-3.1966666666666663,2024-01
2024-01-15,0.6,-8.5,-5.0,0.0,서울,-2.4999999999999996,-3.2299999999999995,2024-01
2024-01-16,2.1,-8.6,-3.9,0.0,서울,-2.8857142857142852,-3.0166666666666666,2024-01
2024-01-17,1.1,-5.7,-1.6,7.7,서울,-2.714285714285714,-2.813333333333333,2024-01
2024-01-18,9.8,-0.7,2.7,1.0,서울,-2.1285714285714286,-2.58,2024-01
2024-01-19,7.4,0.9,3.2,0.0,서울,-1.3714285714285708,-2.22,2024-01
2024-01-20,4.0,0.4,1.7,2.2,서울,-0.7142857142857136,-1.77,2024-01
2024-01-21,2.5,-3.0,0.6,0.1,서울,-0.328571428571428,-1.35,2024-01
2024-01-22,-4.2,-12.4,-8.6,0.0,서울,-0.8428571428571423,-1.3733333333333333,2024-01
2024-01-23,-9.0,-15.0,-12.3,0.0,서울,-2.0428571428571423,-1.6666666666666667,2024-01
2024-01-24,-4.3,-12.0,-8.9,0.0,서울,-3.0857142857142854,-1.8733333333333335,2024-01
2024-01-25,-0.8,-9.2,-6.0,0.0,서울,-4.328571428571428,-2.0466666666666664,2024-01
2024-01-26,3.1,-7.5,-3.6,0.0,서울,-5.3,-2.1366666666666663,2024-01
2024-01-27,4.1,-7.3,-2.4,0.0,서울,-5.885714285714285,-2.203333333333333,2024-01
2024-01-28,1.5,-6.7,-3.1,0.0,서울,-6.414285714285714,-2.3033333333333337,2024-01
2024-01-29,3.9,-6.5,-2.4,0.0,서울,-5.528571428571428,-2.3566666666666665,2024-01
2024-01-30,6.3,-5.8,-0.6,0.0,서울,-3.857142857142857,-2.4233333333333333,2024-01
2024-01-31,8.8,-3.8,1.6,0.0,서울,-2.3571428571428568,-2.393333333333333,2024-01
2024-02-01,5.6,-3.7,0.1,0.0,서울,-1.4857142857142853,-2.4233333333333333,2024-02
2024-02-02,4.9,-3.2,1.0,0.0,서울,-0.8285714285714282,-2.3833333333333333,2024-02
2024-02-03,6.8,-3.0,1.4,1.4,서울,-0.2857142857142852,-2.316666666666667,2024-02
2024-02-04,9.3,0.8,4.1,0.0,서울,0.7428571428571432,-2.2666666666666666,2024-02
2024-02-05,2.6,-0.9,1.4,7.6,서울,1.2857142857142863,-2.1566666666666663,2024-02
2024-02-06,3.7,-1.8,0.5,1.0,서울,1.4428571428571433,-1.9566666666666668,2024-02
2024-02-07,2.9,-5.7,-1.4,0.0,서울,1.0142857142857147,-1.8,2024-02
2024-02-08,3.5,-5.0,-1.7,0.0,서울,0.7571428571428575,-1.8166666666666669,2024-02
2024-02-09,4.3,-4.5,-1.2,0.0,서울,0.4428571428571432,-1.7633333333333332,2024-02
2024-02-10,6.5,-5.3,-0.9,0.0,서울,0.11428571428571468,-1.7466666666666666,2024-02
2024-02-11,5.1,-7.1,-1.7,0.0,서울,-0.7142857142857137,-1.7333333333333334,2024-02
2024-02-12,8.6,-6.2,0.1,0.0,서울,-0.8999999999999996,-1.6333333333333333,2024-02
2024-02-13,13.0,-0.3,5.6,0.0,서울,-0.17142857142857107,-1.3766666666666665,2024-02
2024-02-14,16.3,4.0,9.3,1.0,서울,1.3571428571428577,-0.9,2024-02
2024-02-15,8.9,-1.6,4.4,8.6,서울,2.228571428571429,-0.6233333333333334,2024-02
2024-02-16,6.1,-4.8,-0.1,0.0,서울,2.385714285714286,-0.5733333333333334,2024-02
2024-02-17,8.4,-4.7,1.2,0.0,서울,2.6857142857142864,-0.6233333333333333,2024-02
2024-02-18,9.2,-2.8,4.0,8.5,서울,3.500000000000001,-0.5966666666666668,2024-02
2024-02-19,11.9,2.1,8.8,8.6,서울,4.742857142857143,-0.36000000000000004,2024-02
2024-02-20,6.7,0.3,2.8,2.0,서울,4.342857142857143,-0.28666666666666674,2024-02
2024-02-21,2.7,0.1,1.7,15.3,서울,3.257142857142857,0.056666666666666636,2024-02
2024-02-22,0.9,-2.1,-0.6,5.7,서울,2.5428571428571436,0.44666666666666666,2024-02
2024-02-23,5.8,-2.6,0.6,0.2,서울,2.6428571428571432,0.7633333333333333,2024-02
2024-02-24,6.0,-3.7,0.6,2.1,서울,2.5571428571428574,0.9833333333333333,2024-02
2024-02-25,5.6,-2.2,1.7,2.1,서울,2.228571428571429,1.1600000000000001,2024-02
2024-02-26,8.1,-3.4,1.8,0.0,서울,1.228571428571429,1.3,2024-02
2024-02-27,8.5,-2.8,2.2,0.0,서울,1.1428571428571435,1.4766666666666668,2024-02
2024-02-28,7.9,1.1,3.9,0.0,서울,1.4571428571428575,1.6866666666666668,2024-02
2024-02-29,7.5,-1.9,2.8,0.1,서울,1.9428571428571433,1.8,2024-02
2024-03-01,-1.3,-7.9,-4.9,0.0,서울,1.1571428571428577,1.5833333333333333,2024-03
2024-03-02,4.4,-8.3,-2.0,3.6,서울,0.7857142857142863,1.5133333333333332,2024-03
2024-03-03,7.6,-4.3,1.6,0.4,서울,0.771428571428572,1.5333333333333334,2024-03
2024-03-04,9.0,-5.3,2.1,0.0,서울,0.8142857142857148,1.5566666666666669,2024-03
2024-03-05,10.5,2.5,5.3,0.6,서울,1.2571428571428578,1.5966666666666667,2024-03
2024-03-06,8.9,-1.3,4.0,0.0,서울,1.2714285714285718,1.6833333333333333,2024-03
2024-03-07,7.1,-1.3,2.6,2.1,서울,1.2428571428571435,1.7533333333333334,2024-03
2024-03-08,5.9,-4.3,0.1,0.0,서울,1.9571428571428577,1.8033333333333335,2024-03
2024-03-09,5.8,-5.6,-0.6,0.0,서울,2.157142857142858,1.84,2024-03
2024-03-10,8.3,-3.9,1.7,0.0,서울,2.171428571428572,1.9366666666666665,2024-03
2024-03-11,9.6,-1.6,3.8,0.4,서울,2.414285714285715,2.0933333333333333,2024-03
2024-03-12,10.0,-0.1,4.6,1.7,서울,2.3142857142857145,2.3033333333333332,2024-03
2024-03-13,10.5,-2.4,3.6,0.0,서울,2.2571428571428576,2.4200000000000004,2024-03
2024-03-14,12.9,-0.9,5.0,0.0,서울,2.6000000000000005,2.4,2024-03
2024-03-15,12.4,-0.7,5.3,0.0,서울,3.342857142857143,2.2666666666666666,2024-03
2024-03-16,15.4,-0.4,7.5,0.0,서울,4.500000000000001,2.3699999999999997,2024-03
2024-03-17,10.1,3.4,7.0,0.1,서울,5.257142857142858,2.6066666666666665,2024-03
2024-03-18,11.4,-3.2,4.0,0.0,서울,5.285714285714286,2.7,2024-03
2024-03-19,10.3,2.1,5.3,0.7,서울,5.385714285714286,2.7433333333333336,2024-03
2024-03-20,7.7,-0.7,3.2,0.0,서울,5.328571428571429,2.556666666666666,2024-03
2024-03-21,9.9,-2.5,3.0,0.0,서울,5.042857142857144,2.563333333333333,2024-03
2024-03-22,15.8,0.3,7.8,16.3,서울,5.4,2.7666666666666666,2024-03
2024-03-23,16.2,7.5,10.5,1.3,서울,5.828571428571429,3.1366666666666663,2024-03
2024-03-24,19.3,5.3,11.9,0.0,서울,6.528571428571429,3.513333333333333,2024-03
2024-03-25,12.4,5.6,8.7,2.5,서울,7.200000000000001,3.783333333333333,2024-03
2024-03-26,12.1,1.9,6.1,12.4,서울,7.314285714285715,3.9299999999999997,2024-03
2024-03-27,14.7,1.6,7.6,0.0,서울,7.942857142857143,4.123333333333333,2024-03
2024-03-28,12.0,6.6,8.8,3.0,서울,8.771428571428572,4.343333333333333,2024-03
2024-03-29,13.1,2.7,7.1,5.0,서울,8.671428571428573,4.45,2024-03
2024-03-30,14.2,0.5,6.4,1.0,서울,8.085714285714287,4.569999999999999,2024-03
2024-03-31,14.4,0.1,7.2,0.0,서울,7.414285714285714,4.973333333333333,2024-03
2024-04-01,16.2,3.1,8.9,0.0,서울,7.442857142857144,5.336666666666667,2024-04
2024-04-02,21.2,2.8,11.6,0.0,서울,8.22857142857143,5.67,2024-04
2024-04-03,16.3,9.7,12.6,0.5,서울,8.942857142857143,6.0200000000000005,2024-04
2024-04-04,18.4,9.2,12.9,0.0,서울,9.528571428571428,6.2733333333333325,2024-04
2024-04-05,16.2,6.8,11.8,0.1,서울,10.200000000000001,6.533333333333333,2024-04
2024-04-06,16.6,4.6,9.8,0.0,서울,10.685714285714285,6.773333333333334,2024-04
2024-04-07,20.8,4.1,11.8,0.0,서울,11.342857142857143,7.163333333333333,2024-04
2024-04-08,20.7,6.7,13.3,0.0,서울,11.971428571428573,7.626666666666667,2024-04
2024-04-09,17.5,8.0,12.2,0.0,서울,12.057142857142859,7.976666666666666,2024-04
2024-04-10,17.7,6.2,11.7,0.0,서울,11.928571428571429,8.24,2024-04
2024-04-11,19.2,8.5,12.8,0.5,서울,11.914285714285715,8.513333333333334,2024-04
2024-04-12,22.5,6.6,14.1,0.0,서울,12.242857142857144,8.863333333333333,2024-04
2024-04-13,26.4,8.6,16.1,0.0,서울,13.142857142857142,9.233333333333333,2024-04
2024-04-14,28.1,9.2,18.0,0.0,서울,14.028571428571428,9.656666666666666,2024-04
2024-04-15,17.7,10.2,14.9,19.1,서울,14.257142857142858,9.903333333333332,2024-04
2024-04-16,15.7,7.3,11.6,0.8,서울,14.171428571428573,10.056666666666667,2024-04
2024-04-17,20.9,6.8,11.9,0.0,서울,14.200000000000001,10.319999999999999,2024-04
2024-04-18,23.5,8.4,14.7,0.0,서울,14.471428571428573,10.633333333333333,2024-04
2024-04-19,21.4,7.1,14.4,0.0,서울,14.514285714285716,11.006666666666666,2024-04
2024-04-20,15.2,11.9,13.1,5.7,서울,14.085714285714287,11.343333333333332,2024-04
2024-04-21,20.6,12.2,15.8,0.1,서울,13.771428571428572,11.610000000000001,2024-04
2024-04-22,23.4,13.3,16.9,0.0,서울,14.057142857142859,11.823333333333334,2024-04
2024-04-23,22.2,10.3,15.5,1.2,서울,14.614285714285716,11.943333333333333,2024-04
2024-04-24,17.4,9.5,12.8,12.1,서울,14.742857142857144,12.08,2024-04
2024-04-25,19.8,9.5,12.7,0.0,서울,14.457142857142859,12.3,2024-04
2024-04-26,23.8,8.6,15.1,0.0,서울,14.557142857142859,12.55,2024-04
2024-04-27,24.4,9.2,15.5,0.0,서울,14.900000000000002,12.773333333333333,2024-04
2024-04-28,26.7,10.3,17.5,0.0,서울,15.142857142857142,13.12,2024-04
2024-04-29,23.6,13.6,18.0,0.0,서울,15.3,13.506666666666666,2024-04
2024-04-30,22.2,11.4,16.0,0.0,서울,15.371428571428572,13.8,2024-04
2024-05-01,22.0,12.3,16.3,0.2,서울,15.871428571428572,14.046666666666665,2024-05
2024-05-02,22.9,9.5,16.1,0.0,서울,16.357142857142858,14.196666666666667,2024-05
2024-05-03,27.8,9.7,17.4,0.0,서울,16.685714285714287,14.356666666666666,2024-05
2024-05-04,27.1,12.0,19.1,0.0,서울,17.200000000000003,14.563333333333334,2024-05
2024-05-05,18.9,14.8,17.2,66.8,서울,17.157142857142855,14.743333333333334,2024-05
2024-05-06,14.6,12.9,13.7,6.2,서울,16.54285714285714,14.873333333333333,2024-05
2024-05-07,15.2,11.7,13.1,1.9,서울,16.12857142857143,14.916666666666666,2024-05
2024-05-08,19.5,7.5,13.3,0.2,서울,15.700000000000001,14.916666666666666,2024-05
2024-05-09,19.5,8.1,14.0,0.0,서울,15.400000000000002,14.976666666666665,2024-05
2024-05-10,21.7,8.8,15.1,0.0,서울,15.071428571428571,15.09,2024-05
2024-05-11,21.6,11.5,15.8,16.2,서울,14.600000000000003,15.19,2024-05
2024-05-12,21.2,10.2,15.2,0.0,서울,14.314285714285715,15.226666666666667,2024-05
2024-05-13,22.4,10.2,16.0,0.0,서울,14.642857142857142,15.223333333333333,2024-05
2024-05-14,21.9,9.7,16.1,0.0,서울,15.071428571428573,15.16,2024-05
2024-05-15,18.1,6.6,12.3,22.7,서울,14.92857142857143,15.073333333333334,2024-05
2024-05-16,18.1,6.0,11.6,3.4,서울,14.585714285714287,15.073333333333332,2024-05
2024-05-17,22.1,7.0,15.0,0.0,서울,14.571428571428571,15.176666666666668,2024-05
2024-05-18,24.0,11.3,17.5,0.0,서울,14.814285714285717,15.270000000000001,2024-05
2024-05-19,25.3,11.8,18.1,0.0,서울,15.22857142857143,15.393333333333334,2024-05
2024-05-20,20.9,14.2,17.5,2.1,서울,15.442857142857145,15.540000000000001,2024-05
2024-05-21,25.5,13.8,18.9,0.0,서울,15.842857142857143,15.643333333333334,2024-05
2024-05-22,23.2,14.0,17.8,0.0,서울,16.62857142857143,15.673333333333334,2024-05
2024-05-23,24.0,13.3,17.6,0.0,서울,17.485714285714288,15.743333333333334,2024-05
2024-05-24,24.8,14.0,18.8,0.0,서울,18.028571428571432,15.943333333333333,2024-05
2024-05-25,24.8,17.7,19.9,0.0,서울,18.371428571428574,16.183333333333334,2024-05
2024-05-26,22.5,15.3,18.5,7.1,서울,18.428571428571427,16.296666666666667,2024-05
2024-05-27,22.9,12.6,17.6,0.0,서울,18.442857142857147,16.366666666666667,2024-05
2024-05-28,23.8,11.7,17.8,0.0,서울,18.285714285714285,16.37666666666667,2024-05
2024-05-29,25.5,12.9,18.8,0.0,서울,18.428571428571427,16.403333333333332,2024-05
2024-05-30,23.1,14.0,18.7,0.0,서울,18.585714285714285,16.493333333333332,2024-05
2024-05-31,23.4,13.5,18.7,0.3,서울,18.571428571428573,16.573333333333334,2024-05
2024-06-01,25.8,15.1,19.7,1.7,서울,18.542857142857144,16.693333333333335,2024-06
2024-06-02,26.0,12.3,19.0,0.0,서울,18.614285714285717,16.746666666666666,2024-06
2024-06-03,27.3,13.8,20.6,0.0,서울,19.042857142857144,16.796666666666667,2024-06
2024-06-04,29.3,13.8,21.2,0.0,서울,19.528571428571432,16.93,2024-06
2024-06-05,29.7,16.0,22.4,0.0,서울,20.042857142857144,17.220000000000002,2024-06
2024-06-06,29.5,17.1,22.5,0.2,서울,20.58571428571429,17.533333333333335,2024-06
2024-06-07,27.2,15.2,21.0,0.0,서울,20.914285714285715,17.790000000000003,2024-06
2024-06-08,23.7,16.7,19.4,15.8,서울,20.87142857142857,17.970000000000002,2024-06
2024-06-09,27.3,15.3,20.8,0.0,서울,21.12857142857143,18.16,2024-06
2024-06-10,29.5,16.0,22.4,0.0,서울,21.38571428571429,18.380000000000003,2024-06
2024-06-11,30.4,18.5,23.0,0.0,서울,21.642857142857142,18.64,2024-06
2024-06-12,30.6,15.7,23.2,0.0,서울,21.75714285714286,18.88,2024-06
2024-06-13,31.8,18.2,24.6,0.0,서울,22.057142857142857,19.163333333333334,2024-06
2024-06-14,32.9,18.1,24.9,0.0,서울,22.614285714285717,19.583333333333332,2024-06
2024-06-15,27.7,20.2,22.7,7.2,서울,23.085714285714285,19.953333333333333,2024-06
2024-06-16,28.6,16.8,22.3,0.1,서울,23.3,20.196666666666665,2024-06
2024-06-17,28.8,16.6,22.3,0.0,서울,23.28571428571429,20.35666666666667,2024-06
2024-06-18,31.2,17.4,23.5,0.0,서울,23.35714285714286,20.53666666666667,2024-06
2024-06-19,34.7,18.0,26.2,0.0,서울,23.785714285714285,20.826666666666664,2024-06
2024-06-20,35.6,20.0,27.2,0.0,서울,24.157142857142855,21.103333333333335,2024-06
2024-06-21,32.6,21.3,26.4,0.0,서울,24.37142857142857,21.39,2024-06
2024-06-22,24.7,22.6,23.3,26.3,서울,24.45714285714286,21.58,2024-06
2024-06-23,28.6,20.7,24.0,7.2,서울,24.7,21.75333333333333,2024-06
2024-06-24,26.6,19.6,22.6,11.1,서울,24.742857142857144,21.84333333333333,2024-06
2024-06-25,24.9,16.2,20.9,1.0,서울,24.371428571428574,21.923333333333332,2024-06
2024-06-26,29.0,16.5,22.2,0.3,서울,23.8,22.076666666666664,2024-06
2024-06-27,30.1,18.9,24.5,0.0,서울,23.414285714285715,22.3,2024-06
2024-06-28,30.8,19.3,24.5,0.0,서울,23.142857142857142,22.490000000000002,2024-06
2024-06-29,32.7,19.4,25.4,34.5,서울,23.442857142857143,22.71333333333333,2024-06
2024-06-30,24.8,20.9,22.9,4.5,서울,23.28571428571429,22.85333333333333,2024-06
2024-07-01,29.8,20.3,24.1,0.0,서울,23.5,23.0,2024-07
2024-07-02,24.2,21.8,23.1,57.7,서울,23.814285714285717,23.136666666666667,2024-07
2024-07-03,26.5,22.6,24.1,5.5,서울,24.085714285714285,23.253333333333334,2024-07
2024-07-04,28.8,21.1,24.9,4.1,서울,24.142857142857142,23.376666666666665,2024-07
2024-07-05,24.8,21.1,23.1,1.9,서울,23.942857142857143,23.4,2024-07
2024-07-06,29.8,20.9,24.3,25.1,서울,23.785714285714285,23.459999999999997,2024-07
2024-07-07,27.3,19.3,23.4,18.1,서울,23.85714285714286,23.54,2024-07
2024-07-08,25.3,21.9,23.1,37.7,서울,23.714285714285715,23.663333333333334,2024-07
2024-07-09,26.4,20.5,23.2,8.3,서울,23.728571428571428,23.743333333333336,2024-07
2024-07-10,30.1,22.1,25.5,15.1,서울,23.928571428571427,23.846666666666668,2024-07
2024-07-11,27.1,21.2,23.6,0.4,서울,23.742857142857144,23.866666666666667,2024-07
2024-07-12,30.1,20.7,24.4,0.6,서울,23.928571428571427,23.90666666666667,2024-07
2024-07-13,31.1,21.8,25.8,5.6,서울,24.142857142857142,23.946666666666665,2024-07
2024-07-14,30.5,22.3,25.9,1.4,서울,24.500000000000004,23.98,2024-07
2024-07-15,30.8,22.0,26.4,0.3,서울,24.97142857142857,24.103333333333335,2024-07
2024-07-16,29.8,23.2,25.5,17.8,서울,25.300000000000004,24.21,2024-07
2024-07-17,26.9,22.3,24.7,89.6,서울,25.185714285714287,24.29,2024-07
2024-07-18,25.4,23.3,24.4,60.6,서울,25.300000000000004,24.319999999999997,2024-07
2024-07-19,29.0,23.1,25.2,1.2,서울,25.414285714285715,24.28666666666667,2024-07
2024-07-20,29.6,22.4,25.3,25.8,서울,25.342857142857145,24.223333333333333,2024-07
2024-07-21,29.0,22.7,25.5,7.4,서울,25.285714285714285,24.19333333333333,2024-07
2024-07-22,27.6,24.6,26.1,41.4,서울,25.242857142857144,24.28666666666667,2024-07
2024-07-23,26.5,23.7,24.9,26.2,서울,25.157142857142862,24.316666666666666,2024-07
2024-07-24,30.5,23.7,25.9,3.4,서울,25.328571428571426,24.42666666666667,2024-07
2024-07-25,31.9,23.1,27.2,5.5,서울,25.72857142857143,24.636666666666667,2024-07
2024-07-26,32.8,24.8,27.4,18.0,서울,26.042857142857144,24.81,2024-07
2024-07-27,30.0,25.2,27.0,39.4,서울,26.285714285714285,24.89333333333333,2024-07
2024-07-28,31.0,25.9,28.0,0.4,서울,26.642857142857142,25.009999999999998,2024-07
2024-07-29,28.3,25.3,26.6,2.1,서울,26.714285714285715,25.05,2024-07
2024-07-30,30.3,24.7,26.8,0.9,서울,26.985714285714288,25.180000000000003,2024-07
2024-07-31,31.3,24.7,27.4,0.7,서울,27.2,25.290000000000003,2024-07
2024-08-01,31.9,25.0,28.1,1.0,서울,27.328571428571426,25.456666666666667,2024-08
2024-08-02,30.1,25.3,27.4,11.1,서울,27.32857142857143,25.566666666666666,2024-08
2024-08-03,31.9,24.3,27.8,5.6,서울,27.442857142857147,25.663333333333334,2024-08
2024-08-04,33.4,24.1,28.9,0.0,서울,27.571428571428573,25.856666666666666,2024-08
2024-08-05,31.5,25.7,28.1,15.7,서울,27.785714285714285,25.983333333333334,2024-08
2024-08-06,31.0,24.9,27.7,3.2,서울,27.914285714285715,26.12666666666667,2024-08
2024-08-07,30.9,24.4,27.2,2.2,서울,27.885714285714283,26.263333333333332,2024-08
2024-08-08,29.4,23.2,26.4,6.5,서울,27.642857142857142,26.37,2024-08
2024-08-09,31.9,24.2,27.2,0.0,서울,27.614285714285717,26.426666666666666,2024-08
2024-08-10,32.1,24.2,27.8,0.0,서울,27.61428571428571,26.566666666666666,2024-08
2024-08-11,32.7,25.0,28.5,0.4,서울,27.557142857142857,26.703333333333333,2024-08
2024-08-12,32.3,25.9,29.0,0.4,서울,27.685714285714287,26.810000000000002,2024-08
2024-08-13,33.6,25.4,28.8,0.6,서울,27.842857142857145,26.90666666666667,2024-08
2024-08-14,32.7,25.3,28.4,0.1,서울,28.014285714285716,26.973333333333333,2024-08
2024-08-15,32.3,25.6,28.0,8.4,서울,28.242857142857144,27.056666666666665,2024-08
2024-08-16,31.8,24.9,28.2,0.1,서울,28.38571428571429,27.173333333333336,2024-08
2024-08-17,32.4,25.3,28.1,2.1,서울,28.428571428571427,27.29666666666667,2024-08
2024-08-18,32.3,24.2,27.1,21.2,서울,28.22857142857143,27.36,2024-08
2024-08-19,32.6,24.8,27.8,6.9,서울,28.057142857142857,27.443333333333335,2024-08
2024-08-20,34.0,25.6,28.8,10.1,서울,28.057142857142857,27.553333333333335,2024-08
2024-08-21,28.7,25.3,26.4,71.5,서울,27.771428571428576,27.563333333333333,2024-08
2024-08-22,30.9,25.0,27.4,5.9,서울,27.685714285714287,27.64666666666667,2024-08
2024-08-23,29.5,24.2,26.3,4.3,서울,27.414285714285715,27.66,2024-08
2024-08-24,29.5,22.5,25.8,0.8,서울,27.08571428571429,27.613333333333333,2024-08
2024-08-25,30.6,24.2,26.8,0.7,서울,27.042857142857144,27.593333333333337,2024-08
2024-08-26,29.3,23.4,26.4,0.8,서울,26.842857142857145,27.573333333333334,2024-08
2024-08-27,26.6,22.1,24.2,2.0,서울,26.185714285714287,27.44666666666667,2024-08
2024-08-28,31.4,20.9,26.1,0.0,서울,26.142857142857142,27.43,2024-08
2024-08-29,30.8,20.9,26.0,0.0,서울,25.942857142857147,27.40333333333333,2024-08
2024-08-30,31.2,21.2,26.0,0.0,서울,25.900000000000002,27.356666666666666,2024-08
2024-08-31,29.9,19.4,24.7,0.0,서울,25.742857142857144,27.243333333333332,2024-08
2024-09-01,28.3,20.8,24.5,0.0,서울,25.414285714285715,27.146666666666665,2024-09
2024-09-02,25.5,20.4,22.7,27.0,서울,24.885714285714283,26.97666666666667,2024-09
2024-09-03,29.3,20.5,24.2,0.0,서울,24.88571428571429,26.82,2024-09
2024-09-04,29.9,19.9,24.6,0.0,서울,24.671428571428574,26.703333333333333,2024-09
2024-09-05,27.5,22.6,24.8,2.0,서울,24.5,26.606666666666666,2024-09
2024-09-06,25.9,21.5,23.7,1.7,서울,24.171428571428574,26.490000000000002,2024-09
2024-09-07,29.1,21.1,24.3,1.7,서울,24.114285714285717,26.419999999999998,2024-09
2024-09-08,29.9,20.1,24.6,0.0,서울,24.12857142857143,26.333333333333332,2024-09
2024-09-09,31.2,22.3,26.4,0.0,서울,24.657142857142862,26.286666666666665,2024-09
2024-09-10,31.4,23.4,27.0,0.4,서울,25.05714285714286,26.236666666666665,2024-09
2024-09-11,32.7,22.7,26.9,8.3,서울,25.385714285714283,26.166666666666668,2024-09
2024-09-12,25.3,24.0,24.7,28.4,서울,25.371428571428574,26.029999999999998,2024-09
2024-09-13,27.6,23.4,24.9,17.2,서울,25.54285714285714,25.913333333333334,2024-09
2024-09-14,29.3,23.5,25.8,1.6,서울,25.75714285714286,25.84,2024-09
2024-09-15,29.8,22.2,25.3,0.6,서울,25.857142857142858,25.743333333333332,2024-09
2024-09-16,31.0,20.5,25.4,0.7,서울,25.714285714285715,25.65333333333333,2024-09
2024-09-17,30.8,24.7,27.2,5.6,서울,25.742857142857144,25.65666666666667,2024-09
2024-09-18,29.7,23.7,26.6,10.9,서울,25.7,25.616666666666667,2024-09
2024-09-19,29.4,24.5,26.4,1.5,서울,25.942857142857147,25.53666666666667,2024-09
2024-09-20,26.9,16.9,24.2,69.6,서울,25.842857142857145,25.463333333333335,2024-09
2024-09-21,21.7,17.1,19.0,28.3,서울,24.87142857142857,25.183333333333334,2024-09
2024-09-22,23.6,17.3,19.9,0.3,서울,24.1,24.970000000000002,2024-09
2024-09-23,23.7,14.8,18.8,0.0,서울,23.157142857142862,24.736666666666668,2024-09
2024-09-24,23.5,13.7,18.2,0.0,서울,21.871428571428574,24.45,2024-09
2024-09-25,25.9,16.1,20.7,0.5,서울,21.02857142857143,24.259999999999998,2024-09
2024-09-26,26.0,18.6,21.3,3.4,서울,20.3,24.163333333333334,2024-09
2024-09-27,26.0,16.4,21.0,0.3,서울,19.842857142857145,23.993333333333336,2024-09
2024-09-28,26.0,17.8,21.3,0.0,서울,20.17142857142857,23.836666666666666,2024-09
2024-09-29,26.5,17.8,21.4,0.0,서울,20.38571428571429,23.683333333333334,2024-09
2024-09-30,25.4,15.8,20.3,0.0,서울,20.599999999999998,23.53666666666667,2024-09
2024-10-01,20.2,12.2,17.2,5.8,서울,20.45714285714286,23.293333333333333,2024-10
2024-10-02,17.9,9.6,12.9,0.0,서울,19.342857142857145,22.966666666666665,2024-10
2024-10-03,20.1,7.8,13.6,0.0,서울,18.242857142857144,22.613333333333333,2024-10
2024-10-04,20.9,8.5,14.4,0.0,서울,17.3,22.273333333333333,2024-10
2024-10-05,21.1,8.7,14.4,0.0,서울,16.314285714285717,21.92666666666667,2024-10
2024-10-06,16.7,9.0,13.3,0.1,서울,15.157142857142858,21.58,2024-10
2024-10-07,19.8,12.2,15.5,0.0,서울,14.471428571428573,21.28666666666667,2024-10
2024-10-08,20.5,9.9,15.5,0.5,서울,14.22857142857143,20.983333333333334,2024-10
2024-10-09,21.9,11.8,16.5,0.0,서울,14.742857142857144,20.653333333333332,2024-10
2024-10-10,21.0,12.7,16.5,0.3,서울,15.157142857142858,20.303333333333335,2024-10
2024-10-11,21.6,11.1,15.8,0.0,서울,15.357142857142858,19.933333333333334,2024-10
2024-10-12,20.8,9.8,15.1,0.0,서울,15.457142857142859,19.613333333333333,2024-10
2024-10-13,22.3,10.0,15.8,0.0,서울,15.814285714285715,19.310000000000002,2024-10
2024-10-14,21.1,15.2,17.7,0.2,서울,16.12857142857143,19.04,2024-10
2024-10-15,21.5,14.6,17.4,2.3,서울,16.400000000000002,18.776666666666664,2024-10
2024-10-16,21.2,12.6,15.6,0.0,서울,16.271428571428572,18.45,2024-10
2024-10-17,23.2,10.3,16.5,0.0,서울,16.271428571428572,18.09333333333333,2024-10
2024-10-18,18.5,15.2,16.1,41.1,서울,16.314285714285713,17.743333333333332,2024-10
2024-10-19,20.5,11.5,15.7,9.5,서울,16.400000000000002,17.386666666666667,2024-10
2024-10-20,16.8,9.0,12.1,0.0,서울,15.871428571428572,16.983333333333334,2024-10
2024-10-21,17.2,7.7,12.4,0.8,서울,15.114285714285716,16.763333333333332,2024-10
2024-10-22,16.6,12.9,14.9,13.7,서울,14.757142857142856,16.596666666666668,2024-10
2024-10-23,15.0,7.2,11.9,0.8,서울,14.22857142857143,16.366666666666667,2024-10
2024-10-24,16.5,4.6,10.6,0.0,서울,13.385714285714286,16.113333333333333,2024-10
2024-10-25,19.4,6.1,11.9,0.0,서울,12.785714285714286,15.819999999999999,2024-10
2024-10-26,21.5,9.5,14.7,0.0,서울,12.642857142857144,15.6,2024-10
2024-10-27,17.8,11.8,14.5,0.1,서울,12.985714285714286,15.383333333333333,2024-10
2024-10-28,19.1,9.4,14.0,0.1,서울,13.214285714285717,15.139999999999999,2024-10
2024-10-29,16.9,9.1,13.1,0.2,서울,12.957142857142857,14.863333333333333,2024-10
2024-10-30,18.3,8.8,13.3,0.0,서울,13.157142857142858,14.63,2024-10
2024-10-31,19.5,7.7,12.7,0.0,서울,13.457142857142857,14.479999999999999,2024-10
2024-11-01,17.2,8.9,12.6,0.0,서울,13.557142857142859,14.47,2024-11
2024-11-02,22.6,10.2,15.6,0.0,서울,13.685714285714287,14.536666666666665,2024-11
2024-11-03,20.9,9.3,14.6,1.1,서울,13.700000000000001,14.543333333333333,2024-11
2024-11-04,16.9,7.8,13.3,1.1,서울,13.600000000000003,14.506666666666668,2024-11
2024-11-05,12.9,4.9,8.1,0.0,서울,12.885714285714286,14.333333333333334,2024-11
2024-11-06,9.8,1.7,5.3,0.0,서울,11.742857142857144,13.993333333333334,2024-11
2024-11-07,11.6,-0.3,5.0,0.0,서울,10.642857142857142,13.643333333333334,2024-11
2024-11-08,14.6,-0.5,6.5,0.0,서울,9.771428571428572,13.31,2024-11
2024-11-09,17.2,4.2,9.7,0.0,서울,8.928571428571429,13.083333333333334,2024-11
2024-11-10,17.3,7.5,10.9,0.0,서울,8.400000000000002,12.92,2024-11
2024-11-11,17.7,8.5,12.0,0.0,서울,8.214285714285715,12.816666666666666,2024-11
2024-11-12,16.6,6.9,11.3,0.0,서울,8.671428571428573,12.666666666666666,2024-11
2024-11-13,18.2,6.5,11.7,0.0,서울,9.585714285714287,12.466666666666667,2024-11
2024-11-14,15.4,9.9,12.6,0.2,서울,10.671428571428573,12.306666666666667,2024-11
2024-11-15,18.4,11.4,14.1,0.0,서울,11.757142857142858,12.256666666666666,2024-11
2024-11-16,20.2,12.7,15.4,5.7,서울,12.571428571428571,12.219999999999999,2024-11
2024-11-17,13.1,2.4,6.8,0.1,서울,11.985714285714286,11.91,2024-11
2024-11-18,5.5,-1.4,1.7,0.0,서울,10.514285714285716,11.443333333333333,2024-11
2024-11-19,6.9,-0.9,2.4,0.0,서울,9.242857142857144,11.120000000000001,2024-11
2024-11-20,9.4,0.9,4.8,0.0,서울,8.257142857142858,10.866666666666667,2024-11
2024-11-21,12.9,3.5,7.4,1.1,서울,7.514285714285714,10.616666666666667,2024-11
2024-11-22,9.1,1.8,5.2,0.0,서울,6.242857142857145,10.393333333333334,2024-11
2024-11-23,9.8,-0.5,4.2,0.0,서울,4.642857142857144,10.18,2024-11
2024-11-24,10.9,1.0,5.4,0.0,서울,4.442857142857144,9.963333333333335,2024-11
2024-11-25,14.1,1.9,8.0,0.0,서울,5.342857142857143,9.740000000000002,2024-11
2024-11-26,11.1,1.6,6.7,21.3,서울,5.957142857142858,9.48,2024-11
2024-11-27,1.2,-2.3,-0.7,10.9,서울,5.171428571428572,8.990000000000002,2024-11
2024-11-28,1.1,-5.2,-1.9,0.7,서울,3.842857142857144,8.49,2024-11
2024-11-29,0.9,-7.8,-2.8,0.0,서울,2.7000000000000006,7.953333333333333,2024-11
2024-11-30,4.0,-4.5,0.0,0.0,서울,2.100000000000001,7.53,2024-11
2024-12-01,4.7,-2.9,1.1,0.3,서울,1.4857142857142869,7.1466666666666665,2024-12
2024-12-02,12.5,-0.4,5.4,0.2,서울,1.1142857142857154,6.8066666666666675,2024-12
2024-12-03,2.3,-4.3,-1.1,0.0,서울,1.0785023667787234e-15,6.283333333333333,2024-12
2024-12-04,3.8,-2.1,0.3,0.0,서울,0.14285714285714393,5.85,2024-12
2024-12-05,6.6,-1.9,1.4,0.0,서울,0.6142857142857154,5.626666666666667,2024-12
2024-12-06,3.3,-2.6,0.1,0.0,서울,1.0285714285714296,5.453333333333333,2024-12
2024-12-07,1.6,-3.5,-1.7,0.0,서울,0.7857142857142867,5.23,2024-12
2024-12-08,2.2,-4.9,-2.0,0.0,서울,0.3428571428571439,4.946666666666667,2024-12
2024-12-09,3.7,-4.5,-1.2,0.0,서울,-0.5999999999999989,4.583333333333333,2024-12
2024-12-10,5.1,-2.5,0.3,0.0,서울,-0.39999999999999897,4.23,2024-12
2024-12-11,5.1,-2.3,0.4,0.0,서울,-0.3857142857142846,3.8433333333333337,2024-12
2024-12-12,2.8,-4.6,-1.5,0.0,서울,-0.7999999999999989,3.4166666666666665,2024-12
2024-12-13,2.9,-2.3,-0.5,0.0,서울,-0.8857142857142846,3.0100000000000002,2024-12
2024-12-14,0.9,-5.0,-2.3,0.0,서울,-0.9714285714285704,2.513333333333333,2024-12
2024-12-15,4.4,-2.7,-0.1,0.0,서울,-0.6999999999999987,2.04,2024-12
2024-12-16,2.6,-3.8,-1.3,0.0,서울,-0.7142857142857133,1.4833333333333334,2024-12
2024-12-17,0.8,-4.0,-2.0,0.0,서울,-1.0428571428571418,1.1900000000000002,2024-12
2024-12-18,-1.2,-6.8,-4.3,0.0,서울,-1.7142857142857133,0.9900000000000001,2024-12
2024-12-19,1.7,-6.5,-3.2,0.0,서울,-1.957142857142856,0.8033333333333333,2024-12
2024-12-20,2.7,-3.3,-0.8,0.8,서울,-1.999999999999999,0.6166666666666667,2024-12
2024-12-21,0.8,-6.2,-1.5,0.7,서울,-1.8857142857142846,0.32000000000000006,2024-12
2024-12-22,-2.0,-8.7,-5.9,0.0,서울,-2.714285714285713,-0.04999999999999997,2024-12
2024-12-23,3.3,-9.5,-3.5,0.0,서울,-3.0285714285714276,-0.30666666666666664,2024-12
2024-12-24,1.1,-6.6,-2.9,0.0,서울,-3.1571428571428557,-0.5833333333333334,2024-12
2024-12-25,4.2,-4.9,-0.1,0.3,서울,-2.557142857142856,-0.8533333333333333,2024-12
2024-12-26,1.7,-5.2,-1.5,0.0,서울,-2.314285714285713,-1.1266666666666665,2024-12
2024-12-27,0.3,-6.0,-3.5,0.0,서울,-2.699999999999999,-1.22,2024-12
2024-12-28,-0.2,-6.7,-3.9,0.0,서울,-3.042857142857142,-1.2866666666666664,2024-12
2024-12-29,3.1,-5.3,-1.4,0.0,서울,-2.399999999999999,-1.24,2024-12
2024-12-30,8.5,-0.9,3.2,0.3,서울,-1.4428571428571417,-1.1333333333333333,2024-12
2024-12-31,2.1,-3.6,-1.1,0.1,서울,-1.1857142857142846,-1.2066666666666668,2024-12
2025-01-01,6.8,-3.4,0.7,0.0,서울,-1.0714285714285705,-1.3633333333333333,2025-01
2025-01-02,4.2,-4.1,-1.1,0.0,서울,-1.0142857142857131,-1.3633333333333333,2025-01
2025-01-03,1.1,-5.5,-2.6,0.0,서울,-0.8857142857142847,-1.4600000000000002,2025-01
2025-01-04,2.8,-5.4,-1.9,0.0,서울,-0.599999999999999,-1.57,2025-01
2025-01-05,3.1,-1.7,0.5,7.1,서울,-0.32857142857142757,-1.5566666666666669,2025-01
2025-01-06,1.3,-5.2,-1.6,3.1,서울,-1.0142857142857131,-1.5533333333333335,2025-01
2025-01-07,-0.1,-10.0,-4.6,0.0,서울,-1.5142857142857131,-1.6400000000000001,2025-01
2025-01-08,0.1,-6.8,-4.2,0.0,서울,-2.214285714285713,-1.7399999999999998,2025-01
2025-01-09,-7.4,-12.4,-10.6,0.0,서울,-3.5714285714285703,-2.1033333333333335,2025-01
2025-01-10,-3.7,-12.4,-8.7,0.0,서울,-4.442857142857141,-2.4066666666666667,2025-01
2025-01-11,-2.4,-10.1,-6.3,0.0,서울,-5.07142857142857,-2.566666666666667,2025-01
2025-01-12,1.1,-7.6,-3.8,0.0,서울,-5.685714285714284,-2.6766666666666667,2025-01
2025-01-13,4.0,-5.0,-1.2,0.7,서울,-5.628571428571427,-2.64,2025-01
2025-01-14,5.3,-2.4,0.9,0.5,서울,-4.842857142857142,-2.6066666666666665,2025-01
2025-01-15,-2.5,-6.1,-4.3,0.0,서울,-4.857142857142856,-2.706666666666666,2025-01
2025-01-16,2.3,-5.1,-1.6,0.1,서울,-3.57142857142857,-2.6933333333333334,2025-01
2025-01-17,3.2,-6.9,-2.7,0.0,서울,-2.7142857142857126,-2.64,2025-01
2025-01-18,4.5,-4.2,-1.0,0.0,서울,-1.9571428571428557,-2.566666666666667,2025-01
2025-01-19,6.2,-2.9,0.7,0.0,서울,-1.314285714285713,-2.5166666666666666,2025-01
2025-01-20,4.9,-1.0,1.4,0.1,서울,-0.9428571428571415,-2.42,2025-01
2025-01-21,5.1,-2.9,0.1,0.0,서울,-1.0571428571428558,-2.2199999999999998,2025-01
2025-01-22,4.7,-2.0,0.8,0.2,서울,-0.32857142857142735,-2.0766666666666667,2025-01
2025-01-23,4.5,-3.6,-0.6,0.0,서울,-0.18571428571428447,-2.0,2025-01
2025-01-24,7.4,-3.2,0.6,0.0,서울,0.285714285714287,-1.9766666666666666,2025-01
2025-01-25,7.9,-0.5,2.6,0.0,서울,0.8000000000000013,-1.84,2025-01
2025-01-26,5.7,-0.8,2.1,0.0,서울,1.0000000000000013,-1.6533333333333333,2025-01
2025-01-27,1.8,-4.5,-0.8,5.3,서울,0.685714285714287,-1.55,2025-01
2025-01-28,-4.5,-6.3,-5.4,0.1,서울,-0.09999999999999876,-1.6833333333333333,2025-01
2025-01-29,-4.5,-9.0,-6.7,0.0,서울,-1.1714285714285704,-2.013333333333333,2025-01
2025-01-30,-1.4,-8.8,-5.1,0.0,서울,-1.8142857142857132,-2.1466666666666665,2025-01
2025-01-31,-0.2,-3.9,-1.9,2.1,서울,-2.17142857142857,-2.2333333333333334,2025-01
2025-02-01,7.1,-4.7,0.3,0.0,서울,-2.4999999999999987,-2.1866666666666665,2025-02
2025-02-02,5.1,-3.7,0.0,0.0,서울,-2.7999999999999985,-2.1,2025-02
2025-02-03,-0.9,-9.1,-5.4,0.0,서울,-3.457142857142856,-2.216666666666667,2025-02
2025-02-04,-6.7,-13.7,-10.2,0.0,서울,-4.1428571428571415,-2.5733333333333333,2025-02
2025-02-05,-4.6,-11.9,-9.1,0.0,서울,-4.485714285714285,-2.8233333333333333,2025-02
2025-02-06,-1.2,-11.6,-6.5,1.0,서울,-4.685714285714284,-2.8866666666666663,2025-02
2025-02-07,-8.3,-11.9,-9.7,0.9,서울,-5.799999999999998,-3.07,2025-02
2025-02-08,-4.2,-12.8,-9.0,0.0,서울,-7.128571428571427,-3.0166666666666666,2025-02
2025-02-09,-1.0,-11.3,-6.7,0.0,서울,-8.085714285714285,-2.95,2025-02
2025-02-10,0.4,-9.6,-5.1,0.2,서울,-8.042857142857141,-2.9099999999999997,2025-02
2025-02-11,4.6,-8.1,-2.1,0.0,서울,-6.885714285714284,-2.853333333333333,2025-02
2025-02-12,2.4,-3.8,-0.4,2.3,서울,-5.6428571428571415,-2.8266666666666667,2025-02
2025-02-13,4.1,-7.0,-1.3,0.0,서울,-4.899999999999999,-2.9,2025-02
2025-02-14,8.0,-2.4,1.6,0.0,서울,-3.2857142857142847,-2.703333333333333,2025-02
2025-02-15,6.4,-2.9,1.2,0.0,서울,-1.8285714285714276,-2.61,2025-02
2025-02-16,8.5,-1.4,2.4,0.0,서울,-0.5285714285714276,-2.4399999999999995,2025-02
2025-02-17,1.8,-4.0,-1.6,0.0,서울,-0.028571428571427644,-2.46,2025-02
2025-02-18,0.9,-5.4,-3.0,0.0,서울,-0.1571428571428562,-2.5833333333333335,2025-02
2025-02-19,0.2,-7.0,-3.8,0.0,서울,-0.6428571428571418,-2.756666666666667,2025-02
2025-02-20,1.1,-6.3,-3.4,0.0,서울,-0.942857142857142,-2.8733333333333335,2025-02
2025-02-21,1.6,-6.4,-3.2,0.0,서울,-1.628571428571428,-3.0066666666666664,2025-02
2025-02-22,1.5,-6.0,-3.0,0.0,서울,-2.2285714285714278,-3.0866666666666664,2025-02
2025-02-23,0.1,-6.4,-3.9,0.0,서울,-3.1285714285714272,-3.2366666666666664,2025-02
2025-02-24,3.5,-5.7,-2.1,0.0,서울,-3.1999999999999993,-3.3933333333333335,2025-02
2025-02-25,5.5,-2.8,1.1,0.1,서울,-2.6142857142857134,-3.4266666666666667,2025-02
2025-02-26,7.1,-3.5,1.4,0.0,서울,-1.8714285714285706,-3.353333333333333,2025-02
2025-02-27,10.7,-2.9,2.9,0.0,서울,-0.9714285714285705,-3.0766666666666667,2025-02
2025-02-28,9.4,0.8,4.5,0.0,서울,0.12857142857142945,-2.703333333333333,2025-02
2025-03-01,10.4,-0.6,3.9,2.6,서울,1.1142857142857152,-2.4033333333333333,2025-03
2025-03-02,12.1,1.5,5.2,15.2,서울,2.414285714285715,-2.1666666666666665,2025-03
2025-03-03,4.8,-0.7,1.5,9.8,서울,2.9285714285714297,-2.126666666666667,2025-03
2025-03-04,2.7,-0.4,1.1,3.3,서울,2.9285714285714297,-2.09,2025-03
2025-03-05,6.6,0.9,2.9,0.0,서울,3.1428571428571437,-1.8133333333333332,2025-03
2025-03-06,8.9,-1.9,3.1,0.0,서울,3.171428571428572,-1.37,2025-03
2025-03-07,8.3,-2.6,2.7,0.0,서울,2.914285714285715,-0.9766666666666667,2025-03
2025-03-08,8.6,0.7,4.1,0.0,서울,2.942857142857144,-0.6233333333333332,2025-03
2025-03-09,10.3,-1.9,3.9,0.0,서울,2.7571428571428576,-0.16999999999999998,2025-03
2025-03-10,12.3,-1.0,5.1,0.0,서울,3.2714285714285722,0.3,2025-03
2025-03-11,13.2,-0.4,6.2,0.0,서울,4.000000000000001,0.73,2025-03
2025-03-12,10.8,3.5,6.8,0.1,서울,4.557142857142858,1.1266666666666665,2025-03
2025-03-13,13.6,1.1,7.2,0.0,서울,5.142857142857144,1.4366666666666668,2025-03
2025-03-14,16.9,3.2,10.0,0.0,서울,6.185714285714288,1.7833333333333334,2025-03
2025-03-15,15.1,4.9,9.6,0.4,서울,6.971428571428572,2.1466666666666665,2025-03
2025-03-16,7.8,0.3,4.4,1.3,서울,7.0428571428571445,2.24,2025-03
2025-03-17,4.9,-3.5,0.9,0.3,서울,6.442857142857144,2.23,2025-03
2025-03-18,4.1,-1.6,0.8,2.8,서울,5.671428571428572,2.1766666666666667,2025-03
2025-03-19,5.3,-3.9,0.7,0.0,서울,4.800000000000002,2.2533333333333334,2025-03
2025-03-20,13.1,-1.3,5.2,0.0,서울,4.514285714285715,2.5266666666666664,2025-03
2025-03-21,15.6,3.1,8.4,0.0,서울,4.2857142857142865,2.933333333333333,2025-03
2025-03-22,17.0,4.6,10.1,0.0,서울,4.3571428571428585,3.3833333333333333,2025-03
2025-03-23,21.3,4.4,12.1,0.0,서울,5.457142857142857,3.893333333333333,2025-03
2025-03-24,18.6,9.3,12.8,0.8,서울,7.157142857142858,4.42,2025-03
2025-03-25,20.4,7.2,10.7,0.3,서울,8.571428571428571,4.906666666666666,2025-03
2025-03-26,22.9,3.6,13.0,0.0,서울,10.328571428571431,5.409999999999999,2025-03
2025-03-27,19.7,7.3,13.0,5.1,서울,11.442857142857141,5.806666666666667,2025-03
2025-03-28,11.1,2.3,6.2,0.0,서울,11.128571428571428,5.966666666666667,2025-03
2025-03-29,6.5,-1.0,2.2,2.4,서울,10.0,5.9433333333333325,2025-03
2025-03-30,6.2,-3.0,1.8,0.4,서울,8.52857142857143,5.8533333333333335,2025-03
2025-03-31,12.0,-1.0,5.2,0.0,서울,7.442857142857143,5.8966666666666665,2025-03
2025-04-01,15.1,1.4,8.0,0.0,서울,7.057142857142858,5.989999999999999,2025-04
2025-04-02,13.4,2.8,7.0,0.8,서울,6.200000000000001,6.173333333333333,2025-04
2025-04-03,15.4,1.4,8.0,0.0,서울,5.485714285714287,6.403333333333333,2025-04
2025-04-04,14.4,4.6,9.2,0.0,서울,5.914285714285714,6.613333333333333,2025-04
2025-04-05,9.0,5.4,7.1,14.4,서울,6.614285714285715,6.746666666666667,2025-04
2025-04-06,13.7,4.2,8.2,0.0,서울,7.528571428571429,6.930000000000001,2025-04
2025-04-07,18.8,3.4,10.8,0.0,서울,8.32857142857143,7.153333333333333,2025-04
2025-04-08,17.7,6.5,12.0,0.0,서울,8.9,7.423333333333334,2025-04
2025-04-09,17.0,5.7,10.6,0.8,서울,9.414285714285715,7.6066666666666665,2025-04
2025-04-10,18.9,5.4,11.6,0.2,서울,9.928571428571429,7.786666666666666,2025-04
2025-04-11,22.7,6.1,14.4,0.0,서울,10.671428571428573,8.04,2025-04
2025-04-12,23.4,1.7,13.7,14.6,서울,11.614285714285716,8.256666666666666,2025-04
2025-04-13,6.9,1.0,4.1,9.7,서울,11.028571428571428,8.06,2025-04
2025-04-14,8.4,2.0,4.5,11.8,서울,10.12857142857143,7.89,2025-04
2025-04-15,12.8,0.0,6.2,0.0,서울,9.3,7.95,2025-04
2025-04-16,20.4,4.0,11.7,0.1,서울,9.457142857142857,8.309999999999999,2025-04
2025-04-17,23.2,11.7,17.1,0.1,서울,10.242857142857144,8.853333333333333,2025-04
2025-04-18,21.3,12.8,16.0,0.0,서울,10.471428571428573,9.363333333333335,2025-04
2025-04-19,17.9,10.5,13.6,22.4,서울,10.457142857142857,9.643333333333333,2025-04
2025-04-20,22.0,10.0,15.1,0.0,서울,12.028571428571428,9.866666666666667,2025-04
2025-04-21,24.5,11.8,17.9,0.0,서울,13.942857142857145,10.126666666666665,2025-04
2025-04-22,17.7,14.9,16.5,28.5,서울,15.414285714285715,10.273333333333333,2025-04
2025-04-23,21.0,9.2,14.9,0.0,서울,15.87142857142857,10.343333333333334,2025-04
2025-04-24,17.7,8.6,12.7,0.0,서울,15.242857142857144,10.41,2025-04
2025-04-25,16.0,5.8,10.6,0.0,서울,14.471428571428573,10.33,2025-04
2025-04-26,16.7,5.7,11.4,0.0,서울,14.157142857142857,10.276666666666667,2025-04
2025-04-27,17.1,8.2,12.5,0.0,서울,13.785714285714286,10.486666666666668,2025-04
2025-04-28,18.9,7.8,12.7,0.0,서울,13.042857142857143,10.836666666666666,2025-04
2025-04-29,18.0,6.7,12.2,0.0,서울,12.42857142857143,11.183333333333334,2025-04
2025-04-30,23.4,8.5,15.6,0.0,서울,12.528571428571428,11.53,2025-04
2025-05-01,14.6,10.5,13.0,18.4,서울,12.571428571428571,11.696666666666665,2025-05
2025-05-02,17.6,7.3,12.2,0.0,서울,12.8,11.87,2025-05
2025-05-03,13.0,9.0,10.5,10.0,서울,12.671428571428573,11.953333333333331,2025-05
2025-05-04,17.6,7.5,12.1,0.0,서울,12.614285714285714,12.05,2025-05
2025-05-05,13.6,7.2,10.8,0.4,서울,12.342857142857142,12.173333333333334,2025-05
2025-05-06,18.3,6.7,12.7,0.0,서울,12.414285714285715,12.323333333333332,2025-05
2025-05-07,18.3,8.2,13.0,0.1,서울,12.042857142857143,12.396666666666668,2025-05
2025-05-08,22.5,8.5,15.3,0.0,서울,12.37142857142857,12.506666666666666,2025-05
2025-05-09,15.2,13.4,14.2,31.2,서울,12.657142857142858,12.626666666666667,2025-05
2025-05-10,14.3,10.9,12.4,8.7,서울,12.928571428571429,12.653333333333332,2025-05
2025-05-11,19.1,8.9,13.6,0.0,서울,13.142857142857142,12.626666666666667,2025-05
2025-05-12,21.2,8.7,15.2,0.0,서울,13.771428571428572,12.676666666666668,2025-05
2025-05-13,24.1,13.1,18.0,0.0,서울,14.528571428571428,13.139999999999999,2025-05
2025-05-14,25.7,12.3,18.9,0.4,서울,15.37142857142857,13.62,2025-05
2025-05-15,22.7,15.7,18.2,3.6,서울,15.785714285714286,14.02,2025-05
2025-05-16,23.0,15.8,18.3,18.5,서울,16.37142857142857,14.24,2025-05
2025-05-17,23.2,14.2,17.5,4.0,서울,17.099999999999998,14.253333333333332,2025-05
2025-05-18,19.5,9.8,14.1,0.0,서울,17.17142857142857,14.19,2025-05
2025-05-19,19.6,9.9,15.1,0.2,서울,17.157142857142855,14.24,2025-05
2025-05-20,25.5,16.3,20.5,0.6,서울,17.514285714285712,14.419999999999998,2025-05
2025-05-21,29.5,19.1,23.5,0.1,서울,18.17142857142857,14.606666666666666,2025-05
2025-05-22,26.8,18.4,21.9,0.2,서울,18.7,14.786666666666667,2025-05
2025-05-23,23.9,14.7,19.6,2.3,서울,18.88571428571429,14.943333333333332,2025-05
2025-05-24,17.5,13.6,15.2,0.8,서울,18.557142857142857,15.026666666666667,2025-05
2025-05-25,21.1,10.7,16.0,0.0,서울,18.82857142857143,15.206666666666669,2025-05
2025-05-26,25.9,12.2,18.6,0.0,서울,19.32857142857143,15.446666666666665,2025-05
2025-05-27,27.0,13.5,19.9,0.2,서울,19.24285714285714,15.693333333333333,2025-05
2025-05-28,26.4,14.3,19.4,2.6,서울,18.657142857142855,15.916666666666666,2025-05
2025-05-29,26.5,14.6,20.6,0.6,서울,18.47142857142857,16.19666666666667,2025-05
2025-05-30,28.5,16.4,22.6,0.0,서울,18.900000000000002,16.43,2025-05
2025-05-31,28.8,16.6,22.1,0.0,서울,19.88571428571429,16.733333333333334,2025-05
2025-06-01,29.5,16.6,22.6,0.0,서울,20.82857142857143,17.08,2025-06
2025-06-02,23.9,19.1,20.8,0.7,서울,21.142857142857142,17.423333333333336,2025-06
2025-06-03,25.3,16.9,20.7,0.5,서울,21.25714285714286,17.709999999999997,2025-06
2025-06-04,25.1,15.2,20.3,0.0,서울,21.38571428571429,18.026666666666667,2025-06
2025-06-05,27.2,15.3,21.3,0.0,서울,21.485714285714288,18.313333333333333,2025-06
2025-06-06,29.9,18.7,23.5,0.0,서울,21.614285714285717,18.663333333333334,2025-06
2025-06-07,27.8,18.8,22.9,1.0,서울,21.72857142857143,18.916666666666668,2025-06
2025-06-08,31.0,20.3,24.6,0.9,서울,22.014285714285712,19.263333333333332,2025-06
2025-06-09,29.8,19.6,23.4,0.1,서울,22.38571428571429,19.63,2025-06
2025-06-10,25.2,19.0,21.2,1.9,서울,22.457142857142856,19.883333333333333,2025-06
2025-06-11,28.0,16.1,22.0,0.0,서울,22.7,20.110000000000003,2025-06
2025-06-12,33.1,18.0,25.1,0.0,서울,23.24285714285714,20.34666666666667,2025-06
2025-06-13,28.7,20.2,23.9,1.1,서울,23.3,20.513333333333332,2025-06
2025-06-14,33.0,19.7,25.1,0.6,서울,23.61428571428571,20.743333333333336,2025-06
2025-06-15,32.9,19.5,25.4,9.7,서울,23.728571428571428,20.98,2025-06
2025-06-16,26.0,20.6,22.7,8.0,서울,23.628571428571426,21.15333333333333,2025-06
2025-06-17,28.1,19.6,23.6,0.0,서울,23.97142857142857,21.470000000000002,2025-06
2025-06-18,30.0,20.1,24.6,0.0,서울,24.342857142857145,21.78666666666667,2025-06
2025-06-19,34.6,21.2,26.9,1.5,서울,24.6,22.0,2025-06
2025-06-20,25.2,21.7,23.0,51.7,서울,24.47142857142857,21.983333333333334,2025-06
2025-06-21,23.8,19.8,21.2,1.8,서울,23.914285714285715,21.96,2025-06
2025-06-22,25.8,17.0,21.4,0.0,서울,23.342857142857145,22.02,2025-06
2025-06-23,29.3,17.9,23.5,0.0,서울,23.45714285714286,22.296666666666667,2025-06
2025-06-24,27.4,21.3,24.0,0.9,서울,23.514285714285716,22.563333333333333,2025-06
2025-06-25,23.7,19.3,20.9,8.1,서울,22.985714285714288,22.639999999999997,2025-06
2025-06-26,24.5,19.5,21.8,0.4,서울,22.257142857142856,22.703333333333333,2025-06
2025-06-27,27.5,19.4,23.1,1.1,서울,22.271428571428576,22.826666666666664,2025-06
2025-06-28,28.6,22.2,24.8,8.2,서울,22.785714285714285,22.966666666666665,2025-06
2025-06-29,29.4,23.2,25.8,1.0,서울,23.414285714285715,23.07333333333333,2025-06
2025-06-30,29.6,23.5,26.3,1.4,서울,23.814285714285713,23.213333333333335,2025-06
2025-07-01,29.2,24.4,26.3,9.7,서울,24.142857142857142,23.336666666666666,2025-07
2025-07-02,28.9,24.7,26.1,1.1,서울,24.88571428571429,23.513333333333332,2025-07
2025-07-03,30.2,24.4,26.5,0.8,서울,25.557142857142857,23.706666666666667,2025-07
2025-07-04,29.3,23.9,26.0,0.6,서울,25.97142857142857,23.896666666666665,2025-07
2025-07-05,30.7,24.2,26.8,0.5,서울,26.25714285714286,24.08,2025-07
2025-07-06,31.6,24.4,27.2,0.6,서울,26.457142857142856,24.203333333333333,2025-07
2025-07-07,33.2,24.7,27.9,1.4,서울,26.685714285714287,24.37,2025-07
2025-07-08,35.5,25.3,30.0,0.2,서울,27.214285714285715,24.55,2025-07
2025-07-09,35.9,26.2,30.8,0.0,서울,27.88571428571429,24.796666666666667,2025-07
2025-07-10,36.7,25.7,30.7,0.0,서울,28.485714285714288,25.113333333333333,2025-07
2025-07-11,36.5,22.6,29.4,0.0,서울,28.97142857142857,25.36,2025-07
2025-07-12,37.0,23.3,30.3,0.0,서울,29.471428571428568,25.533333333333335,2025-07
2025-07-13,31.2,24.3,27.3,2.8,서울,29.485714285714288,25.646666666666665,2025-07
2025-07-14,28.9,21.1,23.7,24.5,서울,28.885714285714283,25.6,2025-07
2025-07-15,24.5,21.0,22.2,11.6,서울,27.771428571428572,25.493333333333332,2025-07
2025-07-16,24.5,21.0,22.4,36.7,서울,26.571428571428573,25.483333333333334,2025-07
2025-07-17,26.8,21.9,23.4,25.9,서울,25.52857142857143,25.47666666666667,2025-07
2025-07-18,27.4,21.9,24.0,42.3,서울,24.75714285714286,25.456666666666667,2025-07
2025-07-19,28.0,21.7,23.8,43.4,서울,23.82857142857143,25.353333333333335,2025-07
2025-07-20,30.4,23.0,26.5,22.4,서울,23.714285714285715,25.470000000000002,2025-07
2025-07-21,29.9,24.7,26.9,0.9,서울,24.171428571428574,25.66,2025-07
2025-07-22,30.5,23.8,26.9,6.7,서울,24.842857142857138,25.84333333333333,2025-07
2025-07-23,31.2,23.7,27.3,0.0,서울,25.542857142857144,25.970000000000002,2025-07
2025-07-24,32.3,23.9,27.9,0.0,서울,26.185714285714287,26.1,2025-07
2025-07-25,35.7,24.1,29.8,0.0,서울,27.014285714285712,26.396666666666665,2025-07
2025-07-26,37.8,27.2,32.1,0.0,서울,28.199999999999996,26.74,2025-07
2025-07-27,38.4,27.8,32.8,1.1,서울,29.099999999999998,27.063333333333336,2025-07
2025-07-28,36.8,27.7,31.9,0.0,서울,29.814285714285717,27.3,2025-07
2025-07-29,38.5,27.6,32.5,1.3,서울,30.614285714285717,27.523333333333333,2025-07
2025-07-30,38.0,27.8,32.2,0.0,서울,31.314285714285713,27.719999999999995,2025-07
2025-07-31,35.7,28.2,31.7,0.0,서울,31.85714285714286,27.9,2025-07
2025-08-01,36.4,27.1,31.3,0.1,서울,32.07142857142857,28.07333333333333,2025-08
2025-08-02,36.3,26.9,31.2,0.0,서울,31.942857142857143,28.23,2025-08
2025-08-03,33.3,25.5,30.0,0.7,서울,31.542857142857144,28.363333333333333,2025-08
2025-08-04,32.3,22.2,26.9,4.5,서울,30.828571428571426,28.366666666666667,2025-08
2025-08-05,30.7,23.8,27.0,0.0,서울,30.04285714285714,28.36,2025-08
2025-08-06,28.9,24.6,25.8,13.0,서울,29.12857142857143,28.290000000000003,2025-08
2025-08-07,30.0,22.7,26.3,0.8,서울,28.357142857142858,28.166666666666668,2025-08
2025-08-08,29.6,21.7,25.6,0.3,서울,27.542857142857144,27.993333333333336,2025-08
2025-08-09,26.3,22.7,24.3,5.2,서울,26.557142857142853,27.779999999999998,2025-08
2025-08-10,30.4,20.9,25.6,0.0,서울,25.928571428571427,27.653333333333332,2025-08
2025-08-11,28.2,23.4,25.4,0.2,서울,25.714285714285715,27.49,2025-08
2025-08-12,32.0,21.8,26.6,0.0,서울,25.657142857142862,27.466666666666665,2025-08
2025-08-13,27.2,22.9,24.7,51.9,서울,25.5,27.5,2025-08
2025-08-14,27.4,23.2,24.9,36.3,서울,25.3,27.59,2025-08
2025-08-15,30.1,23.6,26.4,1.3,서울,25.414285714285715,27.723333333333336,2025-08
2025-08-16,30.7,24.5,26.9,0.3,서울,25.785714285714285,27.839999999999996,2025-08
2025-08-17,30.2,23.8,26.6,1.1,서울,25.928571428571427,27.926666666666666,2025-08
2025-08-18,30.7,24.6,27.2,1.1,서울,26.185714285714287,28.040000000000003,2025-08
2025-08-19,30.4,25.4,27.4,1.9,서울,26.3,28.07,2025-08
2025-08-20,30.9,24.5,27.4,3.5,서울,26.685714285714287,28.086666666666666,2025-08
2025-08-21,32.0,25.5,28.2,0.6,서울,27.157142857142855,28.130000000000003,2025-08
2025-08-22,32.1,24.8,28.1,0.0,서울,27.4,28.156666666666663,2025-08
2025-08-23,33.4,25.1,29.0,0.9,서울,27.7,28.19333333333333,2025-08
2025-08-24,35.2,25.8,30.0,0.4,서울,28.185714285714283,28.2,2025-08
2025-08-25,33.0,24.8,28.5,19.0,서울,28.37142857142857,28.08,2025-08
2025-08-26,29.5,23.6,25.9,13.9,서울,28.157142857142855,27.85,2025-08
2025-08-27,30.4,22.2,25.8,0.0,서울,27.928571428571427,27.646666666666665,2025-08
2025-08-28,30.1,23.9,26.5,1.4,서울,27.685714285714287,27.446666666666665,2025-08
2025-08-29,30.6,23.8,27.1,31.5,서울,27.542857142857144,27.276666666666667,2025-08
2025-08-30,31.0,23.6,26.8,7.7,서울,27.228571428571428,27.113333333333333,2025-08
2025-08-31,29.8,24.1,26.4,7.1,서울,26.714285714285715,26.95,2025-08
2025-09-01,28.0,23.1,24.8,23.4,서울,26.185714285714287,26.736666666666668,2025-09
2025-09-02,28.5,19.8,24.2,0.0,서울,25.942857142857143,26.543333333333333,2025-09
2025-09-03,30.3,21.2,25.7,0.2,서울,25.928571428571427,26.503333333333334,2025-09
2025-09-04,28.6,22.6,24.7,26.0,서울,25.671428571428574,26.42666666666667,2025-09
2025-09-05,31.1,22.0,26.2,0.4,서울,25.54285714285714,26.439999999999998,2025-09
2025-09-06,29.9,23.8,25.7,36.2,서울,25.38571428571429,26.42,2025-09
2025-09-07,27.3,21.9,24.1,0.7,서울,25.057142857142857,26.37,2025-09
2025-09-08,26.6,20.5,23.1,0.2,서울,24.814285714285713,26.33,2025-09
2025-09-09,26.1,20.9,23.1,0.5,서울,24.657142857142855,26.246666666666666,2025-09
2025-09-10,29.3,18.3,23.3,0.0,서울,24.314285714285713,26.17666666666667,2025-09
2025-09-11,29.6,19.0,23.9,0.0,서울,24.2,26.086666666666666,2025-09
2025-09-12,26.1,20.1,22.5,6.2,서울,23.671428571428574,26.013333333333332,2025-09
2025-09-13,26.3,20.1,22.6,58.2,서울,23.228571428571428,25.936666666666667,2025-09
2025-09-14,27.6,20.2,23.3,0.1,서울,23.114285714285717,25.833333333333332,2025-09
2025-09-15,28.6,19.7,24.0,0.0,서울,23.242857142857144,25.736666666666668,2025-09
2025-09-16,27.1,20.9,23.3,13.3,서울,23.271428571428572,25.626666666666665,2025-09
2025-09-17,24.2,20.3,22.1,27.8,서울,23.099999999999998,25.456666666666663,2025-09
2025-09-18,24.9,18.2,21.2,0.0,서울,22.714285714285715,25.25,2025-09
2025-09-19,20.4,17.6,18.8,12.9,서울,22.185714285714287,24.96333333333333,2025-09
2025-09-20,22.6,16.8,19.1,29.7,서울,21.685714285714287,24.66,2025-09
2025-09-21,25.6,15.6,20.1,0.0,서울,21.228571428571428,24.393333333333334,2025-09
2025-09-22,23.8,16.4,19.6,0.0,서울,20.6,24.080000000000002,2025-09
2025-09-23,24.9,17.3,20.6,0.0,서울,20.214285714285715,23.766666666666666,2025-09
2025-09-24,24.2,18.5,20.8,38.3,서울,20.028571428571432,23.51,2025-09
2025-09-25,25.4,18.6,21.5,0.1,서울,20.071428571428573,23.363333333333333,2025-09
2025-09-26,25.0,16.9,20.4,0.0,서울,20.3,23.183333333333334,2025-09
2025-09-27,26.7,16.7,21.4,0.0,서울,20.62857142857143,23.013333333333332,2025-09
2025-09-28,22.7,18.2,20.1,23.5,서울,20.62857142857143,22.779999999999998,2025-09
2025-09-29,23.2,16.1,19.2,0.0,서울,20.571428571428573,22.526666666666667,2025-09
2025-09-30,22.2,16.2,18.7,0.4,서울,20.3,22.27,2025-09
2025-10-01,23.5,14.9,18.8,0.4,서울,20.014285714285712,22.07,2025-10
2025-10-02,25.0,16.5,20.4,0.0,서울,19.857142857142858,21.943333333333335,2025-10
2025-10-03,23.7,18.1,20.4,1.3,서울,19.857142857142858,21.766666666666666,2025-10
2025-10-04,23.3,19.3,21.0,0.0,서울,19.8,21.64333333333333,2025-10
2025-10-05,22.1,19.1,20.6,5.6,서울,19.87142857142857,21.456666666666667,2025-10
2025-10-06,20.0,15.5,18.0,30.5,서울,19.7,21.2,2025-10
2025-10-07,20.7,15.8,18.3,16.9,서울,19.642857142857142,21.006666666666664,2025-10
2025-10-08,26.4,16.1,20.4,0.0,서울,19.87142857142857,20.916666666666668,2025-10
2025-10-09,21.4,17.6,19.1,0.1,서울,19.685714285714287,20.783333333333335,2025-10
2025-10-10,18.5,15.8,17.0,20.8,서울,19.2,20.57333333333333,2025-10
2025-10-11,24.5,16.8,20.0,17.7,서울,19.057142857142857,20.44333333333333,2025-10
2025-10-12,21.7,15.9,18.3,1.4,서울,18.728571428571428,20.303333333333335,2025-10
2025-10-13,17.9,13.3,15.8,25.2,서울,18.414285714285715,20.076666666666664,2025-10
2025-10-14,19.8,13.9,16.5,2.4,서울,18.15714285714286,19.85,2025-10
2025-10-15,24.0,15.6,18.8,9.0,서울,17.928571428571427,19.676666666666666,2025-10
2025-10-16,23.6,16.8,19.4,6.9,서울,17.97142857142857,19.54666666666667,2025-10
2025-10-17,23.1,14.8,18.5,5.0,서울,18.185714285714287,19.42666666666667,2025-10
2025-10-18,17.5,12.7,15.6,12.8,서울,17.557142857142857,19.24,2025-10
2025-10-19,18.0,8.4,14.0,0.1,서울,16.942857142857143,19.08,2025-10
2025-10-20,14.7,5.2,9.3,0.1,서울,16.014285714285712,18.753333333333334,2025-10
2025-10-21,13.8,4.3,8.5,0.0,서울,14.87142857142857,18.366666666666667,2025-10
2025-10-22,17.7,5.0,11.4,0.2,서울,13.814285714285715,18.09333333333333,2025-10
2025-10-23,18.6,10.7,13.9,0.5,서울,13.028571428571428,17.87,2025-10
2025-10-24,19.3,11.1,14.4,0.2,서울,12.442857142857141,17.65666666666667,2025-10
2025-10-25,16.7,10.5,13.2,0.5,서울,12.1,17.38,2025-10
2025-10-26,14.5,10.4,12.1,0.0,서울,11.828571428571427,17.103333333333335,2025-10
2025-10-27,9.7,2.4,6.6,0.0,서울,11.442857142857141,16.61,2025-10
2025-10-28,11.5,1.4,6.4,0.0,서울,11.142857142857142,16.153333333333332,2025-10
2025-10-29,15.3,4.6,9.2,0.0,서울,10.828571428571427,15.82,2025-10
2025-10-30,16.3,5.7,10.6,0.0,서울,10.357142857142858,15.55,2025-10
2025-10-31,18.1,9.0,12.8,1.2,서울,10.12857142857143,15.35,2025-10
2025-11-01,15.4,9.1,11.7,0.9,서울,9.914285714285713,15.06,2025-11
2025-11-02,10.3,2.8,7.5,0.1,서울,9.257142857142856,14.63,2025-11
2025-11-03,11.3,-0.4,5.0,0.0,서울,9.028571428571428,14.096666666666668,2025-11
2025-11-04,13.6,3.2,7.8,0.0,서울,9.228571428571428,13.669999999999998,2025-11
2025-11-05,16.3,4.2,9.5,0.0,서울,9.271428571428572,13.386666666666665,2025-11
2025-11-06,16.7,4.8,10.6,0.0,서울,9.271428571428572,13.129999999999999,2025-11
2025-11-07,18.0,6.8,11.7,0.0,서울,9.114285714285714,12.84,2025-11
2025-11-08,15.2,10.2,12.2,0.1,서울,9.185714285714285,12.609999999999998,2025-11
2025-11-09,15.9,8.6,11.7,0.0,서울,9.785714285714286,12.433333333333334,2025-11
2025-11-10,10.2,4.7,7.4,0.0,서울,10.128571428571428,12.013333333333332,2025-11
2025-11-11,13.0,2.6,7.4,0.0,서울,10.071428571428571,11.65,2025-11
2025-11-12,14.8,3.5,8.6,0.0,서울,9.942857142857141,11.41,2025-11
2025-11-13,15.9,4.7,9.4,0.0,서울,9.77142857142857,11.173333333333334,2025-11
2025-11-14,12.8,2.9,7.3,0.0,서울,9.142857142857142,10.79,2025-11
2025-11-15,14.0,1.8,7.4,0.0,서울,8.457142857142857,10.390000000000002,2025-11
2025-11-16,15.7,3.3,9.4,0.8,서울,8.12857142857143,10.086666666666668,2025-11
2025-11-17,8.8,-0.8,3.2,0.0,서울,7.528571428571428,9.673333333333334,2025-11
2025-11-18,4.4,-2.9,0.6,0.0,서울,6.557142857142857,9.226666666666667,2025-11
2025-11-19,5.8,-2.3,1.4,0.0,서울,5.528571428571428,8.963333333333333,2025-11
2025-11-20,12.9,0.6,5.7,0.0,서울,5.0,8.87,2025-11
2025-11-21,10.6,0.3,5.7,0.0,서울,4.771428571428571,8.680000000000001,2025-11
2025-11-22,13.1,2.4,7.6,0.0,서울,4.8,8.47,2025-11
2025-11-23,13.3,4.8,9.0,0.4,서울,4.742857142857143,8.29,2025-11
2025-11-24,15.7,8.2,10.9,0.2,서울,5.8428571428571425,8.213333333333333,2025-11
2025-11-25,8.7,4.0,6.6,3.5,서울,6.7,8.03,2025-11
2025-11-26,8.5,1.8,4.7,0.0,서울,7.171428571428572,7.966666666666667,2025-11
2025-11-27,9.0,2.2,4.5,9.1,서울,7.0,7.903333333333333,2025-11
2025-11-28,4.9,-2.0,1.2,0.0,서울,6.357142857142857,7.636666666666667,2025-11
2025-11-29,9.4,-1.3,3.8,0.4,서울,5.814285714285715,7.41,2025-11
2025-11-30,14.8,6.5,10.1,0.8,서울,5.971428571428571,7.319999999999999,2025-11
2025-12-01,10.3,1.0,4.7,0.0,서울,5.085714285714286,7.086666666666667,2025-12
2025-12-02,1.5,-6.2,-1.0,0.0,서울,4.0,6.803333333333333,2025-12
2025-12-03,-4.0,-8.6,-6.8,0.0,서울,2.357142857142857,6.41,2025-12
2025-12-04,0.0,-10.0,-5.3,1.7,서울,0.9571428571428574,5.973333333333333,2025-12
2025-12-05,-0.7,-10.7,-5.4,0.0,서울,0.014285714285714362,5.476666666666666,2025-12
2025-12-06,4.3,-3.6,0.3,3.2,서울,-0.48571428571428565,5.133333333333334,2025-12
2025-12-07,10.7,-1.1,4.3,1.2,서울,-1.3142857142857143,4.886666666666667,2025-12
2025-12-08,4.8,-1.9,1.1,0.0,서울,-1.8285714285714285,4.516666666666667,2025-12
2025-12-09,5.6,-3.6,0.3,0.0,서울,-1.6428571428571426,4.136666666666667,2025-12
2025-12-10,7.7,-1.5,2.5,0.1,서울,-0.3142857142857141,3.9733333333333336,2025-12
2025-12-11,6.7,-3.7,2.5,11.2,서울,0.8000000000000002,3.8100000000000005,2025-12
2025-12-12,5.0,-4.2,-0.1,0.0,서울,1.5571428571428574,3.52,2025-12
2025-12-13,2.2,-1.7,0.9,9.8,서울,1.6428571428571428,3.236666666666667,2025-12
2025-12-14,2.1,-3.3,-1.0,0.0,서울,0.885714285714286,2.96,2025-12
2025-12-15,4.3,-4.2,-0.6,0.0,서울,0.642857142857143,2.6933333333333334,2025-12
2025-12-16,2.9,-0.2,1.0,1.9,서울,0.742857142857143,2.413333333333333,2025-12
2025-12-17,5.5,-1.7,1.5,0.0,서울,0.6000000000000003,2.3566666666666665,2025-12
2025-12-18,4.8,-3.3,-0.2,0.0,서울,0.21428571428571458,2.33,2025-12
2025-12-19,6.8,-2.4,1.2,0.0,서울,0.4000000000000003,2.323333333333333,2025-12
2025-12-20,9.2,0.3,5.3,4.0,서울,1.028571428571429,2.31,2025-12
2025-12-21,0.2,-4.5,-2.4,0.0,서울,0.828571428571429,2.04,2025-12
2025-12-22,2.3,-6.1,-2.6,0.0,서울,0.542857142857143,1.7,2025-12
2025-12-23,2.2,-1.8,0.2,10.9,서울,0.4285714285714289,1.4066666666666667,2025-12
2025-12-24,3.1,-2.5,0.5,0.0,서울,0.28571428571428603,1.06,2025-12
2025-12-25,-1.2,-9.5,-4.5,0.0,서울,-0.32857142857142824,0.69,2025-12
2025-12-26,-5.8,-12.2,-9.3,0.0,서울,-1.8285714285714285,0.2233333333333333,2025-12
2025-12-27,2.2,-8.8,-4.2,0.0,서울,-3.1857142857142855,-0.06666666666666672,2025-12
2025-12-28,5.9,-3.6,0.6,1.2,서울,-2.757142857142857,-0.08666666666666673,2025-12
2025-12-29,8.0,-1.9,3.1,0.7,서울,-1.9428571428571426,-0.11000000000000007,2025-12
2025-12-30,1.7,-4.5,-1.9,0.0,서울,-2.242857142857143,-0.5100000000000001,2025-12
2025-12-31,-2.2,-8.8,-6.1,0.0,서울,-3.1857142857142855,-0.87,2025-12
2026-01-01,-4.4,-11.2,-8.2,0.0,서울,-3.7142857142857144,-1.11,2026-01
2026-01-02,-5.8,-12.2,-9.2,0.0,서울,-3.6999999999999997,-1.1900000000000002,2026-01
2026-01-03,-0.9,-10.7,-5.8,0.0,서울,-3.928571428571428,-1.2066666666666668,2026-01
2026-01-04,2.4,-4.6,-1.4,0.0,서울,-4.2142857142857135,-1.0733333333333335,2026-01
2026-01-05,0.1,-5.0,-2.9,0.0,서울,-5.07142857142857,-1.18,2026-01
2026-01-06,2.4,-7.6,-3.0,0.0,서울,-5.228571428571428,-1.4233333333333333,2026-01
2026-01-07,0.9,-5.6,-1.3,0.0,서울,-4.542857142857143,-1.5033333333333332,2026-01
2026-01-08,-3.2,-8.5,-5.7,0.0,서울,-4.185714285714285,-1.7033333333333334,2026-01
2026-01-09,3.1,-7.7,-1.9,0.1,서울,-3.1428571428571423,-1.85,2026-01
2026-01-10,4.1,-5.0,0.7,7.1,서울,-2.214285714285714,-1.9100000000000001,2026-01
2026-01-11,-5.0,-9.5,-7.3,0.0,서울,-3.057142857142857,-2.15,2026-01
2026-01-12,0.3,-10.7,-5.6,3.1,서울,-3.442857142857143,-2.3666666666666667,2026-01
2026-01-13,1.0,-8.5,-4.1,0.2,서울,-3.6,-2.47,2026-01
2026-01-14,-0.4,-10.6,-5.3,0.2,서울,-4.171428571428572,-2.6266666666666665,2026-01
2026-01-15,7.2,-1.4,2.1,0.0,서울,-3.057142857142857,-2.5900000000000003,2026-01
2026-01-16,6.2,-1.7,0.9,0.0,서울,-2.657142857142857,-2.61,2026-01
2026-01-17,1.8,-5.7,-1.7,0.0,서울,-2.9999999999999996,-2.6599999999999997,2026-01
2026-01-18,3.3,-4.4,-1.0,0.8,서울,-2.0999999999999996,-2.7333333333333334,2026-01
2026-01-19,-1.0,-10.5,-4.7,2.4,서울,-1.971428571428571,-3.066666666666667,2026-01
2026-01-20,-5.9,-13.8,-10.4,0.0,서울,-2.871428571428571,-3.3333333333333335,2026-01
2026-01-21,-7.3,-14.3,-11.0,0.0,서울,-3.6857142857142855,-3.613333333333333,2026-01
2026-01-22,-6.2,-14.8,-10.6,0.0,서울,-5.5,-3.973333333333333,2026-01
2026-01-23,-2.3,-13.2,-8.0,0.8,서울,-6.771428571428571,-4.256666666666666,2026-01
2026-01-24,-3.6,-12.7,-7.3,0.0,서울,-7.571428571428571,-4.35,2026-01
2026-01-25,-3.8,-12.2,-8.2,0.0,서울,-8.6,-4.3133333333333335,2026-01
2026-01-26,-2.5,-11.4,-7.2,0.0,서울,-8.957142857142857,-4.413333333333333,2026-01
2026-01-27,-1.8,-9.0,-5.7,0.0,서울,-8.285714285714286,-4.623333333333333,2026-01
2026-01-28,-2.5,-10.7,-6.8,0.0,서울,-7.685714285714285,-4.953333333333334,2026-01
2026-01-29,-1.9,-10.6,-6.6,0.0,서울,-7.114285714285714,-5.11,2026-01
2026-01-30,-3.7,-11.4,-7.8,0.0,서울,-7.0857142857142845,-5.166666666666666,2026-01
2026-01-31,-0.6,-12.1,-6.4,0.0,서울,-6.957142857142857,-5.1066666666666665,2026-01
2026-02-01,0.6,-8.8,-3.8,0.1,서울,-6.328571428571428,-4.926666666666667,2026-02
2026-02-02,-0.5,-6.7,-3.5,1.3,서울,-5.799999999999999,-4.85,2026-02
2026-02-03,3.0,-8.9,-3.2,0.0,서울,-5.442857142857142,-4.909999999999999,2026-02
2026-02-04,5.7,-2.3,0.8,0.0,서울,-4.357142857142857,-4.786666666666667,2026-02
2026-02-05,7.5,-3.1,1.7,0.0,서울,-3.171428571428571,-4.63,2026-02
2026-02-06,-3.9,-9.8,-6.7,0.0,서울,-3.014285714285714,-4.8100000000000005,2026-02
2026-02-07,-5.1,-11.0,-8.7,0.0,서울,-3.3428571428571425,-4.91,2026-02
2026-02-08,-4.8,-13.3,-9.1,0.0,서울,-4.1,-5.15,2026-02
2026-02-09,1.3,-11.0,-5.2,0.0,서울,-4.3428571428571425,-5.346666666666667,2026-02
2026-02-10,4.7,-3.3,-0.5,0.6,서울,-3.9571428571428564,-5.120000000000001,2026-02
2026-02-11,5.3,-1.8,1.1,0.0,서울,-3.914285714285714,-4.896666666666666,2026-02
2026-02-12,6.6,-4.0,0.6,0.0,서울,-4.071428571428571,-4.739999999999999,2026-02
2026-02-13,8.4,-0.4,3.1,0.0,서울,-2.671428571428571,-4.46,2026-02
2026-02-14,10.5,-0.5,4.3,0.0,서울,-0.814285714285714,-4.386666666666667,2026-02
2026-02-15,9.3,-1.2,4.5,0.0,서울,1.1285714285714288,-4.266666666666667,2026-02
2026-02-16,6.0,-3.7,0.3,0.0,서울,1.9142857142857146,-4.2,2026-02
2026-02-17,4.7,-4.9,-0.7,0.0,서울,1.885714285714286,-4.1899999999999995,2026-02
2026-02-18,5.0,-2.2,1.1,0.0,서울,1.8857142857142861,-3.996666666666667,2026-02
2026-02-19,5.0,-4.2,-0.4,0.0,서울,1.7428571428571433,-3.6633333333333336,2026-02
2026-02-20,10.6,-2.5,3.1,0.0,서울,1.7428571428571433,-3.1933333333333334,2026-02
2026-02-21,15.1,1.2,7.5,0.0,서울,2.2,-2.5900000000000003,2026-02
2026-02-22,10.8,0.1,6.9,0.1,서울,2.5428571428571436,-2.0933333333333333,2026-02
2026-02-23,4.4,-2.7,0.4,0.0,서울,2.5571428571428574,-1.8366666666666667,2026-02
2026-02-24,3.8,-1.4,0.4,1.3,서울,2.7142857142857144,-1.5500000000000003,2026-02
2026-02-25,12.4,-1.7,4.3,0.0,서울,3.1714285714285717,-1.1666666666666667,2026-02
2026-02-26,10.9,-1.4,4.8,0.0,서울,3.9142857142857146,-0.8166666666666667,2026-02
2026-02-27,12.0,3.6,7.1,0.0,서울,4.485714285714286,-0.3533333333333334,2026-02
2026-02-28,13.7,-0.5,6.2,0.0,서울,4.3,0.07333333333333328,2026-02
2026-03-01,11.5,3.1,6.6,0.5,서울,4.257142857142857,0.5533333333333332,2026-03
2026-03-02,5.3,1.6,3.7,12.0,서울,4.728571428571429,0.89,2026-03
2026-03-03,9.7,1.0,4.5,1.4,서울,5.314285714285715,1.1666666666666667,2026-03
2026-03-04,9.9,-0.6,4.5,0.0,서울,5.3428571428571425,1.4333333333333333,2026-03
2026-03-05,11.2,-1.2,3.8,11.8,서울,5.200000000000001,1.6666666666666667,2026-03
2026-03-06,4.0,-2.1,1.0,0.9,서울,4.328571428571428,1.6733333333333331,2026-03
2026-03-07,3.9,-4.1,-0.6,0.0,서울,3.357142857142857,1.5966666666666667,2026-03
2026-03-08,4.9,-4.3,-0.2,0.0,서울,2.3857142857142857,1.8133333333333332,2026-03
2026-03-09,6.8,-1.0,2.7,0.1,서울,2.242857142857143,2.1933333333333334,2026-03
2026-03-10,6.8,-2.8,1.5,0.0,서울,1.8142857142857147,2.5466666666666664,2026-03
2026-03-11,7.9,-1.4,2.5,0.0,서울,1.528571428571429,2.8033333333333332,2026-03
2026-03-12,11.5,-1.2,4.8,0.0,서울,1.671428571428572,2.9799999999999995,2026-03
2026-03-13,10.6,0.4,5.3,0.0,서울,2.2857142857142856,3.1199999999999997,2026-03
2026-03-14,11.3,2.3,5.6,0.0,서울,3.1714285714285717,3.2866666666666666,2026-03
2026-03-15,9.7,2.4,5.2,0.4,서울,3.942857142857143,3.356666666666667,2026-03
2026-03-16,11.4,-0.3,5.0,0.0,서울,4.271428571428571,3.3800000000000003,2026-03
2026-03-17,12.5,-1.5,5.3,0.0,서울,4.814285714285715,3.4066666666666667,2026-03
2026-03-18,8.8,3.4,5.1,5.6,서울,5.185714285714285,3.566666666666667,2026-03
2026-03-19,10.5,-1.1,4.1,0.0,서울,5.085714285714286,3.7266666666666666,2026-03
2026-03-20,11.5,-0.1,5.2,0.0,서울,5.071428571428571,3.863333333333333,2026-03
2026-03-21,12.5,-0.5,5.5,0.0,서울,5.057142857142857,4.06,2026-03
2026-03-22,15.6,2.1,7.6,0.0,서울,5.3999999999999995,4.21,2026-03
2026-03-23,17.1,2.2,9.1,0.0,서울,5.985714285714286,4.263333333333333,2026-03
2026-03-24,16.0,5.3,10.3,0.0,서울,6.700000000000001,4.376666666666667,2026-03
2026-03-25,17.9,6.0,10.9,0.0,서울,7.528571428571429,4.7266666666666675,2026-03
2026-03-26,17.6,4.8,10.1,0.0,서울,8.385714285714286,5.05,2026-03
2026-03-27,16.8,4.8,9.8,0.0,서울,9.042857142857143,5.233333333333333,2026-03
2026-03-28,18.4,4.7,10.1,0.0,서울,9.700000000000001,5.41,2026-03
2026-03-29,18.6,5.1,11.3,0.0,서울,10.22857142857143,5.55,2026-03
2026-03-30,18.3,9.0,12.9,1.3,서울,10.771428571428572,5.7733333333333325,2026-03
2026-03-31,17.5,9.4,13.3,7.5,서울,11.200000000000001,5.996666666666667,2026-03
2026-04-01,16.4,8.5,11.5,0.1,서울,11.285714285714286,6.256666666666667,2026-04
2026-04-02,16.0,4.7,9.7,0.0,서울,11.22857142857143,6.430000000000001,2026-04
2026-04-03,20.4,6.6,12.6,0.0,서울,11.62857142857143,6.7,2026-04
2026-04-04,19.4,9.8,13.6,2.0,서울,12.12857142857143,7.026666666666666,2026-04
2026-04-05,15.9,6.8,10.3,4.1,서울,11.985714285714286,7.336666666666667,2026-04
2026-04-06,13.1,5.5,9.7,3.6,서울,11.528571428571427,7.679999999999999,2026-04
2026-04-07,12.4,1.5,6.7,0.0,서울,10.585714285714285,7.91,2026-04
2026-04-08,14.7,2.1,8.3,0.0,서울,10.12857142857143,8.096666666666666,2026-04
2026-04-09,10.8,6.7,8.9,29.5,서울,10.014285714285714,8.343333333333332,2026-04
2026-04-10,11.5,7.5,9.9,6.8,서울,9.62857142857143,8.59,2026-04
2026-04-11,15.5,7.2,10.0,0.0,서울,9.114285714285714,8.763333333333332,2026-04
2026-04-12,20.6,4.6,12.2,0.0,서울,9.385714285714286,8.993333333333334,2026-04
2026-04-13,24.3,7.2,15.7,0.0,서울,10.242857142857144,9.330000000000002,2026-04
2026-04-14,24.8,10.7,17.6,0.0,서울,11.799999999999999,9.743333333333332,2026-04
2026-04-15,24.6,11.0,16.8,0.0,서울,13.014285714285714,10.136666666666665,2026-04
2026-04-16,25.4,9.9,17.3,0.0,서울,14.214285714285714,10.536666666666665,2026-04
2026-04-17,20.5,13.0,16.1,0.0,서울,15.1,10.903333333333334,2026-04
2026-04-18,26.4,9.4,17.5,0.0,서울,16.17142857142857,11.35,2026-04
2026-04-19,29.0,13.4,20.3,0.0,서울,17.32857142857143,11.853333333333333,2026-04
2026-04-20,16.4,8.4,12.4,2.4,서울,16.857142857142858,12.083333333333334,2026-04
2026-04-21,17.4,5.5,11.0,0.0,서울,15.914285714285715,12.196666666666667,2026-04
2026-04-22,18.9,9.0,13.3,0.0,서울,15.414285714285713,12.336666666666668,2026-04
2026-04-23,22.5,9.8,16.0,0.0,서울,15.228571428571428,12.526666666666667,2026-04
2026-04-24,25.6,8.2,16.6,0.0,서울,15.3,12.716666666666667,2026-04
2026-04-25,25.1,10.4,17.2,0.0,서울,15.257142857142858,12.953333333333335,2026-04
2026-04-26,23.7,9.2,16.4,0.0,서울,14.7,13.173333333333334,2026-04
2026-04-27,21.7,11.3,14.8,4.0,서울,15.042857142857144,13.330000000000002,2026-04
2026-04-28,15.5,10.5,12.6,0.5,서울,15.271428571428572,13.373333333333333,2026-04
2026-04-29,19.5,7.5,13.3,0.0,서울,15.271428571428572,13.386666666666665,2026-04
2026-04-30,22.0,9.6,15.8,0.0,서울,15.242857142857144,13.47,2026-04
2026-05-01,24.8,12.3,17.0,0.0,서울,15.299999999999999,13.653333333333334,2026-05
2026-05-02,22.3,12.1,16.2,1.1,서울,15.157142857142857,13.87,2026-05
2026-05-03,14.6,10.8,12.7,11.5,서울,14.62857142857143,13.873333333333333,2026-05
2026-05-04,19.3,8.1,13.0,0.7,서울,14.37142857142857,13.853333333333332,2026-05
2026-05-05,19.4,7.5,13.2,0.0,서울,14.457142857142857,13.95,2026-05
2026-05-06,22.8,9.0,15.4,0.0,서울,14.757142857142856,14.139999999999999,2026-05
2026-05-07,20.2,12.1,14.8,4.2,서울,14.614285714285716,14.41,2026-05
2026-05-08,19.6,10.1,14.8,0.0,서울,14.3,14.626666666666667,2026-05
2026-05-09,22.2,9.2,15.6,0.0,서울,14.214285714285714,14.85,2026-05
2026-05-10,24.1,10.5,16.9,0.0,서울,14.814285714285715,15.083333333333336,2026-05
2026-05-11,21.9,12.0,16.0,8.1,서울,15.242857142857144,15.283333333333333,2026-05
2026-05-12,24.7,14.7,18.4,1.2,서울,15.985714285714284,15.49,2026-05
2026-05-13,23.9,12.2,17.9,0.0,서울,16.342857142857145,15.563333333333333,2026-05
2026-05-14,31.3,13.7,23.0,0.0,서울,17.514285714285712,15.743333333333332,2026-05
2026-05-15,32.0,18.5,24.6,0.0,서울,18.914285714285715,16.003333333333334,2026-05
2026-05-16,30.0,18.3,23.9,0.0,서울,20.099999999999998,16.223333333333333,2026-05
2026-05-17,29.6,16.9,22.9,0.0,서울,20.957142857142856,16.45,2026-05
2026-05-18,29.9,16.5,23.4,0.0,서울,22.014285714285712,16.646666666666665,2026-05
2026-05-19,24.6,19.9,22.3,0.3,서울,22.571428571428573,16.71333333333333,2026-05
2026-05-20,21.9,15.3,17.6,49.0,서울,22.528571428571432,16.886666666666667,2026-05
2026-05-21,20.0,15.2,17.2,18.6,서울,21.7,17.09333333333333,2026-05
2026-05-22,25.1,14.9,19.3,0.0,서울,20.942857142857143,17.293333333333333,2026-05
2026-05-23,22.2,13.9,17.7,0.3,서울,20.057142857142857,17.35,2026-05
2026-05-24,26.7,14.3,20.4,0.0,서울,19.7,17.47666666666667,2026-05
2026-05-25,28.8,17.1,22.9,0.0,서울,19.62857142857143,17.666666666666668,2026-05
2026-05-26,27.6,20.5,23.3,3.4,서울,19.771428571428572,17.896666666666665,2026-05
2026-05-27,24.3,19.1,21.0,11.7,서울,20.25714285714286,18.103333333333335,2026-05
2026-05-28,25.6,17.0,20.2,2.0,서울,20.685714285714287,18.35666666666667,2026-05
2026-05-29,26.0,16.4,20.2,0.0,서울,20.814285714285713,18.586666666666662,2026-05
2026-05-30,26.9,15.2,20.6,0.0,서울,21.228571428571428,18.746666666666666,2026-05
2026-05-31,29.5,16.2,22.8,0.0,서울,21.571428571428573,18.94,2026-05
2026-06-01,28.1,17.4,22.9,0.0,서울,21.571428571428573,19.163333333333334,2026-06
2026-06-02,32.4,17.9,25.5,0.0,서울,21.88571428571429,19.59,2026-06
2026-06-03,32.0,20.5,25.8,0.2,서울,22.571428571428573,20.016666666666666,2026-06
2026-06-04,28.8,19.5,22.9,18.1,서울,22.957142857142856,20.339999999999996,2026-06
2026-06-05,25.0,15.9,20.2,0.9,서울,22.957142857142856,20.5,2026-06
2026-06-06,28.2,15.1,21.9,0.0,서울,23.142857142857142,20.736666666666668,2026-06
2026-06-07,24.8,19.3,22.2,2.1,서울,23.057142857142853,20.983333333333334,2026-06
2026-06-08,26.8,16.4,21.5,0.8,서울,22.857142857142858,21.18,2026-06
2026-06-09,28.7,16.4,22.1,0.0,서울,22.37142857142857,21.35333333333333,2026-06
2026-06-10,26.3,15.1,20.6,3.7,서울,21.62857142857143,21.506666666666664,2026-06
2026-06-11,25.8,16.4,20.8,0.7,서울,21.32857142857143,21.586666666666666,2026-06
2026-06-12,27.3,16.9,22.2,0.1,서울,21.614285714285717,21.73,2026-06
2026-06-13,32.1,16.9,24.3,0.0,서울,21.95714285714286,21.773333333333333,2026-06
2026-06-14,30.4,20.4,24.1,1.6,서울,22.228571428571428,21.756666666666668,2026-06
2026-06-15,33.3,18.5,25.5,0.4,서울,22.800000000000004,21.810000000000002,2026-06
2026-06-16,33.8,22.2,27.7,0.5,서울,23.599999999999998,21.970000000000002,2026-06
2026-06-17,32.9,22.7,27.2,1.5,서울,24.542857142857144,22.096666666666668,2026-06
2026-06-18,32.6,21.8,26.9,1.5,서울,25.41428571428571,22.25,2026-06
2026-06-19,34.2,22.3,26.9,9.0,서울,26.085714285714285,22.56,2026-06
2026-06-20,23.4,20.5,21.6,56.3,서울,25.699999999999996,22.706666666666667,2026-06
2026-06-21,26.6,19.4,22.6,0.2,서울,25.485714285714288,22.816666666666666,2026-06
2026-06-22,26.2,20.9,23.2,2.4,서울,25.157142857142855,23.0,2026-06
2026-06-23,28.9,19.6,23.9,0.6,서울,24.614285714285717,23.116666666666667,2026-06
2026-06-24,27.3,17.4,22.6,0.0,서울,23.957142857142856,23.106666666666666,2026-06
2026-06-25,24.0,18.8,21.3,0.7,서울,23.157142857142862,23.040000000000003,2026-06
2026-06-26,28.3,17.0,22.6,0.3,서울,22.542857142857144,23.093333333333337,2026-06
2026-06-27,32.6,20.0,26.1,0.0,서울,23.185714285714287,23.29,2026-06
2026-06-28,31.7,22.3,26.2,1.5,서울,23.699999999999996,23.490000000000002,2026-06
2026-06-29,32.3,21.1,26.2,2.4,서울,24.12857142857143,23.67666666666667,2026-06
2026-06-30,32.7,22.5,26.9,1.0,서울,24.557142857142857,23.813333333333333,2026-06
2026-07-01,32.3,21.9,26.3,2.8,서울,25.085714285714285,23.926666666666666,2026-07
2026-07-02,27.9,21.4,23.8,9.9,서울,25.442857142857143,23.87,2026-07
2026-07-03,29.3,21.7,25.0,3.6,서울,25.785714285714285,23.843333333333337,2026-07
2026-07-04,31.3,22.3,26.2,0.5,서울,25.8,23.953333333333333,2026-07
2026-07-05,30.5,22.6,25.4,23.1,서울,25.685714285714283,24.126666666666665,2026-07
2026-07-06,29.0,22.7,24.9,19.5,서울,25.5,24.226666666666667,2026-07
2026-07-07,29.6,22.9,25.8,8.4,서울,25.342857142857138,24.346666666666668,2026-07
2026-07-08,27.5,23.2,25.4,22.8,서울,25.214285714285715,24.476666666666667,2026-07
2026-07-09,25.9,22.9,23.9,15.4,서울,25.228571428571428,24.53666666666667,2026-07
2026-07-10,27.8,22.1,24.4,35.6,서울,25.142857142857142,24.663333333333334,2026-07
2026-07-11,32.1,23.6,27.8,0.1,서울,25.37142857142857,24.896666666666665,2026-07
2026-07-12,34.0,24.8,29.5,0.4,서울,25.957142857142856,25.14,2026-07
2026-07-13,32.4,25.9,29.2,3.1,서울,26.571428571428573,25.30333333333333,2026-07
2026-07-14,32.4,25.3,28.0,45.6,서울,26.88571428571429,25.43333333333333,2026-07
2026-07-15,26.9,23.1,24.9,8.5,서울,26.814285714285713,25.413333333333334,2026-07
2026-07-16,29.8,21.7,25.6,0.2,서울,27.057142857142857,25.34333333333333,2026-07
2026-07-17,30.5,23.3,26.5,7.9,서울,27.357142857142858,25.319999999999997,2026-07
2026-07-18,27.7,19.7,24.8,58.2,서울,26.928571428571427,25.25,2026-07
2026-07-19,28.6,22.7,25.2,1.0,서울,26.314285714285717,25.19333333333333,2026-07
2026-07-20,26.3,23.1,24.3,24.2,서울,25.61428571428571,25.283333333333335,2026-07
2026-07-21,26.2,24.2,25.0,25.1,서울,25.185714285714283,25.363333333333333,2026-07
2026-07-22,29.1,23.3,25.3,11.5,서울,25.242857142857144,25.433333333333334,2026-07
2026-07-23,27.8,23.8,25.3,50.8,서울,25.199999999999996,25.48,2026-07
2026-07-24,31.4,24.3,27.5,2.1,서울,25.342857142857138,25.643333333333334,2026-07
2026-07-25,30.3,24.9,27.3,3.6,서울,25.7,25.84333333333333,2026-07
2026-07-26,29.9,24.7,26.5,9.6,서울,25.885714285714283,25.973333333333333,2026-07
2026-07-27,29.9,23.4,26.1,6.8,서울,26.142857142857142,25.973333333333336,2026-07
2026-07-28,31.1,25.1,27.5,3.4,서울,26.5,26.016666666666666,2026-07
2026-07-29,31.6,25.1,27.6,0.3,서울,26.82857142857143,26.063333333333333,2026-07
2026-07-30,31.1,24.6,27.3,0.4,서울,27.11428571428571,26.076666666666664,2026-07
2026-07-31,32.1,24.6,28.1,1.4,서울,27.200000000000006,26.136666666666667,2026-07
2026-08-01,32.8,26.1,29.0,2.2,서울,27.442857142857147,26.31,2026-08
2026-08-02,34.1,26.3,29.6,0.0,서울,27.88571428571429,26.46333333333333,2026-08
2026-08-03,37.2,25.3,30.9,0.1,서울,28.571428571428573,26.62,2026-08
2026-08-04,36.6,28.7,32.0,2.7,서울,29.214285714285715,26.84,2026-08
2026-08-05,37.5,26.8,31.9,5.7,서울,29.828571428571426,27.07333333333333,2026-08
2026-08-06,38.6,28.8,33.3,0.0,서울,30.685714285714287,27.323333333333334,2026-08
2026-08-07,38.4,29.4,33.5,0.6,서울,31.457142857142856,27.59333333333333,2026-08
2026-08-08,34.2,25.2,29.4,12.7,서울,31.51428571428571,27.776666666666667,2026-08
2026-08-09,32.7,23.8,27.4,0.2,서울,31.199999999999996,27.87666666666667,2026-08
2026-08-10,34.2,21.9,28.5,2.4,서울,30.857142857142858,27.9,2026-08
2026-08-11,33.6,23.3,27.9,0.0,서울,30.271428571428572,27.846666666666668,2026-08
2026-08-12,32.0,21.2,26.0,0.0,서울,29.428571428571427,27.740000000000002,2026-08
2026-08-13,32.3,22.4,27.0,0.9,서울,28.52857142857143,27.706666666666667,2026-08
2026-08-14,31.6,24.2,28.0,3.9,서울,27.74285714285714,27.81,2026-08
2026-08-15,27.3,23.6,25.0,14.2,서울,27.114285714285717,27.790000000000003,2026-08
2026-08-16,26.8,23.1,24.7,7.6,서울,26.728571428571428,27.730000000000004,2026-08
2026-08-17,28.9,23.1,24.7,11.7,서울,26.185714285714287,27.726666666666667,2026-08
2026-08-18,30.9,23.2,26.6,0.9,서울,26.0,27.773333333333333,2026-08
2026-08-19,30.0,23.7,26.7,0.7,서울,26.099999999999998,27.853333333333335,2026-08
2026-08-20,30.3,24.2,26.4,6.7,서울,26.014285714285712,27.9,2026-08
2026-08-21,27.2,22.3,24.4,29.0,서울,25.5,27.87,2026-08
2026-08-22,27.4,22.8,24.0,45.5,서울,25.357142857142858,27.826666666666664,2026-08
2026-08-23,32.1,22.5,26.7,9.2,서울,25.642857142857142,27.8,2026-08
2026-08-24,31.4,24.6,27.5,0.5,서울,26.04285714285714,27.80666666666667,2026-08
2026-08-25,31.2,24.2,26.8,9.7,서울,26.071428571428573,27.816666666666666,2026-08
2026-08-26,29.7,24.6,27.1,0.3,서울,26.12857142857143,27.85,2026-08
2026-08-27,30.5,24.5,26.8,3.8,서울,26.185714285714287,27.826666666666664,2026-08
2026-08-28,29.3,24.4,25.8,8.7,서울,26.385714285714283,27.766666666666666,2026-08
2026-08-29,29.7,24.2,26.2,2.1,서울,26.7,27.73,2026-08
2022-01-01,5.2,0.4,3.2,0.0,제주,,,2022-01
2022-01-02,9.1,1.6,6.1,0.5,제주,,,2022-01
2022-01-03,7.1,1.0,4.0,0.0,제주,,,2022-01
2022-01-04,8.3,2.2,4.9,0.5,제주,,,2022-01
2022-01-05,5.4,3.3,4.3,16.8,제주,,,2022-01
2022-01-06,6.4,2.9,5.3,3.2,제주,,,2022-01
2022-01-07,7.5,0.2,3.9,0.0,제주,4.5285714285714285,,2022-01
2022-01-08,6.5,1.2,4.5,0.0,제주,4.714285714285714,,2022-01
2022-01-09,8.7,3.4,6.2,0.1,제주,4.728571428571429,,2022-01
2022-01-10,9.2,2.7,6.0,0.2,제주,5.014285714285714,,2022-01
2022-01-11,5.7,0.6,2.6,10.8,제주,4.685714285714285,,2022-01
2022-01-12,3.2,0.8,2.2,3.2,제주,4.385714285714285,,2022-01
2022-01-13,4.5,1.7,2.8,6.5,제주,4.0285714285714285,,2022-01
2022-01-14,3.5,2.1,2.7,0.8,제주,3.857142857142857,,2022-01
2022-01-15,7.8,3.0,5.2,0.2,제주,3.9571428571428577,,2022-01
2022-01-16,7.6,2.7,5.7,1.9,제주,3.885714285714286,,2022-01
2022-01-17,5.3,2.1,3.7,0.9,제주,3.5571428571428574,,2022-01
2022-01-18,4.4,-1.6,1.4,0.2,제주,3.3857142857142857,,2022-01
2022-01-19,6.0,-0.5,2.7,1.3,제주,3.4571428571428577,,2022-01
2022-01-20,4.2,-1.0,1.1,3.6,제주,3.2142857142857144,,2022-01
2022-01-21,8.0,-0.2,4.3,0.0,제주,3.442857142857143,,2022-01
2022-01-22,11.2,6.3,8.7,1.0,제주,3.9428571428571426,,2022-01
2022-01-23,9.9,8.2,9.2,12.5,제주,4.442857142857142,,2022-01
2022-01-24,10.8,7.5,8.9,2.3,제주,5.185714285714285,,2022-01
2022-01-25,9.2,7.4,8.0,3.1,제주,6.128571428571428,,2022-01
2022-01-26,7.0,4.8,5.9,0.1,제주,6.5857142857142845,,2022-01
2022-01-27,5.8,3.4,4.7,1.4,제주,7.1,,2022-01
2022-01-28,4.8,2.2,3.5,0.0,제주,6.985714285714286,,2022-01
2022-01-29,4.2,1.9,3.0,0.2,제주,6.171428571428572,,2022-01
2022-01-30,4.1,2.0,2.9,0.0,제주,5.271428571428571,4.586666666666667,2022-01
2022-01-31,5.4,1.8,3.3,0.0,제주,4.4714285714285715,4.590000000000001,2022-01
2022-02-01,6.2,2.0,4.7,0.4,제주,4.0,4.543333333333333,2022-02
2022-02-02,4.6,1.6,3.0,0.3,제주,3.585714285714286,4.51,2022-02
2022-02-03,4.8,1.9,3.0,0.0,제주,3.3428571428571425,4.446666666666667,2022-02
2022-02-04,5.1,0.8,2.8,0.3,제주,3.242857142857143,4.3966666666666665,2022-02
2022-02-05,2.2,0.7,1.5,4.0,제주,3.0285714285714285,4.27,2022-02
2022-02-06,4.2,1.2,2.6,1.5,제주,2.9857142857142853,4.226666666666667,2022-02
2022-02-07,3.0,1.4,2.3,1.6,제주,2.842857142857143,4.153333333333333,2022-02
2022-02-08,5.0,0.7,3.1,0.8,제주,2.6142857142857143,4.05,2022-02
2022-02-09,8.2,-0.8,4.4,6.2,제주,2.814285714285714,3.9966666666666666,2022-02
2022-02-10,6.6,2.3,4.6,5.2,제주,3.042857142857143,4.0633333333333335,2022-02
2022-02-11,8.3,0.5,4.7,0.0,제주,3.314285714285714,4.1466666666666665,2022-02
2022-02-12,10.8,5.0,7.9,0.0,제주,4.228571428571429,4.316666666666666,2022-02
2022-02-13,9.8,7.5,8.5,3.3,제주,5.071428571428571,4.510000000000001,2022-02
2022-02-14,11.0,3.7,8.1,0.5,제주,5.8999999999999995,4.606666666666667,2022-02
2022-02-15,5.7,0.5,2.7,2.2,제주,5.842857142857143,4.506666666666666,2022-02
2022-02-16,2.0,-0.2,0.8,3.2,제주,5.328571428571428,4.41,2022-02
2022-02-17,0.2,-1.1,-0.5,1.3,제주,4.6000000000000005,4.346666666666667,2022-02
2022-02-18,7.9,-0.6,4.5,0.6,제주,4.571428571428571,4.406666666666666,2022-02
2022-02-19,6.2,2.2,4.3,18.9,제주,4.057142857142858,4.513333333333334,2022-02
2022-02-20,1.9,-0.6,0.4,4.2,제주,2.8999999999999995,4.383333333333334,2022-02
2022-02-21,5.3,0.9,3.2,0.0,제주,2.2,4.2,2022-02
2022-02-22,4.3,1.2,2.4,2.3,제주,2.157142857142857,3.9733333333333336,2022-02
2022-02-23,2.3,-1.1,0.3,1.4,제주,2.085714285714286,3.686666666666667,2022-02
2022-02-24,4.2,-1.2,1.7,0.0,제주,2.4,3.476666666666667,2022-02
2022-02-25,7.7,0.8,4.0,0.0,제주,2.3285714285714287,3.4133333333333336,2022-02
2022-02-26,12.5,2.3,7.0,0.0,제주,2.7142857142857144,3.49,2022-02
2022-02-27,8.4,1.1,4.9,0.1,제주,3.357142857142857,3.5366666666666666,2022-02
2022-02-28,12.2,0.5,6.8,0.0,제주,3.8714285714285714,3.663333333333333,2022-02
2022-03-01,12.5,4.8,9.6,5.9,제주,4.8999999999999995,3.886666666666667,2022-03
2022-03-02,6.7,2.5,4.7,0.0,제주,5.528571428571429,3.933333333333333,2022-03
2022-03-03,12.4,4.6,7.9,0.0,제주,6.414285714285714,4.04,2022-03
2022-03-04,14.8,5.6,9.9,0.0,제주,7.257142857142857,4.27,2022-03
2022-03-05,11.2,3.6,7.0,0.3,제주,7.257142857142857,4.403333333333333,2022-03
2022-03-06,5.5,2.2,3.7,0.0,제주,7.085714285714286,4.433333333333334,2022-03
2022-03-07,8.3,2.1,4.8,0.0,제주,6.799999999999999,4.543333333333333,2022-03
2022-03-08,11.2,3.0,7.2,0.0,제주,6.457142857142857,4.696666666666667,2022-03
2022-03-09,12.8,5.1,9.2,0.0,제주,7.1000000000000005,4.926666666666666,2022-03
2022-03-10,15.0,4.1,9.9,0.0,제주,7.385714285714286,5.153333333333333,2022-03
2022-03-11,19.1,10.3,15.3,0.0,제주,8.157142857142857,5.516666666666667,2022-03
2022-03-12,20.2,11.8,16.1,0.1,제주,9.457142857142856,5.9,2022-03
2022-03-13,18.0,14.3,16.4,18.4,제주,11.271428571428572,6.29,2022-03
2022-03-14,19.4,9.1,14.5,1.5,제주,12.657142857142857,6.510000000000001,2022-03
2022-03-15,15.9,4.1,10.5,0.0,제주,13.12857142857143,6.576666666666667,2022-03
2022-03-16,17.4,8.6,13.0,0.4,제주,13.671428571428569,6.739999999999999,2022-03
2022-03-17,15.9,10.0,12.6,13.6,제주,14.057142857142859,7.069999999999999,2022-03
2022-03-18,11.0,8.0,9.6,43.7,제주,13.242857142857142,7.363333333333333,2022-03
2022-03-19,8.6,4.7,6.9,3.2,제주,11.928571428571429,7.61,2022-03
2022-03-20,8.1,5.1,6.4,0.2,제주,10.5,7.673333333333333,2022-03
2022-03-21,11.6,3.9,7.8,6.8,제주,9.542857142857143,7.79,2022-03
2022-03-22,9.6,5.8,7.5,9.0,제주,9.114285714285714,8.026666666666666,2022-03
2022-03-23,11.2,4.7,7.6,2.3,제주,8.342857142857143,8.173333333333334,2022-03
2022-03-24,15.2,4.5,9.6,0.0,제주,7.914285714285714,8.413333333333332,2022-03
2022-03-25,18.5,5.6,14.3,28.1,제주,8.585714285714285,8.88,2022-03
2022-03-26,18.3,8.3,12.1,41.5,제주,9.328571428571427,9.226666666666667,2022-03
2022-03-27,15.4,7.0,10.3,0.0,제주,9.885714285714286,9.436666666666667,2022-03
2022-03-28,12.5,5.4,8.9,0.0,제주,10.042857142857144,9.5,2022-03
2022-03-29,16.9,8.5,12.1,0.0,제주,10.700000000000001,9.74,2022-03
2022-03-30,19.0,9.9,15.7,6.1,제주,11.857142857142858,10.036666666666665,2022-03
2022-03-31,14.0,7.8,10.1,1.1,제주,11.928571428571429,10.053333333333335,2022-03
2022-04-01,12.0,7.2,9.4,3.0,제주,11.22857142857143,10.21,2022-04
2022-04-02,10.3,4.1,7.5,0.0,제주,10.571428571428571,10.196666666666665,2022-04
2022-04-03,11.0,3.4,7.6,0.0,제주,10.185714285714285,10.120000000000001,2022-04
2022-04-04,13.9,3.8,10.1,0.0,제주,10.357142857142858,10.223333333333333,2022-04
2022-04-05,14.8,7.0,11.0,0.0,제주,10.2,10.466666666666667,2022-04
2022-04-06,15.4,9.0,11.9,0.0,제주,9.657142857142857,10.703333333333335,2022-04
2022-04-07,16.2,10.0,12.0,0.0,제주,9.928571428571429,10.863333333333335,2022-04
2022-04-08,18.6,9.9,14.9,0.0,제주,10.714285714285714,11.053333333333333,2022-04
2022-04-09,20.3,11.2,15.4,0.0,제주,11.842857142857143,11.236666666666668,2022-04
2022-04-10,19.1,10.4,15.0,0.0,제주,12.900000000000002,11.226666666666667,2022-04
2022-04-11,23.1,14.7,18.6,2.0,제주,14.114285714285714,11.31,2022-04
2022-04-12,21.0,14.6,18.4,0.0,제주,15.171428571428573,11.376666666666667,2022-04
2022-04-13,21.9,14.1,18.2,11.2,제주,16.071428571428573,11.5,2022-04
2022-04-14,14.1,12.5,13.3,17.4,제주,16.25714285714286,11.593333333333334,2022-04
2022-04-15,13.8,9.6,11.9,0.0,제주,15.828571428571427,11.556666666666667,2022-04
2022-04-16,14.4,7.8,11.3,0.0,제주,15.242857142857144,11.513333333333334,2022-04
2022-04-17,16.0,7.0,12.1,0.0,제주,14.828571428571427,11.596666666666666,2022-04
2022-04-18,16.5,10.5,13.2,0.0,제주,14.057142857142859,11.806666666666668,2022-04
2022-04-19,17.4,10.7,13.7,0.0,제주,13.385714285714284,12.05,2022-04
2022-04-20,17.9,10.4,14.6,0.0,제주,12.871428571428572,12.276666666666666,2022-04
2022-04-21,17.1,11.1,13.5,6.2,제주,12.9,12.476666666666665,2022-04
2022-04-22,24.8,10.3,18.0,0.0,제주,13.771428571428572,12.823333333333332,2022-04
2022-04-23,21.0,16.3,18.4,0.1,제주,14.785714285714286,13.116666666666667,2022-04
2022-04-24,21.1,15.9,17.8,0.0,제주,15.6,13.233333333333333,2022-04
2022-04-25,25.1,14.4,19.8,14.1,제주,16.54285714285714,13.49,2022-04
2022-04-26,22.7,15.7,20.2,29.7,제주,17.47142857142857,13.82,2022-04
2022-04-27,19.4,12.9,16.3,0.0,제주,17.714285714285715,14.066666666666666,2022-04
2022-04-28,20.9,13.7,16.7,1.7,제주,18.17142857142857,14.22,2022-04
2022-04-29,15.8,11.6,13.2,32.7,제주,17.485714285714288,14.136666666666667,2022-04
2022-04-30,16.2,11.5,13.5,0.0,제주,16.785714285714285,14.25,2022-04
2022-05-01,14.4,10.4,12.2,0.4,제주,15.985714285714284,14.343333333333334,2022-05
2022-05-02,17.7,11.4,14.4,0.0,제주,15.214285714285714,14.573333333333332,2022-05
2022-05-03,17.2,8.1,13.1,0.0,제주,14.2,14.756666666666666,2022-05
2022-05-04,19.6,9.3,14.6,0.0,제주,13.957142857142857,14.906666666666668,2022-05
2022-05-05,23.7,9.9,17.4,0.0,제주,14.057142857142855,15.120000000000001,2022-05
2022-05-06,23.6,15.0,19.6,0.1,제주,14.97142857142857,15.376666666666665,2022-05
2022-05-07,21.1,14.3,18.0,0.0,제주,15.614285714285712,15.576666666666664,2022-05
2022-05-08,19.8,12.9,16.9,0.8,제주,16.285714285714285,15.643333333333334,2022-05
2022-05-09,17.9,13.6,15.9,0.0,제주,16.5,15.659999999999998,2022-05
2022-05-10,19.7,14.2,16.5,0.0,제주,16.985714285714288,15.709999999999999,2022-05
2022-05-11,21.4,15.9,18.8,1.6,제주,17.585714285714285,15.716666666666667,2022-05
2022-05-12,21.2,16.0,18.6,0.0,제주,17.757142857142856,15.723333333333333,2022-05
2022-05-13,20.3,14.1,17.3,8.2,제주,17.428571428571427,15.693333333333332,2022-05
2022-05-14,17.9,12.3,14.8,0.0,제주,16.97142857142857,15.743333333333332,2022-05
2022-05-15,15.9,12.5,14.0,0.0,제주,16.557142857142857,15.813333333333333,2022-05
2022-05-16,20.3,11.7,15.9,0.0,제주,16.557142857142857,15.966666666666667,2022-05
2022-05-17,23.0,15.0,19.2,0.0,제주,16.942857142857143,16.203333333333333,2022-05
2022-05-18,23.5,16.6,20.1,0.0,제주,17.12857142857143,16.433333333333334,2022-05
2022-05-19,22.4,16.7,19.2,0.0,제주,17.214285714285715,16.616666666666667,2022-05
2022-05-20,22.0,15.9,19.2,0.0,제주,17.485714285714284,16.77,2022-05
2022-05-21,21.4,15.7,18.5,0.0,제주,18.014285714285712,16.936666666666667,2022-05
2022-05-22,24.4,17.0,20.9,0.0,제주,19.0,17.033333333333335,2022-05
2022-05-23,24.1,18.6,21.3,0.0,제주,19.771428571428572,17.13,2022-05
2022-05-24,23.5,17.1,20.4,0.0,제주,19.942857142857143,17.216666666666665,2022-05
2022-05-25,23.3,16.7,20.2,1.5,제주,19.957142857142856,17.23,2022-05
2022-05-26,20.6,16.7,18.1,0.2,제주,19.8,17.16,2022-05
2022-05-27,25.4,16.6,21.4,0.0,제주,20.114285714285717,17.33,2022-05
2022-05-28,27.6,18.5,23.1,0.0,제주,20.771428571428572,17.543333333333333,2022-05
2022-05-29,23.1,15.5,19.8,2.4,제주,20.61428571428571,17.763333333333335,2022-05
2022-05-30,22.3,17.5,20.2,1.0,제주,20.457142857142856,17.986666666666668,2022-05
2022-05-31,24.8,14.3,19.9,0.2,제주,20.385714285714283,18.243333333333332,2022-05
2022-06-01,23.9,16.9,19.9,0.0,제주,20.342857142857145,18.426666666666666,2022-06
2022-06-02,23.2,16.4,20.0,0.0,제주,20.614285714285717,18.65666666666667,2022-06
2022-06-03,24.4,16.5,20.8,0.0,제주,20.52857142857143,18.863333333333333,2022-06
2022-06-04,26.6,17.7,21.9,0.4,제주,20.357142857142858,19.013333333333332,2022-06
2022-06-05,21.7,17.8,20.2,80.5,제주,20.41428571428571,19.033333333333335,2022-06
2022-06-06,21.1,17.5,19.0,2.1,제주,20.24285714285714,19.066666666666666,2022-06
2022-06-07,22.2,16.6,19.7,8.7,제주,20.214285714285715,19.16,2022-06
2022-06-08,23.0,16.8,19.5,0.2,제주,20.157142857142855,19.279999999999998,2022-06
2022-06-09,24.3,16.1,20.2,0.0,제주,20.185714285714283,19.403333333333332,2022-06
2022-06-10,25.5,17.0,21.5,0.0,제주,20.285714285714285,19.493333333333332,2022-06
2022-06-11,22.1,19.2,20.5,0.6,제주,20.085714285714285,19.55666666666667,2022-06
2022-06-12,23.5,18.8,20.8,0.0,제주,20.17142857142857,19.673333333333332,2022-06
2022-06-13,20.6,18.8,19.7,13.3,제주,20.271428571428572,19.836666666666666,2022-06
2022-06-14,19.8,18.5,18.9,7.3,제주,20.157142857142855,20.0,2022-06
2022-06-15,26.3,18.4,22.4,0.1,제주,20.571428571428573,20.216666666666665,2022-06
2022-06-16,25.1,20.3,22.7,0.0,제주,20.928571428571427,20.333333333333332,2022-06
2022-06-17,27.5,18.1,22.5,0.0,제주,21.071428571428573,20.413333333333334,2022-06
2022-06-18,27.1,20.2,23.2,0.2,제주,21.457142857142856,20.546666666666667,2022-06
2022-06-19,27.1,21.6,24.1,2.8,제주,21.928571428571427,20.709999999999997,2022-06
2022-06-20,26.3,21.3,23.4,0.3,제주,22.457142857142856,20.87333333333333,2022-06
2022-06-21,24.9,21.5,22.7,1.3,제주,23.0,20.933333333333334,2022-06
2022-06-22,26.5,20.7,24.1,0.0,제주,23.24285714285714,21.026666666666664,2022-06
2022-06-23,29.7,24.5,26.8,2.6,제주,23.82857142857143,21.24,2022-06
2022-06-24,26.4,24.5,25.2,36.5,제주,24.214285714285715,21.40666666666667,2022-06
2022-06-25,29.5,24.3,26.3,0.8,제주,24.657142857142862,21.68,2022-06
2022-06-26,30.0,24.7,27.1,3.3,제주,25.085714285714285,21.87,2022-06
2022-06-27,27.8,25.0,26.3,3.3,제주,25.5,21.976666666666667,2022-06
2022-06-28,28.8,25.1,26.5,1.7,제주,26.042857142857144,22.199999999999996,2022-06
2022-06-29,28.0,25.2,26.4,4.5,제주,26.37142857142857,22.40666666666667,2022-06
2022-06-30,30.3,25.2,27.5,0.7,제주,26.471428571428568,22.660000000000004,2022-06
2022-07-01,31.1,23.5,26.6,1.0,제주,26.671428571428574,22.883333333333333,2022-07
2022-07-02,29.3,22.3,26.0,0.0,제주,26.62857142857143,23.083333333333332,2022-07
2022-07-03,29.9,24.5,26.8,1.0,제주,26.585714285714285,23.283333333333335,2022-07
2022-07-04,29.5,24.7,26.5,0.4,제주,26.61428571428571,23.436666666666667,2022-07
2022-07-05,28.7,24.1,26.1,0.8,제주,26.557142857142853,23.633333333333333,2022-07
2022-07-06,31.3,25.3,28.4,0.2,제주,26.842857142857145,23.946666666666665,2022-07
2022-07-07,31.7,26.7,29.0,0.4,제주,27.057142857142857,24.256666666666668,2022-07
2022-07-08,31.6,25.2,28.4,1.7,제주,27.314285714285713,24.553333333333335,2022-07
2022-07-09,27.3,23.7,25.6,0.1,제주,27.257142857142856,24.733333333333334,2022-07
2022-07-10,31.2,22.9,26.8,1.4,제주,27.25714285714286,24.91,2022-07
2022-07-11,29.9,25.1,27.1,6.2,제주,27.342857142857145,25.13,2022-07
2022-07-12,30.9,24.7,27.9,3.8,제주,27.6,25.366666666666667,2022-07
2022-07-13,31.4,26.4,28.6,0.0,제주,27.62857142857143,25.663333333333334,2022-07
2022-07-14,31.5,25.2,27.9,2.8,제주,27.47142857142857,25.96333333333333,2022-07
2022-07-15,27.6,25.1,25.9,36.4,제주,27.114285714285717,26.08,2022-07
2022-07-16,28.8,23.7,26.0,0.3,제주,27.171428571428574,26.189999999999998,2022-07
2022-07-17,29.1,24.9,26.5,3.4,제주,27.12857142857143,26.32333333333333,2022-07
2022-07-18,28.8,25.5,27.3,53.5,제주,27.157142857142855,26.46,2022-07
2022-07-19,28.8,23.3,26.0,2.9,제주,26.885714285714283,26.523333333333333,2022-07
2022-07-20,29.1,22.6,26.3,0.1,제주,26.557142857142857,26.62,2022-07
2022-07-21,28.7,23.5,26.5,2.4,제주,26.357142857142858,26.746666666666666,2022-07
2022-07-22,26.7,22.8,24.7,0.4,제주,26.185714285714283,26.766666666666666,2022-07
2022-07-23,28.9,22.8,26.4,0.4,제주,26.24285714285714,26.753333333333334,2022-07
2022-07-24,28.0,23.5,26.4,5.0,제주,26.228571428571428,26.793333333333333,2022-07
2022-07-25,26.6,22.7,24.4,0.7,제주,25.814285714285713,26.73,2022-07
2022-07-26,29.0,21.2,25.4,0.4,제주,25.728571428571428,26.673333333333336,2022-07
2022-07-27,31.7,23.8,27.3,0.1,제주,25.87142857142857,26.706666666666667,2022-07
2022-07-28,32.1,24.7,28.2,0.2,제주,26.11428571428571,26.763333333333335,2022-07
2022-07-29,30.4,26.1,28.0,0.2,제주,26.585714285714285,26.816666666666666,2022-07
2022-07-30,26.8,25.7,26.3,35.1,제주,26.571428571428573,26.776666666666664,2022-07
2022-07-31,28.1,26.0,26.8,23.9,제주,26.628571428571426,26.783333333333335,2022-07
2022-08-01,29.7,26.5,27.6,21.9,제주,27.08571428571429,26.836666666666666,2022-08
2022-08-02,30.4,26.0,27.7,12.9,제주,27.414285714285715,26.866666666666667,2022-08
2022-08-03,30.6,26.4,28.2,9.6,제주,27.542857142857144,26.923333333333332,2022-08
2022-08-04,31.8,26.0,28.8,0.5,제주,27.62857142857143,27.013333333333332,2022-08
2022-08-05,32.3,27.0,29.3,0.0,제주,27.814285714285717,27.043333333333333,2022-08
2022-08-06,32.7,26.9,29.4,1.2,제주,28.25714285714286,27.056666666666665,2022-08
2022-08-07,32.1,27.0,29.4,1.7,제주,28.628571428571426,27.09,2022-08
2022-08-08,32.7,27.7,29.7,0.0,제주,28.928571428571427,27.226666666666667,2022-08
2022-08-09,32.4,26.8,29.2,0.1,제주,29.142857142857142,27.30666666666667,2022-08
2022-08-10,32.5,27.2,29.3,0.0,제주,29.300000000000004,27.38,2022-08
2022-08-11,31.7,27.1,29.2,0.0,제주,29.357142857142858,27.423333333333336,2022-08
2022-08-12,31.1,27.3,28.7,0.9,제주,29.27142857142857,27.426666666666666,2022-08
2022-08-13,33.7,26.6,29.8,0.0,제주,29.32857142857143,27.490000000000002,2022-08
2022-08-14,32.6,27.6,29.9,0.0,제주,29.400000000000002,27.623333333333335,2022-08
2022-08-15,32.4,27.8,29.7,0.0,제주,29.4,27.74666666666667,2022-08
2022-08-16,31.5,26.1,28.8,6.1,제주,29.342857142857145,27.823333333333334,2022-08
2022-08-17,27.5,24.6,26.3,9.6,제주,28.91428571428571,27.79,2022-08
2022-08-18,28.3,22.6,25.7,0.2,제주,28.414285714285715,27.779999999999998,2022-08
2022-08-19,32.7,24.6,28.8,0.0,제주,28.428571428571427,27.863333333333333,2022-08
2022-08-20,31.3,25.5,28.6,0.7,제주,28.25714285714286,27.933333333333334,2022-08
2022-08-21,27.2,24.2,25.8,4.7,제주,27.67142857142857,27.970000000000002,2022-08
2022-08-22,29.9,23.8,26.6,1.4,제주,27.22857142857143,27.976666666666667,2022-08
2022-08-23,30.8,24.3,28.0,4.6,제주,27.114285714285717,28.029999999999998,2022-08
2022-08-24,27.2,22.9,25.1,18.1,제주,26.942857142857147,28.053333333333335,2022-08
2022-08-25,27.3,21.3,24.2,0.0,제주,26.728571428571428,28.013333333333332,2022-08
2022-08-26,25.7,23.1,24.0,1.1,제주,26.042857142857144,27.903333333333332,2022-08
2022-08-27,26.6,21.5,24.0,0.1,제주,25.385714285714283,27.763333333333332,2022-08
2022-08-28,26.9,20.5,23.6,0.0,제주,25.071428571428573,27.616666666666667,2022-08
2022-08-29,28.6,21.2,25.2,0.0,제주,24.87142857142857,27.58,2022-08
2022-08-30,29.8,22.9,26.5,5.4,제주,24.657142857142862,27.57,2022-08
2022-08-31,26.1,22.9,24.1,11.2,제주,24.514285714285712,27.453333333333333,2022-08
2022-09-01,25.2,22.2,23.4,8.9,제주,24.400000000000002,27.31,2022-09
2022-09-02,24.3,20.5,23.2,130.4,제주,24.285714285714285,27.143333333333334,2022-09
2022-09-03,25.9,23.7,24.8,38.6,제주,24.400000000000002,27.009999999999998,2022-09
2022-09-04,28.8,24.5,26.3,20.0,제주,24.785714285714285,26.910000000000004,2022-09
2022-09-05,26.7,24.9,26.1,150.1,제주,24.914285714285715,26.8,2022-09
2022-09-06,25.0,20.4,22.8,20.5,제주,24.385714285714283,26.58,2022-09
2022-09-07,26.4,17.9,22.5,0.0,제주,24.157142857142855,26.34,2022-09
2022-09-08,24.7,18.4,22.4,0.0,제주,24.014285714285712,26.113333333333333,2022-09
2022-09-09,24.7,21.1,22.9,0.2,제주,23.97142857142857,25.9,2022-09
2022-09-10,24.3,22.1,23.0,3.6,제주,23.714285714285715,25.69333333333333,2022-09
2022-09-11,26.1,22.7,23.9,17.5,제주,23.371428571428574,25.533333333333335,2022-09
2022-09-12,25.6,23.1,23.9,13.6,제주,23.057142857142853,25.336666666666666,2022-09
2022-09-13,24.7,23.1,23.6,30.9,제주,23.17142857142857,25.126666666666665,2022-09
2022-09-14,25.4,23.1,24.3,27.1,제주,23.428571428571427,24.946666666666665,2022-09
2022-09-15,26.8,23.8,25.0,27.0,제주,23.8,24.82,2022-09
2022-09-16,29.9,24.5,26.7,4.6,제주,24.342857142857138,24.833333333333332,2022-09
2022-09-17,26.4,24.0,24.9,2.9,제주,24.61428571428571,24.80666666666667,2022-09
2022-09-18,27.8,24.2,25.6,8.1,제주,24.857142857142858,24.7,2022-09
2022-09-19,25.2,20.2,23.8,1.1,제주,24.842857142857145,24.540000000000003,2022-09
2022-09-20,23.0,19.9,21.1,0.8,제주,24.485714285714288,24.383333333333333,2022-09
2022-09-21,21.9,19.0,20.1,0.4,제주,23.88571428571429,24.166666666666668,2022-09
2022-09-22,23.4,19.2,21.0,0.2,제주,23.314285714285717,23.933333333333334,2022-09
2022-09-23,22.9,17.1,20.1,0.9,제주,22.37142857142857,23.766666666666666,2022-09
2022-09-24,20.9,16.1,19.0,0.0,제주,21.528571428571432,23.59333333333333,2022-09
2022-09-25,23.6,19.1,21.0,0.0,제주,20.87142857142857,23.493333333333332,2022-09
2022-09-26,23.6,18.9,20.8,0.5,제주,20.442857142857147,23.386666666666667,2022-09
2022-09-27,23.2,18.6,20.8,0.1,제주,20.400000000000002,23.293333333333333,2022-09
2022-09-28,24.4,19.5,21.8,1.1,제주,20.642857142857142,23.180000000000003,2022-09
2022-09-29,23.1,16.9,20.9,1.0,제주,20.62857142857143,22.993333333333336,2022-09
2022-09-30,23.9,16.7,20.6,0.0,제주,20.7,22.876666666666665,2022-09
2022-10-01,25.7,16.5,21.6,0.0,제주,21.071428571428573,22.816666666666666,2022-10
2022-10-02,28.3,17.1,23.0,0.0,제주,21.357142857142858,22.81,2022-10
2022-10-03,28.3,22.7,25.4,0.0,제주,22.014285714285712,22.830000000000002,2022-10
2022-10-04,25.4,17.2,21.9,19.4,제주,22.17142857142857,22.683333333333334,2022-10
2022-10-05,18.8,16.0,17.3,0.2,제주,21.52857142857143,22.39,2022-10
2022-10-06,18.9,15.8,17.3,6.5,제주,21.014285714285716,22.206666666666667,2022-10
2022-10-07,17.9,14.6,16.2,4.5,제주,20.385714285714283,21.996666666666666,2022-10
2022-10-08,19.3,15.8,17.5,6.8,제주,19.8,21.833333333333332,2022-10
2022-10-09,19.6,16.6,18.4,12.7,제주,19.142857142857142,21.683333333333334,2022-10
2022-10-10,16.2,14.1,14.8,3.9,제주,17.628571428571426,21.410000000000004,2022-10
2022-10-11,17.1,14.3,15.3,1.0,제주,16.685714285714287,21.123333333333335,2022-10
2022-10-12,18.5,12.2,16.2,0.1,제주,16.52857142857143,20.866666666666667,2022-10
2022-10-13,19.5,17.0,18.2,3.7,제주,16.65714285714286,20.686666666666667,2022-10
2022-10-14,20.4,16.9,18.2,0.1,제주,16.942857142857143,20.483333333333334,2022-10
2022-10-15,20.3,17.1,18.3,0.4,제주,17.057142857142857,20.259999999999998,2022-10
2022-10-16,21.4,16.9,18.9,0.0,제주,17.128571428571426,20.0,2022-10
2022-10-17,17.0,12.7,15.2,0.3,제주,17.185714285714287,19.676666666666666,2022-10
2022-10-18,14.2,11.7,12.7,0.0,제주,16.814285714285713,19.24666666666667,2022-10
2022-10-19,14.5,9.4,12.6,0.0,제주,16.3,18.87333333333333,2022-10
2022-10-20,19.2,9.2,14.2,0.0,제주,15.728571428571428,18.64333333333333,2022-10
2022-10-21,21.0,12.7,16.9,0.1,제주,15.542857142857144,18.53666666666667,2022-10
2022-10-22,21.1,15.6,18.7,0.0,제주,15.599999999999998,18.46,2022-10
2022-10-23,17.7,13.6,15.6,0.5,제주,15.12857142857143,18.310000000000002,2022-10
2022-10-24,15.1,11.2,13.4,0.1,제주,14.87142857142857,18.123333333333335,2022-10
2022-10-25,15.1,11.0,13.0,0.0,제주,14.914285714285713,17.85666666666667,2022-10
2022-10-26,18.3,14.2,16.1,0.2,제주,15.414285714285715,17.7,2022-10
2022-10-27,17.8,14.5,16.0,0.0,제주,15.671428571428573,17.540000000000003,2022-10
2022-10-28,18.1,13.4,15.6,0.0,제주,15.485714285714286,17.333333333333332,2022-10
2022-10-29,19.3,13.9,16.8,1.6,제주,15.214285714285714,17.196666666666665,2022-10
2022-10-30,18.2,15.6,16.4,2.0,제주,15.328571428571427,17.056666666666665,2022-10
2022-10-31,18.6,15.0,16.3,0.3,제주,15.742857142857144,16.88,2022-10
2022-11-01,17.4,11.9,15.0,0.0,제주,16.02857142857143,16.613333333333333,2022-11
2022-11-02,18.7,9.7,14.9,0.0,제주,15.857142857142858,16.263333333333332,2022-11
2022-11-03,17.3,9.0,13.6,0.0,제주,15.514285714285714,15.986666666666668,2022-11
2022-11-04,13.1,9.0,10.9,0.8,제주,14.842857142857143,15.773333333333333,2022-11
2022-11-05,12.5,9.2,10.7,0.0,제주,13.971428571428572,15.553333333333335,2022-11
2022-11-06,13.9,9.0,11.1,0.0,제주,13.214285714285714,15.383333333333333,2022-11
2022-11-07,16.9,7.6,12.2,0.0,제주,12.62857142857143,15.206666666666667,2022-11
2022-11-08,17.6,10.8,14.2,0.0,제주,12.514285714285714,15.066666666666666,2022-11
2022-11-09,19.4,10.5,14.8,0.0,제주,12.5,15.066666666666666,2022-11
2022-11-10,19.6,14.1,16.8,12.8,제주,12.957142857142857,15.116666666666667,2022-11
2022-11-11,21.6,16.5,18.7,0.9,제주,14.071428571428571,15.2,2022-11
2022-11-12,22.1,18.2,19.8,20.6,제주,15.37142857142857,15.253333333333332,2022-11
2022-11-13,21.7,11.1,14.4,11.7,제주,15.842857142857143,15.126666666666667,2022-11
2022-11-14,12.9,10.7,11.8,4.8,제주,15.785714285714286,14.909999999999998,2022-11
2022-11-15,13.4,10.3,11.5,0.0,제주,15.400000000000002,14.663333333333332,2022-11
2022-11-16,16.3,9.1,12.1,0.0,제주,15.014285714285714,14.56,2022-11
2022-11-17,15.3,9.2,12.8,0.0,제주,14.442857142857141,14.563333333333334,2022-11
2022-11-18,17.5,14.1,15.6,0.0,제주,14.0,14.663333333333332,2022-11
2022-11-19,17.6,15.8,16.8,2.1,제주,13.571428571428571,14.75,2022-11
2022-11-20,16.8,15.1,15.6,13.2,제주,13.742857142857142,14.706666666666669,2022-11
2022-11-21,17.8,13.2,15.1,0.0,제주,14.214285714285714,14.586666666666666,2022-11
2022-11-22,17.1,13.1,15.0,4.6,제주,14.714285714285714,14.566666666666666,2022-11
2022-11-23,14.9,9.6,13.0,6.8,제주,14.842857142857143,14.553333333333333,2022-11
2022-11-24,14.9,9.0,12.1,0.0,제주,14.742857142857142,14.523333333333333,2022-11
2022-11-25,18.2,8.2,13.7,0.0,제주,14.471428571428572,14.443333333333333,2022-11
2022-11-26,15.8,11.2,13.6,1.1,제주,14.014285714285714,14.363333333333335,2022-11
2022-11-27,17.9,6.3,13.3,0.0,제주,13.685714285714287,14.286666666666667,2022-11
2022-11-28,22.7,16.4,19.3,15.0,제주,14.285714285714286,14.37,2022-11
2022-11-29,19.6,7.8,13.9,30.4,제주,14.128571428571428,14.286666666666667,2022-11
2022-11-30,7.8,2.4,4.5,6.9,제주,12.914285714285713,13.893333333333334,2022-11
2022-12-01,4.9,2.3,3.6,3.4,제주,11.700000000000001,13.513333333333332,2022-12
2022-12-02,7.6,3.6,5.5,0.8,제주,10.528571428571428,13.2,2022-12
2022-12-03,11.8,6.0,9.7,2.7,제주,9.971428571428573,13.07,2022-12
2022-12-04,10.1,5.0,6.9,4.8,제주,9.057142857142857,12.936666666666667,2022-12
2022-12-05,5.3,3.1,4.4,0.5,제주,6.928571428571429,12.726666666666665,2022-12
2022-12-06,9.4,3.1,6.7,0.0,제주,5.8999999999999995,12.580000000000002,2022-12
2022-12-07,11.4,6.3,9.2,0.0,제주,6.571428571428571,12.48,2022-12
2022-12-08,11.2,5.6,8.8,0.0,제주,7.314285714285714,12.3,2022-12
2022-12-09,12.9,5.5,9.6,0.0,제주,7.9,12.126666666666667,2022-12
2022-12-10,12.4,6.6,9.4,0.1,제주,7.857142857142857,11.879999999999999,2022-12
2022-12-11,9.2,4.2,7.6,1.4,제주,7.957142857142857,11.51,2022-12
2022-12-12,10.6,3.2,7.5,1.7,제주,8.4,11.1,2022-12
2022-12-13,10.0,7.1,8.5,0.0,제주,8.657142857142857,10.903333333333332,2022-12
2022-12-14,6.3,2.4,3.2,4.9,제주,7.8,10.616666666666667,2022-12
2022-12-15,7.2,2.9,4.5,0.0,제주,7.185714285714285,10.383333333333333,2022-12
2022-12-16,7.4,3.0,4.5,6.6,제주,6.457142857142856,10.129999999999999,2022-12
2022-12-17,3.4,0.1,2.4,5.8,제주,5.457142857142857,9.783333333333333,2022-12
2022-12-18,2.7,-1.2,1.1,5.9,제주,4.5285714285714285,9.3,2022-12
2022-12-19,6.6,1.8,4.4,0.6,제주,4.085714285714286,8.886666666666667,2022-12
2022-12-20,10.5,1.9,6.3,0.0,제주,3.771428571428572,8.576666666666666,2022-12
2022-12-21,10.4,6.2,7.9,17.3,제주,4.442857142857143,8.336666666666666,2022-12
2022-12-22,5.9,-0.6,1.9,11.7,제주,4.071428571428571,7.9,2022-12
2022-12-23,1.7,-0.3,0.6,6.2,제주,3.514285714285714,7.486666666666666,2022-12
2022-12-24,3.3,1.4,2.1,8.3,제주,3.4714285714285715,7.153333333333333,2022-12
2022-12-25,6.9,2.8,4.6,0.2,제주,3.971428571428571,6.85,2022-12
2022-12-26,6.2,3.1,5.0,0.4,제주,4.057142857142857,6.5633333333333335,2022-12
2022-12-27,6.1,4.4,5.2,1.1,제주,3.9,6.293333333333334,2022-12
2022-12-28,6.9,3.8,5.2,0.6,제주,3.514285714285714,5.823333333333333,2022-12
2022-12-29,5.3,3.3,4.4,1.4,제주,3.8714285714285714,5.506666666666667,2022-12
2022-12-30,6.5,3.8,5.2,0.0,제주,4.528571428571429,5.53,2022-12
2022-12-31,6.7,3.5,5.2,0.0,제주,4.971428571428571,5.583333333333333,2022-12
2023-01-01,9.0,3.9,6.7,0.0,제주,5.271428571428571,5.623333333333333,2023-01
2023-01-02,4.7,1.8,3.6,0.0,제주,5.071428571428571,5.42,2023-01
2023-01-03,5.9,2.9,4.5,0.4,제주,4.971428571428571,5.34,2023-01
2023-01-04,6.3,2.8,4.5,0.0,제주,4.871428571428572,5.343333333333333,2023-01
2023-01-05,10.6,2.8,6.3,0.0,제주,5.142857142857143,5.33,2023-01
2023-01-06,10.7,2.0,6.8,1.6,제주,5.371428571428572,5.25,2023-01
2023-01-07,8.1,5.1,6.7,0.4,제주,5.585714285714286,5.180000000000001,2023-01
2023-01-08,12.1,2.6,6.9,0.0,제주,5.614285714285715,5.090000000000001,2023-01
2023-01-09,14.2,3.6,8.5,1.0,제주,6.314285714285715,5.0600000000000005,2023-01
2023-01-10,12.4,0.7,6.9,0.0,제주,6.6571428571428575,5.036666666666666,2023-01
2023-01-11,13.1,4.7,8.5,0.0,제주,7.228571428571429,5.069999999999999,2023-01
2023-01-12,16.5,6.3,11.9,11.2,제주,8.028571428571428,5.183333333333334,2023-01
2023-01-13,18.4,13.3,16.4,57.0,제주,9.4,5.623333333333333,2023-01
2023-01-14,13.9,8.2,10.3,9.2,제주,9.914285714285715,5.816666666666666,2023-01
2023-01-15,8.0,1.9,4.7,17.7,제주,9.6,5.823333333333333,2023-01
2023-01-16,2.7,0.9,1.9,2.9,제주,8.657142857142857,5.8066666666666675,2023-01
2023-01-17,3.5,1.8,2.6,2.5,제주,8.042857142857143,5.8566666666666665,2023-01
2023-01-18,5.0,2.8,4.0,4.6,제주,7.3999999999999995,5.843333333333334,2023-01
2023-01-19,6.4,3.5,4.7,0.0,제주,6.371428571428572,5.79,2023-01
2023-01-20,7.2,0.8,4.3,1.7,제주,4.642857142857143,5.67,2023-01
2023-01-21,3.5,-0.1,1.4,0.0,제주,3.3714285714285714,5.653333333333333,2023-01
2023-01-22,8.1,0.8,5.4,7.1,제주,3.4714285714285715,5.8133333333333335,2023-01
2023-01-23,8.3,4.0,6.7,4.6,제주,4.157142857142857,5.966666666666667,2023-01
2023-01-24,2.9,-4.3,-2.2,7.5,제주,3.4714285714285715,5.74,2023-01
2023-01-25,-0.2,-5.5,-2.6,3.2,제주,2.5285714285714285,5.486666666666666,2023-01
2023-01-26,7.2,-0.0,3.8,0.9,제주,2.4,5.4399999999999995,2023-01
2023-01-27,3.7,-0.3,1.4,11.8,제주,1.9857142857142855,5.3133333333333335,2023-01
2023-01-28,3.4,-0.7,0.8,5.3,제주,1.9000000000000001,5.1933333333333325,2023-01
2023-01-29,7.1,3.1,4.9,0.0,제주,1.8285714285714287,5.183333333333334,2023-01
2023-01-30,6.9,0.9,4.5,0.0,제주,1.5142857142857142,5.159999999999999,2023-01
2023-01-31,11.2,-0.8,4.9,0.0,제주,2.528571428571429,5.1,2023-01
2023-02-01,11.1,2.7,8.2,0.2,제주,4.071428571428571,5.253333333333333,2023-02
2023-02-02,4.4,0.2,2.5,0.0,제주,3.885714285714286,5.1866666666666665,2023-02
2023-02-03,4.4,1.6,2.9,0.0,제주,4.1,5.133333333333334,2023-02
2023-02-04,5.1,1.9,3.7,0.1,제주,4.514285714285714,5.046666666666667,2023-02
2023-02-05,8.4,1.9,4.6,0.0,제주,4.471428571428571,4.973333333333334,2023-02
2023-02-06,9.8,2.5,6.9,6.0,제주,4.814285714285715,4.98,2023-02
2023-02-07,11.0,4.3,8.2,0.1,제주,5.285714285714286,5.0233333333333325,2023-02
2023-02-08,9.1,1.9,6.0,0.0,제주,4.971428571428571,4.9399999999999995,2023-02
2023-02-09,12.3,4.0,8.5,11.4,제주,5.828571428571428,4.993333333333334,2023-02
2023-02-10,9.0,3.6,7.1,15.9,제주,6.428571428571429,4.946666666666667,2023-02
2023-02-11,10.4,3.2,7.7,1.6,제주,6.999999999999999,4.8066666666666675,2023-02
2023-02-12,12.8,8.5,10.3,31.0,제주,7.814285714285715,4.6033333333333335,2023-02
2023-02-13,9.9,5.8,8.1,14.3,제주,7.985714285714286,4.53,2023-02
2023-02-14,5.9,2.3,4.4,2.2,제주,7.442857142857143,4.52,2023-02
2023-02-15,5.9,1.8,4.1,2.3,제주,7.171428571428572,4.593333333333334,2023-02
2023-02-16,7.9,4.4,6.1,1.5,제주,6.828571428571428,4.709999999999999,2023-02
2023-02-17,12.7,3.9,8.9,5.8,제주,7.085714285714286,4.873333333333333,2023-02
2023-02-18,15.6,11.1,13.3,4.1,제주,7.885714285714286,5.159999999999999,2023-02
2023-02-19,12.9,3.0,7.3,7.7,제주,7.457142857142857,5.26,2023-02
2023-02-20,7.6,1.5,4.2,0.0,제주,6.8999999999999995,5.3533333333333335,2023-02
2023-02-21,3.4,-0.3,1.4,0.2,제주,6.471428571428571,5.22,2023-02
2023-02-22,9.4,-0.7,5.2,3.1,제주,6.628571428571428,5.17,2023-02
2023-02-23,7.4,4.8,6.1,7.5,제주,6.628571428571428,5.446666666666667,2023-02
2023-02-24,8.8,4.8,6.5,3.1,제주,6.285714285714286,5.75,2023-02
2023-02-25,4.4,2.1,3.3,0.0,제주,4.857142857142857,5.7333333333333325,2023-02
2023-02-26,6.1,0.1,3.6,0.0,제주,4.328571428571428,5.8066666666666675,2023-02
2023-02-27,10.4,0.9,6.2,0.0,제주,4.614285714285714,5.986666666666666,2023-02
2023-02-28,14.3,1.5,8.5,0.0,제주,5.628571428571428,6.1066666666666665,2023-02
2023-03-01,12.5,5.8,10.1,4.4,제주,6.328571428571429,6.293333333333333,2023-03
2023-03-02,5.4,2.9,4.4,0.0,제주,6.085714285714286,6.276666666666666,2023-03
2023-03-03,9.2,0.1,5.7,0.0,제주,5.971428571428572,6.1933333333333325,2023-03
2023-03-04,11.9,6.1,8.8,0.0,제주,6.757142857142857,6.403333333333333,2023-03
2023-03-05,13.7,3.2,9.0,0.0,제주,7.528571428571429,6.6066666666666665,2023-03
2023-03-06,15.5,6.0,10.2,0.0,제주,8.1,6.823333333333333,2023-03
2023-03-07,19.7,8.1,13.4,0.0,제주,8.8,7.116666666666666,2023-03
2023-03-08,17.6,9.1,13.4,0.0,제주,9.271428571428572,7.333333333333333,2023-03
2023-03-09,21.2,12.9,16.1,0.0,제주,10.942857142857141,7.596666666666667,2023-03
2023-03-10,19.7,12.2,15.6,0.0,제주,12.357142857142858,7.916666666666667,2023-03
2023-03-11,18.6,10.9,14.6,0.0,제주,13.185714285714285,8.120000000000001,2023-03
2023-03-12,17.8,4.2,10.9,11.7,제주,13.457142857142857,8.246666666666666,2023-03
2023-03-13,7.7,2.3,4.5,0.0,제주,12.642857142857142,8.139999999999999,2023-03
2023-03-14,13.7,2.2,8.3,0.0,제주,11.914285714285715,8.073333333333332,2023-03
2023-03-15,19.0,6.1,13.5,0.0,제주,11.928571428571429,8.253333333333334,2023-03
2023-03-16,11.5,5.5,9.0,0.1,제주,10.914285714285715,8.406666666666666,2023-03
2023-03-17,13.8,7.8,10.1,17.3,제주,10.12857142857143,8.606666666666666,2023-03
2023-03-18,10.8,6.7,8.8,0.9,제주,9.3,8.696666666666665,2023-03
2023-03-19,11.6,4.2,8.1,0.0,제주,8.9,8.67,2023-03
2023-03-20,14.4,4.4,10.2,0.0,제주,9.714285714285714,8.566666666666666,2023-03
2023-03-21,16.3,11.9,14.0,4.4,제주,10.528571428571428,8.79,2023-03
2023-03-22,20.6,12.8,16.7,2.3,제주,10.985714285714286,9.206666666666667,2023-03
2023-03-23,17.4,10.7,14.4,4.4,제주,11.757142857142856,9.639999999999999,2023-03
2023-03-24,12.2,8.9,10.5,14.1,제주,11.814285714285713,9.816666666666666,2023-03
2023-03-25,12.5,10.9,11.6,3.8,제주,12.214285714285714,10.0,2023-03
2023-03-26,11.6,6.8,9.4,2.6,제주,12.4,10.096666666666668,2023-03
2023-03-27,9.7,5.7,7.5,0.0,제주,12.014285714285714,10.236666666666668,2023-03
2023-03-28,13.7,3.8,9.8,0.0,제주,11.414285714285713,10.443333333333333,2023-03
2023-03-29,14.9,7.7,11.6,0.0,제주,10.685714285714285,10.623333333333333,2023-03
2023-03-30,17.0,7.7,12.9,0.0,제주,10.471428571428572,10.770000000000001,2023-03
2023-03-31,17.6,10.2,14.1,0.0,제주,10.985714285714286,10.903333333333332,2023-03
2023-04-01,18.9,12.3,15.1,0.0,제주,11.485714285714286,11.26,2023-04
2023-04-02,16.2,11.1,13.9,0.0,제주,12.12857142857143,11.533333333333333,2023-04
2023-04-03,17.3,11.8,14.2,0.0,제주,13.085714285714285,11.713333333333333,2023-04
2023-04-04,17.6,13.6,15.9,14.4,제주,13.957142857142857,11.943333333333333,2023-04
2023-04-05,17.9,10.6,16.0,67.4,제주,14.585714285714285,12.136666666666667,2023-04
2023-04-06,14.5,9.2,11.5,7.0,제주,14.385714285714286,12.073333333333332,2023-04
2023-04-07,12.7,7.9,10.2,5.4,제주,13.828571428571427,11.966666666666667,2023-04
2023-04-08,12.1,5.6,8.9,0.0,제주,12.942857142857141,11.726666666666665,2023-04
2023-04-09,14.9,7.7,11.0,0.0,제주,12.528571428571427,11.573333333333332,2023-04
2023-04-10,17.1,5.5,12.3,0.0,제주,12.257142857142858,11.496666666666666,2023-04
2023-04-11,22.0,10.9,17.2,0.1,제주,12.442857142857141,11.706666666666667,2023-04
2023-04-12,14.7,8.0,11.6,0.9,제주,11.814285714285715,11.943333333333333,2023-04
2023-04-13,19.3,7.2,13.8,0.0,제주,12.142857142857142,12.126666666666667,2023-04
2023-04-14,16.7,11.9,14.5,19.1,제주,12.757142857142856,12.16,2023-04
2023-04-15,14.1,10.8,12.9,3.2,제주,13.328571428571431,12.29,2023-04
2023-04-16,15.8,7.7,12.6,0.5,제주,13.557142857142859,12.373333333333333,2023-04
2023-04-17,19.2,6.7,13.9,0.0,제주,13.785714285714286,12.543333333333333,2023-04
2023-04-18,23.7,16.8,20.6,0.0,제주,14.271428571428572,12.96,2023-04
2023-04-19,22.3,15.3,19.7,0.3,제주,15.428571428571429,13.276666666666667,2023-04
2023-04-20,20.9,14.1,17.3,0.0,제주,15.928571428571429,13.386666666666667,2023-04
2023-04-21,18.9,14.4,16.1,0.0,제주,16.15714285714286,13.366666666666667,2023-04
2023-04-22,16.0,12.4,13.9,0.0,제주,16.3,13.35,2023-04
2023-04-23,14.5,11.9,13.1,0.0,제주,16.371428571428574,13.436666666666666,2023-04
2023-04-24,13.4,12.0,12.7,4.7,제주,16.2,13.473333333333334,2023-04
2023-04-25,13.2,11.1,12.3,6.3,제주,15.014285714285716,13.569999999999999,2023-04
2023-04-26,15.0,8.5,11.4,0.2,제주,13.828571428571427,13.7,2023-04
2023-04-27,15.9,7.0,12.0,0.0,제주,13.071428571428571,13.773333333333333,2023-04
2023-04-28,22.7,7.0,16.1,2.1,제주,13.071428571428571,13.923333333333336,2023-04
2023-04-29,22.2,11.3,16.7,9.4,제주,13.471428571428573,14.05,2023-04
2023-04-30,17.7,9.2,13.8,0.0,제주,13.571428571428571,14.040000000000001,2023-04
2023-05-01,18.9,13.1,16.1,0.0,제주,14.057142857142859,14.073333333333332,2023-05
2023-05-02,23.5,12.9,18.7,0.0,제주,14.971428571428572,14.233333333333333,2023-05
2023-05-03,21.1,13.5,17.4,20.5,제주,15.828571428571431,14.340000000000002,2023-05
2023-05-04,21.3,17.2,19.1,112.1,제주,16.842857142857145,14.446666666666665,2023-05
2023-05-05,22.3,20.9,21.5,56.4,제주,17.614285714285714,14.629999999999999,2023-05
2023-05-06,23.7,16.3,19.7,3.1,제주,18.04285714285714,14.903333333333334,2023-05
2023-05-07,16.7,12.4,14.1,20.2,제주,18.085714285714285,15.033333333333333,2023-05
2023-05-08,16.9,11.7,13.8,0.1,제주,17.75714285714286,15.196666666666667,2023-05
2023-05-09,18.3,11.1,15.1,0.0,제주,17.242857142857144,15.333333333333334,2023-05
2023-05-10,20.2,13.3,17.1,0.0,제주,17.2,15.493333333333334,2023-05
2023-05-11,21.6,14.9,18.3,0.0,제주,17.085714285714285,15.530000000000001,2023-05
2023-05-12,18.7,13.2,16.5,3.6,제주,16.371428571428574,15.693333333333333,2023-05
2023-05-13,16.4,13.7,15.2,9.0,제주,15.728571428571428,15.74,2023-05
2023-05-14,20.0,12.8,17.1,1.5,제주,16.15714285714286,15.826666666666666,2023-05
2023-05-15,24.6,14.0,19.5,0.0,제주,16.97142857142857,16.046666666666667,2023-05
2023-05-16,26.6,19.1,23.0,0.0,제주,18.1,16.393333333333334,2023-05
2023-05-17,26.6,19.0,22.3,0.7,제주,18.842857142857145,16.673333333333336,2023-05
2023-05-18,20.3,16.7,18.6,66.9,제주,18.885714285714283,16.606666666666666,2023-05
2023-05-19,20.7,16.1,17.7,7.9,제주,19.057142857142857,16.54,2023-05
2023-05-20,21.7,15.1,18.3,0.0,제주,19.5,16.573333333333334,2023-05
2023-05-21,20.5,14.3,17.3,0.0,제주,19.52857142857143,16.613333333333333,2023-05
2023-05-22,18.6,14.1,16.1,0.5,제주,19.042857142857144,16.686666666666667,2023-05
2023-05-23,20.1,12.0,16.8,0.0,제주,18.15714285714286,16.81,2023-05
2023-05-24,20.4,13.9,17.6,3.5,제주,17.485714285714288,16.973333333333333,2023-05
2023-05-25,23.4,16.2,19.4,0.0,제주,17.6,17.21,2023-05
2023-05-26,26.2,15.1,21.1,1.5,제주,18.085714285714285,17.533333333333335,2023-05
2023-05-27,24.1,19.1,21.4,0.7,제주,18.52857142857143,17.846666666666668,2023-05
2023-05-28,25.5,20.4,22.8,1.3,제주,19.314285714285713,18.07,2023-05
2023-05-29,27.6,22.5,24.6,1.1,제주,20.528571428571432,18.333333333333332,2023-05
2023-05-30,23.1,19.1,21.7,48.5,제주,21.228571428571428,18.596666666666668,2023-05
2023-05-31,22.8,18.3,20.1,9.3,제주,21.585714285714285,18.73,2023-05
2023-06-01,24.9,19.6,22.2,22.8,제주,21.985714285714288,18.846666666666668,2023-06
2023-06-02,23.2,18.1,21.0,3.2,제주,21.97142857142857,18.966666666666665,2023-06
2023-06-03,21.4,16.0,19.1,0.0,제주,21.642857142857142,18.966666666666665,2023-06
2023-06-04,23.8,18.7,21.1,0.0,제주,21.4,18.953333333333333,2023-06
2023-06-05,21.1,17.4,19.2,8.6,제주,20.62857142857143,18.936666666666667,2023-06
2023-06-06,20.9,16.5,18.4,31.5,제주,20.157142857142855,19.08,2023-06
2023-06-07,23.9,15.2,20.0,0.8,제주,20.142857142857142,19.28666666666667,2023-06
2023-06-08,25.3,18.1,20.4,2.1,제주,19.88571428571429,19.46333333333333,2023-06
2023-06-09,25.4,18.9,22.1,0.2,제주,20.042857142857144,19.63,2023-06
2023-06-10,28.7,18.3,22.7,0.0,제주,20.557142857142857,19.776666666666664,2023-06
2023-06-11,24.2,18.8,21.6,1.4,제주,20.62857142857143,19.946666666666665,2023-06
2023-06-12,23.6,20.2,21.6,3.9,제주,20.97142857142857,20.16,2023-06
2023-06-13,23.6,19.0,21.1,0.3,제주,21.357142857142858,20.293333333333337,2023-06
2023-06-14,24.3,17.9,21.1,4.7,제주,21.514285714285712,20.34666666666667,2023-06
2023-06-15,23.7,17.6,20.6,0.0,제주,21.542857142857144,20.266666666666666,2023-06
2023-06-16,24.2,16.5,21.3,0.3,제주,21.428571428571427,20.233333333333334,2023-06
2023-06-17,27.0,17.9,22.8,0.0,제주,21.442857142857147,20.37333333333333,2023-06
2023-06-18,24.6,20.6,21.8,0.6,제주,21.471428571428568,20.51,2023-06
2023-06-19,28.2,18.1,23.5,0.0,제주,21.74285714285714,20.683333333333334,2023-06
2023-06-20,25.5,21.6,23.8,2.0,제주,22.12857142857143,20.9,2023-06
2023-06-21,23.4,20.3,22.1,4.2,제주,22.271428571428572,21.1,2023-06
2023-06-22,24.2,19.5,21.8,0.6,제주,22.442857142857147,21.266666666666666,2023-06
2023-06-23,25.1,20.4,23.0,0.0,제주,22.685714285714287,21.446666666666665,2023-06
2023-06-24,26.5,20.9,23.3,0.4,제주,22.75714285714286,21.576666666666668,2023-06
2023-06-25,24.8,21.2,22.9,84.5,제주,22.914285714285715,21.636666666666667,2023-06
2023-06-26,27.0,23.3,25.7,4.7,제주,23.22857142857143,21.780000000000005,2023-06
2023-06-27,27.1,24.0,25.4,14.6,제주,23.457142857142856,21.866666666666667,2023-06
2023-06-28,30.3,24.9,27.3,0.6,제주,24.2,21.956666666666667,2023-06
2023-06-29,28.3,25.3,26.8,0.4,제주,24.914285714285715,22.12666666666667,2023-06
2023-06-30,27.3,24.8,26.2,35.8,제주,25.37142857142857,22.33,2023-06
2023-07-01,25.8,24.0,24.9,2.0,제주,25.6,22.42,2023-07
2023-07-02,28.1,23.5,25.6,9.3,제주,25.985714285714288,22.573333333333334,2023-07
2023-07-03,27.6,25.2,26.1,25.5,제주,26.04285714285714,22.80666666666667,2023-07
2023-07-04,29.5,24.4,27.2,14.1,제주,26.300000000000004,23.01,2023-07
2023-07-05,29.0,24.5,26.1,19.7,제주,26.12857142857143,23.24,2023-07
2023-07-06,28.0,23.3,25.2,0.0,제주,25.9,23.466666666666665,2023-07
2023-07-07,28.7,22.8,26.4,18.9,제주,25.928571428571427,23.68,2023-07
2023-07-08,28.5,25.7,27.2,23.4,제주,26.257142857142856,23.90666666666667,2023-07
2023-07-09,30.6,26.6,27.8,0.1,제주,26.571428571428573,24.096666666666668,2023-07
2023-07-10,32.1,26.0,28.4,0.7,제주,26.900000000000002,24.28666666666667,2023-07
2023-07-11,30.9,25.3,28.0,4.1,제주,27.014285714285712,24.5,2023-07
2023-07-12,31.0,26.7,28.5,0.0,제주,27.357142857142858,24.73,2023-07
2023-07-13,31.4,26.3,28.3,0.0,제주,27.8,24.970000000000002,2023-07
2023-07-14,29.3,27.3,28.2,0.9,제주,28.057142857142857,25.206666666666663,2023-07
2023-07-15,29.6,27.5,28.4,2.7,제주,28.22857142857143,25.466666666666665,2023-07
2023-07-16,30.3,25.3,27.5,14.2,제주,28.185714285714287,25.673333333333336,2023-07
2023-07-17,29.0,25.1,26.6,38.6,제주,27.928571428571427,25.8,2023-07
2023-07-18,28.4,25.5,26.8,37.9,제주,27.757142857142856,25.966666666666665,2023-07
2023-07-19,26.1,24.2,25.0,1.9,제주,27.257142857142856,26.016666666666666,2023-07
2023-07-20,27.8,24.1,25.7,1.1,제주,26.88571428571429,26.08,2023-07
2023-07-21,27.7,24.3,26.3,17.4,제주,26.61428571428571,26.220000000000002,2023-07
2023-07-22,28.7,25.6,26.8,29.9,제주,26.385714285714283,26.386666666666667,2023-07
2023-07-23,29.1,26.4,27.5,6.6,제주,26.385714285714283,26.53666666666667,2023-07
2023-07-24,27.4,25.9,26.7,34.0,제주,26.4,26.65,2023-07
2023-07-25,28.5,25.0,26.8,8.0,제주,26.400000000000002,26.779999999999998,2023-07
2023-07-26,29.5,24.9,27.0,16.4,제주,26.685714285714287,26.82333333333333,2023-07
2023-07-27,31.9,24.5,28.1,0.8,제주,27.02857142857143,26.913333333333334,2023-07
2023-07-28,29.4,25.8,27.6,3.9,제주,27.214285714285715,26.923333333333336,2023-07
2023-07-29,32.4,25.7,28.4,0.2,제주,27.442857142857143,26.976666666666667,2023-07
2023-07-30,30.8,23.9,27.5,1.4,제주,27.442857142857143,27.02,2023-07
2023-07-31,30.5,24.7,27.8,1.2,제주,27.6,27.116666666666667,2023-07
2023-08-01,30.8,26.4,28.3,0.2,제주,27.814285714285713,27.206666666666667,2023-08
2023-08-02,32.2,26.3,29.1,0.2,제주,28.114285714285717,27.30666666666667,2023-08
2023-08-03,32.1,26.0,28.9,0.7,제주,28.22857142857143,27.363333333333333,2023-08
2023-08-04,32.4,26.1,28.9,1.0,제주,28.41428571428571,27.456666666666667,2023-08
2023-08-05,30.5,26.6,28.6,1.7,제주,28.442857142857147,27.57,2023-08
2023-08-06,29.8,26.4,28.7,1.1,제주,28.614285714285717,27.646666666666665,2023-08
2023-08-07,30.2,27.0,28.5,8.4,제주,28.714285714285715,27.689999999999998,2023-08
2023-08-08,29.6,26.9,28.1,10.2,제주,28.685714285714283,27.7,2023-08
2023-08-09,27.9,26.0,26.9,64.9,제주,28.37142857142857,27.65,2023-08
2023-08-10,27.9,25.8,26.7,27.6,제주,28.057142857142853,27.60666666666667,2023-08
2023-08-11,30.8,24.7,27.6,0.0,제주,27.871428571428574,27.576666666666668,2023-08
2023-08-12,29.8,25.3,27.4,0.9,제주,27.699999999999996,27.546666666666667,2023-08
2023-08-13,30.4,25.7,28.0,1.3,제주,27.599999999999998,27.540000000000003,2023-08
2023-08-14,30.2,24.7,27.4,0.0,제주,27.442857142857143,27.506666666666664,2023-08
2023-08-15,28.7,25.3,27.0,0.1,제주,27.285714285714285,27.490000000000002,2023-08
2023-08-16,29.0,25.8,27.2,0.1,제주,27.328571428571426,27.51,2023-08
2023-08-17,29.2,24.6,26.7,4.1,제주,27.32857142857143,27.506666666666664,2023-08
2023-08-18,28.8,24.4,26.7,2.7,제주,27.199999999999996,27.563333333333333,2023-08
2023-08-19,29.3,25.8,27.2,4.6,제주,27.17142857142857,27.613333333333337,2023-08
2023-08-20,30.2,25.2,27.6,11.3,제주,27.114285714285717,27.656666666666663,2023-08
2023-08-21,30.6,24.9,27.9,8.5,제주,27.185714285714287,27.69333333333333,2023-08
2023-08-22,30.3,25.9,28.3,4.9,제주,27.37142857142857,27.720000000000002,2023-08
2023-08-23,29.1,26.2,27.8,18.6,제주,27.45714285714286,27.756666666666664,2023-08
2023-08-24,27.6,25.6,26.5,42.9,제주,27.428571428571427,27.746666666666666,2023-08
2023-08-25,29.1,24.5,26.6,0.3,제주,27.414285714285715,27.733333333333334,2023-08
2023-08-26,28.6,22.9,26.0,0.0,제주,27.24285714285714,27.663333333333334,2023-08
2023-08-27,30.1,22.5,26.6,1.6,제주,27.099999999999998,27.63,2023-08
2023-08-28,31.2,24.7,27.6,4.9,제주,27.05714285714286,27.603333333333335,2023-08
2023-08-29,29.9,26.2,27.6,14.8,제주,26.95714285714286,27.60666666666667,2023-08
2023-08-30,26.2,23.5,25.2,51.6,제주,26.585714285714285,27.52,2023-08
2023-08-31,26.2,23.6,24.8,0.9,제주,26.342857142857145,27.403333333333332,2023-08
2023-09-01,27.5,23.1,25.6,17.6,제주,26.2,27.286666666666665,2023-09
2023-09-02,28.5,25.3,26.8,13.0,제주,26.314285714285717,27.216666666666665,2023-09
2023-09-03,30.9,25.0,27.7,0.4,제주,26.47142857142857,27.176666666666666,2023-09
2023-09-04,28.7,24.4,26.6,0.2,제주,26.328571428571426,27.11,2023-09
2023-09-05,28.0,24.8,26.2,0.2,제주,26.12857142857143,27.026666666666667,2023-09
2023-09-06,28.3,23.8,26.4,0.0,제주,26.3,26.956666666666667,2023-09
2023-09-07,26.9,24.2,25.4,0.3,제주,26.385714285714283,26.866666666666667,2023-09
2023-09-08,26.5,23.1,24.8,0.0,제주,26.271428571428572,26.79666666666667,2023-09
2023-09-09,27.2,22.1,24.6,0.0,제주,25.957142857142856,26.726666666666667,2023-09
2023-09-10,26.7,21.1,24.3,0.3,제주,25.47142857142857,26.616666666666667,2023-09
2023-09-11,27.7,21.9,25.2,0.8,제주,25.271428571428572,26.543333333333333,2023-09
2023-09-12,28.1,22.1,25.3,2.8,제주,25.142857142857142,26.453333333333333,2023-09
2023-09-13,28.5,23.7,25.5,9.4,제주,25.014285714285716,26.39,2023-09
2023-09-14,26.5,23.5,24.9,14.3,제주,24.942857142857143,26.32,2023-09
2023-09-15,28.5,24.4,26.5,3.2,제주,25.185714285714283,26.296666666666667,2023-09
2023-09-16,27.9,24.7,26.0,12.3,제주,25.385714285714283,26.273333333333333,2023-09
2023-09-17,27.7,23.7,25.3,13.1,제주,25.52857142857143,26.226666666666667,2023-09
2023-09-18,27.3,22.2,24.9,1.2,제주,25.485714285714288,26.15,2023-09
2023-09-19,27.2,22.8,24.9,0.2,제주,25.428571428571427,26.060000000000002,2023-09
2023-09-20,28.4,23.1,26.0,3.0,제주,25.5,25.99666666666667,2023-09
2023-09-21,25.2,22.3,23.3,11.8,제주,25.271428571428572,25.83,2023-09
2023-09-22,23.6,21.0,22.6,5.2,제주,24.714285714285715,25.65666666666667,2023-09
2023-09-23,24.5,22.2,23.3,6.9,제주,24.32857142857143,25.55,2023-09
2023-09-24,25.1,22.6,23.8,0.3,제주,24.114285714285717,25.456666666666667,2023-09
2023-09-25,26.9,22.3,24.4,0.4,제주,24.04285714285714,25.403333333333332,2023-09
2023-09-26,26.9,22.7,24.8,0.1,제주,24.02857142857143,25.34333333333333,2023-09
2023-09-27,25.9,23.0,24.1,0.3,제주,23.757142857142856,25.226666666666667,2023-09
2023-09-28,24.8,22.2,23.4,4.6,제주,23.771428571428572,25.086666666666662,2023-09
2023-09-29,24.6,21.3,22.9,0.7,제주,23.814285714285717,25.01,2023-09
2023-09-30,21.4,18.0,19.9,15.0,제주,23.32857142857143,24.846666666666668,2023-09
2023-10-01,22.4,19.4,20.8,0.9,제주,22.9,24.686666666666667,2023-10
2023-10-02,22.1,18.8,20.2,0.0,제주,22.300000000000004,24.466666666666665,2023-10
2023-10-03,23.4,19.1,21.6,0.4,제주,21.842857142857145,24.263333333333335,2023-10
2023-10-04,22.8,18.6,20.7,0.0,제주,21.357142857142858,24.066666666666666,2023-10
2023-10-05,20.8,15.3,18.4,1.6,제주,20.642857142857142,23.806666666666665,2023-10
2023-10-06,19.3,14.8,17.4,0.0,제주,19.857142857142858,23.506666666666668,2023-10
2023-10-07,19.7,17.6,18.6,5.2,제주,19.67142857142857,23.279999999999998,2023-10
2023-10-08,22.0,18.4,20.1,4.9,제주,19.571428571428573,23.12333333333333,2023-10
2023-10-09,21.5,19.2,20.2,0.9,제주,19.571428571428573,22.97666666666667,2023-10
2023-10-10,20.5,17.7,19.1,1.3,제주,19.214285714285715,22.803333333333335,2023-10
2023-10-11,21.7,17.5,19.7,0.6,제주,19.071428571428573,22.62,2023-10
2023-10-12,21.2,18.4,19.6,0.0,제주,19.24285714285714,22.43,2023-10
2023-10-13,21.1,18.3,19.5,0.0,제주,19.542857142857144,22.23,2023-10
2023-10-14,21.4,16.0,19.2,0.4,제주,19.62857142857143,22.040000000000003,2023-10
2023-10-15,20.8,17.6,18.9,0.6,제주,19.457142857142856,21.78666666666667,2023-10
2023-10-16,20.9,15.6,18.3,0.0,제주,19.185714285714287,21.529999999999998,2023-10
2023-10-17,19.5,14.4,16.8,0.0,제주,18.857142857142858,21.24666666666667,2023-10
2023-10-18,21.5,15.2,18.1,0.0,제주,18.62857142857143,21.019999999999996,2023-10
2023-10-19,24.1,15.5,19.8,0.0,제주,18.657142857142855,20.85,2023-10
2023-10-20,20.0,14.2,15.9,5.5,제주,18.142857142857142,20.513333333333332,2023-10
2023-10-21,17.5,13.8,15.8,0.3,제주,17.65714285714286,20.263333333333332,2023-10
2023-10-22,18.9,12.7,16.3,0.0,제주,17.285714285714285,20.053333333333335,2023-10
2023-10-23,19.5,13.7,16.0,0.0,제주,16.95714285714286,19.810000000000002,2023-10
2023-10-24,21.2,12.9,17.6,0.0,제주,17.071428571428573,19.603333333333335,2023-10
2023-10-25,22.0,15.7,18.6,0.0,제주,17.142857142857142,19.41,2023-10
2023-10-26,22.5,17.3,19.6,1.0,제주,17.114285714285717,19.236666666666668,2023-10
2023-10-27,18.6,14.6,17.0,0.6,제주,17.271428571428572,19.0,2023-10
2023-10-28,18.7,13.1,16.1,0.0,제주,17.314285714285717,18.756666666666668,2023-10
2023-10-29,20.7,13.6,17.0,0.0,제주,17.414285714285715,18.56,2023-10
2023-10-30,21.9,13.2,17.4,0.0,제주,17.614285714285714,18.476666666666667,2023-10
2023-10-31,21.0,13.7,17.6,0.0,제주,17.614285714285717,18.37,2023-10
2023-11-01,26.1,15.3,20.1,0.0,제주,17.82857142857143,18.366666666666667,2023-11
2023-11-02,25.6,16.9,20.3,0.0,제주,17.928571428571427,18.32333333333333,2023-11
2023-11-03,24.6,17.5,20.5,2.9,제주,18.428571428571427,18.316666666666666,2023-11
2023-11-04,24.5,17.9,20.9,5.5,제주,19.114285714285717,18.4,2023-11
2023-11-05,23.3,19.1,21.4,4.4,제주,19.742857142857144,18.533333333333335,2023-11
2023-11-06,23.3,14.6,18.8,12.5,제주,19.942857142857143,18.540000000000003,2023-11
2023-11-07,15.6,11.9,13.8,0.5,제주,19.400000000000002,18.33,2023-11
2023-11-08,17.4,10.5,14.1,0.0,제주,18.542857142857144,18.126666666666665,2023-11
2023-11-09,21.5,13.2,17.9,3.5,제주,18.2,18.086666666666662,2023-11
2023-11-10,18.4,9.3,12.6,18.3,제주,17.071428571428573,17.85,2023-11
2023-11-11,10.4,7.5,9.4,0.8,제주,15.428571428571429,17.509999999999998,2023-11
2023-11-12,10.3,7.6,9.1,3.6,제주,13.671428571428573,17.163333333333334,2023-11
2023-11-13,9.9,6.4,8.3,4.7,제주,12.171428571428573,16.8,2023-11
2023-11-14,11.7,8.5,10.3,0.1,제주,11.671428571428569,16.513333333333335,2023-11
2023-11-15,14.2,9.8,11.7,0.4,제주,11.328571428571427,16.293333333333333,2023-11
2023-11-16,15.3,10.0,12.0,21.9,제주,10.485714285714286,16.133333333333333,2023-11
2023-11-17,11.6,6.6,9.1,11.4,제주,9.985714285714286,15.833333333333334,2023-11
2023-11-18,10.2,5.9,8.1,3.0,제주,9.799999999999999,15.443333333333332,2023-11
2023-11-19,15.1,9.8,12.8,0.0,제주,10.328571428571427,15.34,2023-11
2023-11-20,15.2,9.3,11.7,0.1,제주,10.814285714285715,15.203333333333331,2023-11
2023-11-21,16.4,8.0,12.1,0.0,제주,11.071428571428571,15.063333333333333,2023-11
2023-11-22,17.9,9.6,13.5,0.0,제주,11.328571428571427,14.979999999999999,2023-11
2023-11-23,19.5,12.2,16.7,1.4,제주,12.0,14.95,2023-11
2023-11-24,11.5,5.1,7.5,1.4,제주,11.771428571428572,14.58,2023-11
2023-11-25,6.9,3.8,5.4,0.0,제주,11.385714285714286,14.106666666666666,2023-11
2023-11-26,11.0,4.9,8.1,0.0,제주,10.714285714285714,13.81,2023-11
2023-11-27,15.1,8.9,12.5,3.8,제주,10.828571428571427,13.69,2023-11
2023-11-28,11.5,6.4,9.4,3.4,제주,10.442857142857145,13.436666666666667,2023-11
2023-11-29,11.8,8.4,10.3,1.2,제주,9.985714285714286,13.2,2023-11
2023-11-30,8.7,4.5,5.7,9.7,제주,8.414285714285715,12.803333333333335,2023-11
2023-12-01,7.6,4.3,5.9,8.6,제주,8.185714285714287,12.33,2023-12
2023-12-02,10.1,6.1,8.0,0.0,제주,8.557142857142859,11.919999999999998,2023-12
2023-12-03,11.4,6.0,9.3,0.0,제주,8.72857142857143,11.546666666666665,2023-12
2023-12-04,12.0,4.6,8.4,0.0,제주,8.142857142857142,11.129999999999999,2023-12
2023-12-05,13.4,7.6,10.4,0.0,제주,8.285714285714286,10.763333333333334,2023-12
2023-12-06,17.1,10.1,12.9,7.2,제주,8.657142857142857,10.566666666666666,2023-12
2023-12-07,13.1,8.3,10.2,0.5,제주,9.3,10.446666666666665,2023-12
2023-12-08,19.0,8.3,13.7,0.0,제주,10.414285714285713,10.433333333333332,2023-12
2023-12-09,19.0,13.0,15.8,0.0,제주,11.528571428571428,10.363333333333333,2023-12
2023-12-10,21.2,14.0,17.1,5.3,제주,12.642857142857142,10.513333333333334,2023-12
2023-12-11,20.4,14.6,17.0,13.4,제주,13.87142857142857,10.766666666666667,2023-12
2023-12-12,14.1,10.1,11.3,17.8,제주,14.0,10.840000000000002,2023-12
2023-12-13,17.3,10.9,13.8,2.4,제주,14.12857142857143,11.023333333333335,2023-12
2023-12-14,17.6,13.9,15.9,8.7,제주,14.942857142857141,11.21,2023-12
2023-12-15,19.9,10.3,15.3,10.6,제주,15.171428571428573,11.330000000000002,2023-12
2023-12-16,9.7,2.1,5.4,12.8,제주,13.685714285714285,11.110000000000001,2023-12
2023-12-17,3.3,0.7,1.6,6.9,제주,11.471428571428572,10.860000000000001,2023-12
2023-12-18,3.5,0.9,2.4,4.0,제주,9.385714285714286,10.67,2023-12
2023-12-19,6.7,3.0,5.1,4.9,제주,8.500000000000002,10.413333333333334,2023-12
2023-12-20,6.7,1.0,3.7,5.5,제주,7.057142857142857,10.146666666666668,2023-12
2023-12-21,1.7,-0.8,0.3,5.1,제주,4.828571428571429,9.753333333333334,2023-12
2023-12-22,1.8,-0.9,0.4,4.9,제주,2.6999999999999997,9.316666666666666,2023-12
2023-12-23,4.1,0.4,2.1,1.2,제주,2.2285714285714286,8.830000000000002,2023-12
2023-12-24,6.2,4.4,5.2,6.8,제주,2.7428571428571433,8.753333333333334,2023-12
2023-12-25,6.3,4.6,5.5,0.9,제주,3.1857142857142864,8.756666666666666,2023-12
2023-12-26,10.1,4.5,7.3,0.0,제주,3.5,8.73,2023-12
2023-12-27,11.1,6.3,8.8,0.0,제주,4.228571428571429,8.606666666666667,2023-12
2023-12-28,11.6,7.9,9.4,0.0,제주,5.528571428571429,8.606666666666666,2023-12
2023-12-29,8.8,3.7,7.0,0.0,제주,6.471428571428572,8.496666666666666,2023-12
2023-12-30,14.0,5.3,10.2,1.0,제주,7.628571428571428,8.646666666666668,2023-12
2023-12-31,13.0,6.9,9.3,6.8,제주,8.214285714285714,8.76,2023-12
2024-01-01,10.0,6.1,7.7,1.1,제주,8.528571428571428,8.75,2024-01
2024-01-02,11.5,8.2,9.3,1.7,제주,8.814285714285715,8.75,2024-01
2024-01-03,8.9,6.8,7.8,11.5,제주,8.671428571428573,8.729999999999999,2024-01
2024-01-04,10.1,3.2,7.1,0.0,제주,8.342857142857143,8.620000000000001,2024-01
2024-01-05,13.6,4.5,9.3,0.0,제주,8.671428571428573,8.5,2024-01
2024-01-06,10.0,5.3,7.9,1.5,제주,8.342857142857143,8.423333333333334,2024-01
2024-01-07,6.9,3.7,5.3,1.3,제주,7.771428571428571,8.143333333333334,2024-01
2024-01-08,5.8,0.9,3.7,0.0,제주,7.200000000000001,7.739999999999999,2024-01
2024-01-09,12.3,3.7,8.7,2.1,제주,7.114285714285714,7.46,2024-01
2024-01-10,9.1,3.8,6.0,10.2,제주,6.857142857142857,7.093333333333334,2024-01
2024-01-11,8.6,3.5,6.1,0.0,제주,6.714285714285714,6.920000000000001,2024-01
2024-01-12,12.2,5.3,9.4,0.0,제주,6.728571428571429,6.773333333333334,2024-01
2024-01-13,8.5,2.8,5.7,0.0,제주,6.414285714285714,6.433333333333334,2024-01
2024-01-14,15.7,4.3,9.7,1.4,제주,7.042857142857143,6.246666666666667,2024-01
2024-01-15,7.8,1.7,4.4,1.4,제주,7.142857142857143,6.213333333333334,2024-01
2024-01-16,9.4,0.6,5.7,0.0,제주,6.714285714285714,6.3500000000000005,2024-01
2024-01-17,15.4,6.5,10.9,0.0,제주,7.4142857142857155,6.633333333333334,2024-01
2024-01-18,14.9,9.2,12.3,10.7,제주,8.3,6.873333333333334,2024-01
2024-01-19,12.3,10.8,11.6,19.0,제주,8.614285714285716,7.136666666666667,2024-01
2024-01-20,12.7,10.0,12.0,30.5,제주,9.514285714285714,7.526666666666667,2024-01
2024-01-21,9.5,6.2,8.3,18.6,제주,9.314285714285715,7.790000000000001,2024-01
2024-01-22,5.7,-0.8,1.6,17.8,제주,8.914285714285715,7.773333333333334,2024-01
2024-01-23,0.7,-1.1,-0.2,5.4,제주,8.071428571428571,7.593333333333334,2024-01
2024-01-24,3.2,0.4,2.0,5.1,제주,6.799999999999999,7.4766666666666675,2024-01
2024-01-25,4.4,1.7,2.9,3.3,제주,5.457142857142857,7.33,2024-01
2024-01-26,6.0,4.0,5.1,1.6,제주,4.5285714285714285,7.206666666666667,2024-01
2024-01-27,7.3,4.0,5.8,0.2,제주,3.642857142857143,7.086666666666667,2024-01
2024-01-28,6.7,3.5,5.1,5.3,제주,3.1857142857142855,7.0233333333333325,2024-01
2024-01-29,7.8,2.1,4.8,0.0,제주,3.642857142857143,6.843333333333334,2024-01
2024-01-30,10.0,1.8,6.9,3.3,제주,4.6571428571428575,6.763333333333334,2024-01
2024-01-31,14.0,8.8,11.4,6.7,제주,6.0,6.886666666666668,2024-01
2024-02-01,11.4,8.7,9.7,17.0,제주,6.971428571428571,6.9,2024-02
2024-02-02,9.7,8.2,8.9,11.2,제주,7.514285714285714,6.9366666666666665,2024-02
2024-02-03,10.6,9.7,10.1,15.6,제주,8.12857142857143,7.036666666666666,2024-02
2024-02-04,12.6,9.5,10.7,7.5,제주,8.928571428571429,7.083333333333333,2024-02
2024-02-05,13.9,7.5,9.9,31.1,제주,9.657142857142858,7.15,2024-02
2024-02-06,7.4,5.9,6.6,4.3,제주,9.614285714285714,7.1933333333333325,2024-02
2024-02-07,6.3,3.8,4.9,1.1,제주,8.685714285714285,7.233333333333333,2024-02
2024-02-08,5.6,3.3,4.4,0.5,제주,7.928571428571429,7.09,2024-02
2024-02-09,6.4,4.5,5.3,0.1,제주,7.414285714285714,7.066666666666666,2024-02
2024-02-10,8.3,5.5,6.8,1.9,제주,6.942857142857142,7.09,2024-02
2024-02-11,10.0,5.7,7.5,0.0,제주,6.485714285714286,7.026666666666666,2024-02
2024-02-12,11.2,2.5,7.5,0.0,제주,6.142857142857143,7.086666666666667,2024-02
2024-02-13,16.6,5.1,10.6,0.0,제주,6.714285714285714,7.116666666666666,2024-02
2024-02-14,18.5,11.8,14.5,5.5,제주,8.085714285714285,7.453333333333333,2024-02
2024-02-15,15.1,4.2,10.0,5.1,제주,8.885714285714286,7.596666666666666,2024-02
2024-02-16,10.3,2.7,6.2,0.0,제주,9.014285714285714,7.44,2024-02
2024-02-17,14.6,4.2,8.5,0.0,제주,9.257142857142856,7.3133333333333335,2024-02
2024-02-18,18.5,7.0,14.0,16.8,제주,10.185714285714285,7.3933333333333335,2024-02
2024-02-19,18.5,10.0,15.6,11.3,제주,11.342857142857143,7.513333333333334,2024-02
2024-02-20,15.1,7.7,11.2,11.1,제주,11.428571428571429,7.609999999999999,2024-02
2024-02-21,15.8,12.3,13.5,22.2,제주,11.285714285714286,8.006666666666666,2024-02
2024-02-22,12.4,8.2,10.1,14.3,제주,11.3,8.35,2024-02
2024-02-23,8.1,7.0,7.6,14.3,제주,11.5,8.536666666666665,2024-02
2024-02-24,9.6,7.2,8.2,8.5,제주,11.457142857142857,8.713333333333335,2024-02
2024-02-25,8.2,5.8,7.5,16.2,제주,10.528571428571428,8.793333333333333,2024-02
2024-02-26,7.8,4.7,6.1,2.7,제주,9.171428571428573,8.803333333333333,2024-02
2024-02-27,10.5,6.0,8.2,0.2,제주,8.742857142857142,8.906666666666666,2024-02
2024-02-28,11.5,7.4,9.5,0.0,제주,8.17142857142857,9.063333333333333,2024-02
2024-02-29,10.1,6.5,8.3,26.3,제주,7.914285714285713,9.110000000000001,2024-02
2024-03-01,6.6,0.3,2.7,6.5,제주,7.214285714285714,8.819999999999999,2024-03
2024-03-02,5.3,0.8,2.8,2.9,제주,6.442857142857142,8.59,2024-03
2024-03-03,10.2,3.8,7.3,0.2,제주,6.414285714285714,8.536666666666665,2024-03
2024-03-04,13.5,5.8,9.6,4.8,제주,6.914285714285713,8.52,2024-03
2024-03-05,12.6,10.2,11.5,38.1,제주,7.385714285714286,8.546666666666665,2024-03
2024-03-06,10.6,7.9,9.4,3.1,제주,7.371428571428572,8.53,2024-03
2024-03-07,8.7,4.9,6.9,1.7,제주,7.171428571428571,8.54,2024-03
2024-03-08,7.8,4.5,6.2,2.3,제주,7.671428571428572,8.583333333333334,2024-03
2024-03-09,6.7,3.2,5.0,0.0,제주,7.985714285714287,8.603333333333333,2024-03
2024-03-10,9.6,3.5,6.5,0.0,제주,7.871428571428572,8.643333333333334,2024-03
2024-03-11,12.1,3.1,8.0,15.7,제주,7.642857142857143,8.683333333333334,2024-03
2024-03-12,11.1,6.1,8.7,5.7,제주,7.242857142857142,8.723333333333333,2024-03
2024-03-13,10.8,2.9,7.7,0.0,제주,7.0,8.729999999999999,2024-03
2024-03-14,12.3,6.5,9.4,0.0,제주,7.357142857142857,8.69,2024-03
2024-03-15,13.8,5.5,10.8,0.0,제주,8.014285714285714,8.566666666666666,2024-03
2024-03-16,16.1,8.0,12.6,0.2,제주,9.1,8.653333333333334,2024-03
2024-03-17,13.9,6.3,11.1,9.4,제주,9.757142857142856,8.816666666666666,2024-03
2024-03-18,14.7,4.3,9.9,0.0,제주,10.028571428571428,8.863333333333333,2024-03
2024-03-19,14.3,7.4,10.4,1.6,제주,10.271428571428572,8.743333333333334,2024-03
2024-03-20,8.9,4.8,6.7,0.0,제주,10.12857142857143,8.446666666666667,2024-03
2024-03-21,9.4,4.1,6.5,0.0,제주,9.714285714285714,8.290000000000001,2024-03
2024-03-22,17.3,5.3,12.2,1.3,제주,9.914285714285715,8.246666666666666,2024-03
2024-03-23,18.1,15.5,16.9,1.5,제주,10.528571428571428,8.473333333333334,2024-03
2024-03-24,16.2,13.5,15.2,29.1,제주,11.114285714285714,8.726666666666667,2024-03
2024-03-25,16.2,13.3,14.6,78.1,제주,11.785714285714283,8.94,2024-03
2024-03-26,13.9,8.7,10.5,18.6,제주,11.799999999999999,9.04,2024-03
2024-03-27,16.9,7.3,12.0,1.3,제주,12.557142857142855,9.236666666666666,2024-03
2024-03-28,16.3,11.0,13.2,20.3,제주,13.514285714285714,9.403333333333332,2024-03
2024-03-29,20.2,10.3,14.6,0.4,제주,13.857142857142858,9.573333333333332,2024-03
2024-03-30,24.2,11.0,17.1,0.0,제주,13.885714285714286,9.866666666666667,2024-03
2024-03-31,18.6,9.6,14.1,0.0,제주,13.728571428571428,10.246666666666666,2024-03
2024-04-01,17.8,10.1,14.5,0.0,제주,13.714285714285714,10.636666666666665,2024-04
2024-04-02,18.5,12.2,15.6,31.7,제주,14.442857142857145,10.913333333333334,2024-04
2024-04-03,20.2,13.6,17.5,17.5,제주,15.22857142857143,11.176666666666668,2024-04
2024-04-04,16.5,13.1,14.7,3.3,제주,15.442857142857141,11.283333333333333,2024-04
2024-04-05,16.3,12.7,14.3,0.0,제주,15.400000000000002,11.446666666666667,2024-04
2024-04-06,15.7,10.5,13.6,0.7,제주,14.9,11.669999999999998,2024-04
2024-04-07,18.5,12.9,16.3,0.0,제주,15.214285714285714,12.006666666666666,2024-04
2024-04-08,18.6,14.3,16.0,5.2,제주,15.428571428571429,12.373333333333333,2024-04
2024-04-09,16.6,11.4,13.9,0.1,제주,15.185714285714285,12.620000000000001,2024-04
2024-04-10,17.5,10.8,14.1,0.0,제주,14.700000000000001,12.823333333333332,2024-04
2024-04-11,18.8,11.9,15.1,6.1,제주,14.757142857142858,13.036666666666667,2024-04
2024-04-12,19.8,12.5,16.4,0.1,제주,15.057142857142859,13.326666666666666,2024-04
2024-04-13,20.8,14.6,17.4,0.0,제주,15.6,13.593333333333332,2024-04
2024-04-14,22.0,12.8,17.8,1.8,제주,15.814285714285715,13.826666666666664,2024-04
2024-04-15,21.5,13.4,18.0,31.9,제주,16.099999999999998,14.006666666666666,2024-04
2024-04-16,18.8,12.8,15.4,0.0,제주,16.314285714285713,14.15,2024-04
2024-04-17,16.6,13.0,15.2,0.0,제주,16.47142857142857,14.326666666666666,2024-04
2024-04-18,17.6,11.2,15.1,0.0,제주,16.47142857142857,14.483333333333333,2024-04
2024-04-19,20.8,12.7,17.6,0.0,제주,16.642857142857142,14.846666666666666,2024-04
2024-04-20,19.9,15.2,17.2,16.8,제주,16.614285714285714,15.203333333333331,2024-04
2024-04-21,16.9,14.5,15.5,1.1,제주,16.285714285714285,15.313333333333333,2024-04
2024-04-22,20.1,15.5,16.9,0.3,제주,16.12857142857143,15.313333333333334,2024-04
2024-04-23,17.2,14.8,15.7,5.7,제주,16.17142857142857,15.33,2024-04
2024-04-24,17.0,12.2,15.0,0.4,제주,16.142857142857142,15.343333333333334,2024-04
2024-04-25,18.4,10.5,15.3,0.0,제주,16.17142857142857,15.503333333333334,2024-04
2024-04-26,19.6,14.6,16.3,1.6,제주,15.985714285714284,15.646666666666667,2024-04
2024-04-27,21.1,13.7,17.8,0.0,제주,16.071428571428573,15.8,2024-04
2024-04-28,20.9,15.6,19.1,5.7,제주,16.585714285714285,15.95,2024-04
2024-04-29,21.5,15.8,18.8,28.2,제주,16.857142857142858,16.006666666666668,2024-04
2024-04-30,17.6,13.6,15.6,2.1,제주,16.842857142857145,16.056666666666665,2024-04
2024-05-01,16.4,13.1,14.7,1.3,제주,16.8,16.063333333333336,2024-05
2024-05-02,17.6,13.4,15.3,0.0,제주,16.8,16.05333333333333,2024-05
2024-05-03,19.7,12.8,16.3,0.0,제주,16.8,16.013333333333332,2024-05
2024-05-04,23.2,12.8,19.1,1.9,제주,16.985714285714288,16.16,2024-05
2024-05-05,22.6,19.8,21.3,101.6,제주,17.3,16.393333333333334,2024-05
2024-05-06,20.0,15.9,17.9,1.9,제주,17.17142857142857,16.53666666666667,2024-05
2024-05-07,19.2,14.6,16.5,0.0,제주,17.3,16.543333333333333,2024-05
2024-05-08,15.3,13.5,14.3,8.6,제주,17.242857142857144,16.486666666666668,2024-05
2024-05-09,18.0,12.4,15.3,0.0,제주,17.242857142857144,16.533333333333335,2024-05
2024-05-10,19.9,13.9,17.1,0.0,제주,17.357142857142858,16.633333333333333,2024-05
2024-05-11,23.8,14.0,18.9,5.8,제주,17.32857142857143,16.76,2024-05
2024-05-12,19.6,13.9,17.1,1.3,제주,16.72857142857143,16.783333333333335,2024-05
2024-05-13,19.1,12.3,16.2,0.0,제주,16.485714285714288,16.743333333333332,2024-05
2024-05-14,20.1,15.3,17.9,0.0,제주,16.685714285714287,16.746666666666666,2024-05
2024-05-15,20.9,12.6,16.6,3.7,제주,17.014285714285712,16.7,2024-05
2024-05-16,20.0,14.3,17.2,0.0,제주,17.285714285714285,16.76,2024-05
2024-05-17,24.9,15.8,20.2,0.0,제주,17.728571428571428,16.926666666666666,2024-05
2024-05-18,22.6,14.3,18.8,0.0,제주,17.714285714285715,17.05,2024-05
2024-05-19,23.6,14.9,19.9,0.0,제주,18.114285714285714,17.126666666666665,2024-05
2024-05-20,23.3,16.0,20.3,0.0,제주,18.699999999999996,17.23,2024-05
2024-05-21,23.7,17.3,20.5,0.0,제주,19.071428571428573,17.396666666666665,2024-05
2024-05-22,24.2,17.4,20.3,0.0,제주,19.6,17.509999999999998,2024-05
2024-05-23,22.3,17.9,20.4,0.0,제주,20.057142857142857,17.666666666666668,2024-05
2024-05-24,23.4,17.9,20.4,0.0,제주,20.085714285714285,17.846666666666668,2024-05
2024-05-25,25.1,17.6,21.1,0.0,제주,20.414285714285715,18.040000000000003,2024-05
2024-05-26,26.1,17.4,22.1,4.3,제주,20.728571428571428,18.233333333333334,2024-05
2024-05-27,23.0,17.8,20.2,6.4,제주,20.714285714285715,18.313333333333333,2024-05
2024-05-28,20.5,15.4,18.3,0.7,제주,20.400000000000002,18.28666666666667,2024-05
2024-05-29,23.7,15.1,19.4,0.0,제주,20.271428571428572,18.30666666666667,2024-05
2024-05-30,22.8,15.9,19.6,0.3,제주,20.157142857142855,18.44,2024-05
2024-05-31,20.3,17.6,18.9,4.8,제주,19.942857142857143,18.58,2024-05
2024-06-01,20.1,16.8,18.4,0.2,제주,19.557142857142857,18.683333333333334,2024-06
2024-06-02,22.3,16.5,19.3,0.0,제주,19.157142857142855,18.783333333333335,2024-06
2024-06-03,24.6,18.6,21.5,0.0,제주,19.342857142857145,18.863333333333337,2024-06
2024-06-04,23.1,15.8,19.9,0.0,제주,19.571428571428573,18.816666666666666,2024-06
2024-06-05,23.0,17.7,20.0,0.0,제주,19.657142857142855,18.886666666666667,2024-06
2024-06-06,21.5,18.4,20.0,2.9,제주,19.714285714285715,19.003333333333334,2024-06
2024-06-07,24.9,16.9,21.2,0.9,제주,20.04285714285714,19.233333333333334,2024-06
2024-06-08,22.3,19.8,21.0,26.9,제주,20.414285714285715,19.423333333333332,2024-06
2024-06-09,22.5,19.5,20.6,0.2,제주,20.599999999999998,19.54,2024-06
2024-06-10,24.8,18.9,22.4,0.0,제주,20.728571428571428,19.656666666666663,2024-06
2024-06-11,23.7,19.4,22.1,0.0,제주,21.042857142857144,19.82333333333333,2024-06
2024-06-12,23.2,18.8,21.3,0.2,제주,21.228571428571428,19.993333333333336,2024-06
2024-06-13,24.9,19.5,22.5,0.0,제주,21.585714285714285,20.14666666666667,2024-06
2024-06-14,27.3,20.4,23.9,1.2,제주,21.97142857142857,20.39,2024-06
2024-06-15,25.8,19.7,23.3,1.7,제주,22.300000000000004,20.59333333333333,2024-06
2024-06-16,25.3,21.2,22.9,2.0,제주,22.628571428571426,20.683333333333334,2024-06
2024-06-17,23.3,19.1,21.9,1.1,제주,22.557142857142857,20.78666666666667,2024-06
2024-06-18,26.8,17.9,22.9,0.0,제주,22.67142857142857,20.886666666666667,2024-06
2024-06-19,27.2,21.6,25.1,0.8,제주,23.214285714285715,21.04666666666667,2024-06
2024-06-20,24.3,20.7,22.7,90.1,제주,23.24285714285714,21.12,2024-06
2024-06-21,26.9,20.8,24.2,1.1,제주,23.285714285714285,21.25,2024-06
2024-06-22,28.3,23.6,25.9,33.3,제주,23.657142857142855,21.433333333333334,2024-06
2024-06-23,27.1,23.3,25.1,31.7,제주,23.97142857142857,21.59,2024-06
2024-06-24,28.6,23.2,25.2,0.1,제주,24.442857142857143,21.726666666666667,2024-06
2024-06-25,23.9,20.9,22.2,1.2,제주,24.342857142857145,21.73,2024-06
2024-06-26,25.9,20.5,22.7,0.0,제주,24.0,21.813333333333336,2024-06
2024-06-27,24.6,20.3,22.5,54.3,제주,23.97142857142857,21.95333333333333,2024-06
2024-06-28,26.2,21.8,23.9,9.8,제주,23.928571428571427,22.103333333333335,2024-06
2024-06-29,27.3,22.6,25.1,37.9,제주,23.814285714285713,22.286666666666665,2024-06
2024-06-30,27.5,25.3,26.2,40.2,제주,23.971428571428568,22.529999999999998,2024-06
2024-07-01,26.8,24.1,25.2,17.4,제주,23.97142857142857,22.756666666666668,2024-07
2024-07-02,29.9,24.8,27.4,0.2,제주,24.714285714285715,23.026666666666664,2024-07
2024-07-03,30.2,26.7,28.0,1.6,제주,25.47142857142857,23.243333333333332,2024-07
2024-07-04,30.6,25.9,28.1,1.7,제주,26.271428571428572,23.516666666666666,2024-07
2024-07-05,30.5,25.9,28.4,3.0,제주,26.91428571428571,23.796666666666667,2024-07
2024-07-06,32.3,26.3,28.9,0.0,제주,27.457142857142856,24.09333333333333,2024-07
2024-07-07,31.3,27.4,28.8,0.0,제주,27.82857142857143,24.346666666666668,2024-07
2024-07-08,32.0,26.6,28.9,0.0,제주,28.357142857142858,24.610000000000003,2024-07
2024-07-09,31.8,27.1,28.8,0.0,제주,28.557142857142857,24.883333333333333,2024-07
2024-07-10,27.7,23.2,26.5,33.4,제주,28.342857142857138,25.02,2024-07
2024-07-11,24.7,22.6,23.4,12.1,제주,27.67142857142857,25.063333333333333,2024-07
2024-07-12,25.8,21.8,23.6,0.4,제주,26.985714285714288,25.139999999999997,2024-07
2024-07-13,27.4,22.0,24.7,21.7,제주,26.38571428571429,25.21333333333333,2024-07
2024-07-14,29.9,24.0,26.5,28.6,제주,26.057142857142857,25.3,2024-07
2024-07-15,28.4,24.5,26.5,17.9,제주,25.714285714285715,25.40666666666667,2024-07
2024-07-16,31.5,25.9,28.2,0.9,제주,25.62857142857143,25.583333333333332,2024-07
2024-07-17,31.0,25.9,28.3,1.8,제주,25.88571428571429,25.796666666666667,2024-07
2024-07-18,29.8,26.6,28.3,3.1,제주,26.585714285714285,25.976666666666667,2024-07
2024-07-19,31.9,26.5,28.7,11.5,제주,27.314285714285717,26.096666666666668,2024-07
2024-07-20,32.5,26.8,29.4,0.1,제주,27.985714285714284,26.32,2024-07
2024-07-21,30.9,27.5,29.2,1.0,제주,28.37142857142857,26.486666666666665,2024-07
2024-07-22,32.3,26.1,29.2,0.2,제주,28.757142857142856,26.596666666666668,2024-07
2024-07-23,32.2,27.0,29.3,2.4,제주,28.914285714285715,26.736666666666665,2024-07
2024-07-24,30.2,26.1,28.4,13.1,제주,28.928571428571427,26.843333333333337,2024-07
2024-07-25,32.1,26.9,28.7,12.6,제주,28.985714285714288,27.06,2024-07
2024-07-26,29.0,27.1,27.9,22.7,제주,28.87142857142857,27.23333333333333,2024-07
2024-07-27,30.8,27.2,28.7,14.6,제주,28.771428571428572,27.44,2024-07
2024-07-28,32.2,26.2,29.2,2.1,제주,28.77142857142857,27.616666666666667,2024-07
2024-07-29,32.4,26.0,29.0,0.3,제주,28.74285714285714,27.74666666666667,2024-07
2024-07-30,31.0,26.4,28.8,0.0,제주,28.67142857142857,27.833333333333332,2024-07
2024-07-31,30.6,26.1,28.5,3.8,제주,28.685714285714287,27.94333333333333,2024-07
2024-08-01,32.1,26.5,29.2,1.1,제주,28.757142857142856,28.003333333333334,2024-08
2024-08-02,31.4,27.4,29.6,0.0,제주,29.0,28.056666666666665,2024-08
2024-08-03,31.5,28.1,30.0,0.0,제주,29.185714285714287,28.119999999999997,2024-08
2024-08-04,31.2,28.5,29.8,0.2,제주,29.271428571428572,28.166666666666668,2024-08
2024-08-05,32.4,27.8,29.9,4.6,제주,29.400000000000002,28.2,2024-08
2024-08-06,31.6,26.5,29.2,4.0,제주,29.457142857142856,28.213333333333335,2024-08
2024-08-07,31.1,27.5,29.4,0.0,제주,29.585714285714285,28.23,2024-08
2024-08-08,30.6,26.7,28.6,0.6,제주,29.5,28.223333333333336,2024-08
2024-08-09,30.7,27.2,28.9,0.0,제주,29.4,28.303333333333335,2024-08
2024-08-10,31.9,26.7,29.4,0.3,제주,29.314285714285713,28.503333333333334,2024-08
2024-08-11,31.5,26.3,28.9,3.2,제주,29.185714285714287,28.68,2024-08
2024-08-12,31.5,26.2,28.7,0.0,제주,29.014285714285712,28.813333333333333,2024-08
2024-08-13,30.3,26.1,28.3,0.0,제주,28.88571428571429,28.87333333333333,2024-08
2024-08-14,30.0,25.6,27.9,3.5,제주,28.67142857142857,28.919999999999998,2024-08
2024-08-15,30.3,25.6,27.9,2.0,제주,28.571428571428573,28.910000000000004,2024-08
2024-08-16,30.2,25.5,27.6,3.8,제주,28.385714285714283,28.886666666666663,2024-08
2024-08-17,30.7,24.9,27.4,9.9,제주,28.099999999999998,28.85666666666667,2024-08
2024-08-18,30.6,25.6,27.7,2.2,제주,27.928571428571427,28.82333333333333,2024-08
2024-08-19,32.2,25.2,28.7,1.0,제주,27.928571428571427,28.8,2024-08
2024-08-20,31.3,26.4,28.9,17.9,제주,28.014285714285712,28.790000000000003,2024-08
2024-08-21,32.1,27.9,29.9,4.9,제주,28.3,28.813333333333333,2024-08
2024-08-22,31.7,27.1,29.3,4.1,제주,28.5,28.813333333333336,2024-08
2024-08-23,30.6,27.0,28.6,0.0,제주,28.642857142857142,28.819999999999997,2024-08
2024-08-24,30.2,25.5,28.1,0.8,제주,28.74285714285714,28.8,2024-08
2024-08-25,30.5,25.7,28.1,0.0,제주,28.800000000000004,28.80666666666667,2024-08
2024-08-26,30.7,25.5,28.3,1.3,제주,28.74285714285714,28.793333333333333,2024-08
2024-08-27,31.4,25.8,28.4,4.5,제주,28.67142857142857,28.766666666666666,2024-08
2024-08-28,28.0,25.6,26.9,20.6,제주,28.242857142857144,28.696666666666665,2024-08
2024-08-29,29.5,25.9,27.5,10.0,제주,27.985714285714288,28.653333333333332,2024-08
2024-08-30,29.1,25.7,27.1,0.0,제주,27.771428571428572,28.60666666666667,2024-08
2024-08-31,28.1,23.2,25.9,0.4,제주,27.45714285714286,28.496666666666666,2024-08
2024-09-01,29.0,22.9,26.1,0.0,제주,27.17142857142857,28.380000000000003,2024-09
2024-09-02,27.8,23.3,25.9,0.0,제주,26.82857142857143,28.243333333333336,2024-09
2024-09-03,30.2,24.4,26.6,6.2,제주,26.571428571428573,28.136666666666667,2024-09
2024-09-04,30.0,25.1,27.3,1.1,제주,26.62857142857143,28.05,2024-09
2024-09-05,29.6,23.6,26.6,1.0,제주,26.5,27.96333333333333,2024-09
2024-09-06,29.7,25.4,27.5,4.4,제주,26.557142857142857,27.9,2024-09
2024-09-07,29.9,25.4,27.5,6.7,제주,26.785714285714285,27.863333333333333,2024-09
2024-09-08,29.3,25.3,27.4,2.3,제주,26.97142857142857,27.813333333333333,2024-09
2024-09-09,30.2,25.0,27.6,0.5,제주,27.214285714285715,27.753333333333334,2024-09
2024-09-10,31.3,27.1,28.6,4.6,제주,27.5,27.743333333333336,2024-09
2024-09-11,30.3,27.1,28.4,11.9,제주,27.657142857142855,27.733333333333334,2024-09
2024-09-12,31.0,26.2,28.5,2.7,제주,27.928571428571427,27.740000000000002,2024-09
2024-09-13,30.4,24.9,27.8,1.6,제주,27.97142857142857,27.736666666666668,2024-09
2024-09-14,30.5,25.9,28.1,0.0,제주,28.057142857142857,27.743333333333332,2024-09
2024-09-15,31.5,26.4,28.6,9.7,제주,28.228571428571428,27.776666666666667,2024-09
2024-09-16,31.0,26.9,28.5,5.4,제주,28.357142857142858,27.813333333333333,2024-09
2024-09-17,29.9,26.1,28.0,11.4,제주,28.271428571428572,27.823333333333334,2024-09
2024-09-18,33.1,26.8,29.3,0.0,제주,28.400000000000002,27.84333333333333,2024-09
2024-09-19,31.5,26.7,28.4,23.2,제주,28.385714285714283,27.826666666666664,2024-09
2024-09-20,29.3,26.9,27.8,21.5,제주,28.385714285714283,27.756666666666668,2024-09
2024-09-21,29.2,25.7,27.4,23.8,제주,28.285714285714285,27.693333333333335,2024-09
2024-09-22,25.3,22.9,24.2,44.7,제주,27.657142857142855,27.54666666666667,2024-09
2024-09-23,25.0,22.3,23.4,6.8,제주,26.928571428571427,27.39,2024-09
2024-09-24,25.6,21.8,23.5,0.3,제주,26.285714285714285,27.236666666666668,2024-09
2024-09-25,27.0,23.5,25.0,1.6,제주,25.67142857142857,27.12666666666667,2024-09
2024-09-26,27.3,23.1,25.1,0.0,제주,25.2,27.016666666666666,2024-09
2024-09-27,25.1,22.4,23.8,1.3,제주,24.62857142857143,26.913333333333334,2024-09
2024-09-28,26.3,22.6,24.3,1.7,제주,24.185714285714287,26.806666666666665,2024-09
2024-09-29,26.0,22.8,24.3,0.2,제주,24.2,26.71333333333333,2024-09
2024-09-30,26.6,22.6,24.2,0.0,제주,24.314285714285713,26.656666666666663,2024-09
2024-10-01,27.2,18.8,22.7,24.9,제주,24.2,26.543333333333333,2024-10
2024-10-02,20.0,17.6,18.9,0.8,제주,23.32857142857143,26.31,2024-10
2024-10-03,20.0,17.1,18.7,0.9,제주,22.414285714285715,26.046666666666667,2024-10
2024-10-04,22.6,17.4,20.0,0.9,제주,21.87142857142857,25.803333333333335,2024-10
2024-10-05,22.8,19.6,21.3,0.2,제주,21.442857142857147,25.626666666666665,2024-10
2024-10-06,22.5,17.4,20.8,13.8,제주,20.942857142857143,25.403333333333332,2024-10
2024-10-07,19.2,16.9,18.2,11.7,제주,20.085714285714285,25.09333333333333,2024-10
2024-10-08,21.3,17.3,19.4,4.0,제주,19.61428571428571,24.826666666666664,2024-10
2024-10-09,20.9,16.6,19.2,13.4,제주,19.657142857142855,24.546666666666667,2024-10
2024-10-10,22.1,18.5,20.0,12.0,제주,19.842857142857145,24.259999999999998,2024-10
2024-10-11,22.0,17.6,19.9,0.5,제주,19.82857142857143,23.976666666666667,2024-10
2024-10-12,23.9,17.1,20.7,0.0,제주,19.74285714285714,23.716666666666665,2024-10
2024-10-13,23.8,19.5,21.5,0.1,제주,19.842857142857138,23.506666666666668,2024-10
2024-10-14,25.6,18.8,22.2,8.7,제주,20.414285714285715,23.31,2024-10
2024-10-15,25.3,20.8,22.7,5.5,제주,20.885714285714283,23.113333333333333,2024-10
2024-10-16,24.2,19.6,22.0,0.0,제주,21.285714285714285,22.896666666666665,2024-10
2024-10-17,23.9,22.1,22.8,1.1,제주,21.685714285714287,22.723333333333333,2024-10
2024-10-18,27.2,22.8,24.9,1.4,제주,22.400000000000002,22.576666666666664,2024-10
2024-10-19,25.2,18.5,21.6,28.8,제주,22.528571428571432,22.35,2024-10
2024-10-20,19.4,17.8,18.6,7.8,제주,22.114285714285717,22.043333333333333,2024-10
2024-10-21,24.3,19.2,21.4,24.1,제주,22.0,21.84333333333333,2024-10
2024-10-22,24.2,20.0,22.0,10.2,제주,21.900000000000002,21.769999999999996,2024-10
2024-10-23,19.5,13.7,16.7,8.3,제주,21.142857142857142,21.546666666666667,2024-10
2024-10-24,18.1,13.1,15.8,0.0,제주,20.142857142857142,21.29,2024-10
2024-10-25,22.7,17.4,20.7,0.0,제주,19.542857142857144,21.146666666666665,2024-10
2024-10-26,21.8,20.6,21.2,3.0,제주,19.485714285714288,21.016666666666666,2024-10
2024-10-27,21.2,17.2,19.4,21.2,제주,19.599999999999998,20.87,2024-10
2024-10-28,18.3,16.4,17.4,3.8,제주,19.02857142857143,20.64,2024-10
2024-10-29,21.9,16.9,19.0,5.2,제주,18.599999999999998,20.46333333333333,2024-10
2024-10-30,19.9,18.0,18.8,0.0,제주,18.900000000000002,20.283333333333335,2024-10
2024-10-31,21.7,19.1,20.2,0.7,제주,19.52857142857143,20.2,2024-10
2024-11-01,20.8,17.7,19.6,181.8,제주,19.37142857142857,20.223333333333336,2024-11
2024-11-02,20.2,18.2,19.5,34.8,제주,19.12857142857143,20.25,2024-11
2024-11-03,21.5,16.7,19.1,0.0,제주,19.085714285714285,20.219999999999995,2024-11
2024-11-04,21.5,15.1,17.6,2.0,제주,19.114285714285717,20.096666666666668,2024-11
2024-11-05,15.3,13.0,14.0,0.2,제주,18.400000000000002,19.869999999999997,2024-11
2024-11-06,14.6,10.8,13.0,0.6,제주,17.571428571428573,19.696666666666665,2024-11
2024-11-07,17.2,8.4,13.1,0.0,제주,16.557142857142857,19.486666666666668,2024-11
2024-11-08,19.6,14.8,17.2,0.5,제주,16.214285714285715,19.42,2024-11
2024-11-09,19.5,16.5,17.8,0.0,제주,15.971428571428573,19.346666666666668,2024-11
2024-11-10,19.3,17.9,18.5,29.7,제주,15.885714285714286,19.3,2024-11
2024-11-11,18.6,14.5,16.8,0.0,제주,15.77142857142857,19.169999999999998,2024-11
2024-11-12,18.1,13.6,16.1,0.3,제주,16.071428571428573,18.99,2024-11
2024-11-13,22.1,13.0,17.5,0.0,제주,16.714285714285715,18.833333333333332,2024-11
2024-11-14,22.4,16.2,18.6,0.0,제주,17.5,18.696666666666665,2024-11
2024-11-15,22.1,16.7,19.3,10.0,제주,17.8,18.60666666666667,2024-11
2024-11-16,24.1,18.5,20.3,1.8,제주,18.157142857142855,18.523333333333333,2024-11
2024-11-17,18.5,11.4,15.1,11.2,제주,17.67142857142857,18.196666666666665,2024-11
2024-11-18,11.5,7.6,9.3,0.4,제주,16.6,17.78666666666667,2024-11
2024-11-19,15.6,7.6,12.7,0.5,제주,16.114285714285714,17.59,2024-11
2024-11-20,13.2,11.8,12.2,10.9,제주,15.35714285714286,17.283333333333335,2024-11
2024-11-21,15.3,11.7,13.2,0.1,제주,14.585714285714285,16.99,2024-11
2024-11-22,14.4,9.7,12.5,0.7,제주,13.614285714285714,16.85,2024-11
2024-11-23,11.8,8.9,10.3,0.0,제주,12.185714285714287,16.666666666666668,2024-11
2024-11-24,15.9,8.3,12.3,0.1,제주,11.785714285714286,16.386666666666667,2024-11
2024-11-25,18.3,12.2,14.8,22.9,제주,12.571428571428571,16.173333333333332,2024-11
2024-11-26,17.5,9.4,12.5,27.3,제주,12.542857142857143,15.943333333333333,2024-11
2024-11-27,10.0,6.4,8.1,6.0,제주,11.957142857142856,15.633333333333333,2024-11
2024-11-28,10.8,7.3,8.8,7.0,제주,11.328571428571431,15.293333333333333,2024-11
2024-11-29,11.9,6.3,9.1,7.8,제주,10.842857142857143,14.969999999999999,2024-11
2024-11-30,13.4,8.8,11.3,0.7,제주,10.985714285714284,14.673333333333334,2024-11
2024-12-01,16.4,8.4,12.2,0.6,제주,10.971428571428572,14.426666666666668,2024-12
2024-12-02,18.1,11.6,14.4,0.9,제주,10.914285714285715,14.256666666666668,2024-12
2024-12-03,11.7,6.6,9.3,2.1,제주,10.457142857142857,13.93,2024-12
2024-12-04,10.6,5.0,8.0,0.0,제주,10.442857142857141,13.609999999999998,2024-12
2024-12-05,11.6,9.3,10.2,0.1,제주,10.642857142857142,13.483333333333333,2024-12
2024-12-06,11.4,8.9,10.3,0.1,제주,10.814285714285715,13.393333333333333,2024-12
2024-12-07,10.9,6.8,8.6,3.3,제주,10.428571428571429,13.243333333333334,2024-12
2024-12-08,8.3,5.8,7.1,1.8,제주,9.700000000000001,12.906666666666668,2024-12
2024-12-09,9.8,7.3,8.4,0.4,제주,8.842857142857143,12.593333333333334,2024-12
2024-12-10,10.2,6.7,8.6,0.0,제주,8.742857142857144,12.263333333333334,2024-12
2024-12-11,9.6,5.8,8.3,0.5,제주,8.785714285714286,11.979999999999999,2024-12
2024-12-12,8.8,4.7,7.0,0.4,제주,8.328571428571427,11.676666666666666,2024-12
2024-12-13,7.9,4.0,6.2,6.2,제주,7.742857142857143,11.3,2024-12
2024-12-14,7.6,5.0,6.0,3.3,제주,7.371428571428572,10.88,2024-12
2024-12-15,8.5,6.2,7.5,0.3,제주,7.428571428571429,10.486666666666668,2024-12
2024-12-16,9.5,6.5,8.2,3.1,제주,7.3999999999999995,10.083333333333334,2024-12
2024-12-17,10.8,5.6,8.2,0.8,제주,7.342857142857143,9.853333333333333,2024-12
2024-12-18,6.8,3.6,5.3,11.9,제주,6.914285714285714,9.72,2024-12
2024-12-19,6.0,2.3,4.0,2.7,제주,6.485714285714286,9.430000000000001,2024-12
2024-12-20,9.1,3.6,6.6,0.7,제주,6.542857142857143,9.243333333333332,2024-12
2024-12-21,9.0,3.9,6.8,3.2,제주,6.657142857142857,9.03,2024-12
2024-12-22,5.4,3.7,4.6,4.4,제주,6.242857142857142,8.766666666666667,2024-12
2024-12-23,7.9,3.1,6.1,0.0,제주,5.942857142857142,8.626666666666667,2024-12
2024-12-24,9.0,5.6,7.6,0.0,제주,5.857142857142856,8.47,2024-12
2024-12-25,11.3,5.2,8.6,0.2,제주,6.328571428571428,8.263333333333332,2024-12
2024-12-26,9.7,5.3,8.0,2.8,제주,6.8999999999999995,8.113333333333333,2024-12
2024-12-27,7.1,4.7,5.9,1.1,제주,6.799999999999999,8.04,2024-12
2024-12-28,5.4,3.5,4.6,5.8,제주,6.485714285714286,7.9,2024-12
2024-12-29,8.7,5.2,6.6,0.0,제주,6.771428571428571,7.8166666666666655,2024-12
2024-12-30,12.7,5.1,8.9,0.0,제주,7.171428571428571,7.736666666666666,2024-12
2024-12-31,9.8,3.4,7.3,0.0,제주,7.128571428571428,7.573333333333333,2024-12
2025-01-01,9.2,2.5,5.4,0.0,제주,6.671428571428572,7.273333333333334,2025-01
2025-01-02,10.0,5.0,7.5,0.0,제주,6.6000000000000005,7.213333333333334,2025-01
2025-01-03,6.4,3.9,5.3,0.0,제주,6.514285714285714,7.123333333333333,2025-01
2025-01-04,7.7,2.7,5.6,0.0,제주,6.6571428571428575,6.97,2025-01
2025-01-05,10.2,5.0,7.5,3.2,제주,6.785714285714286,6.876666666666666,2025-01
2025-01-06,9.7,4.2,7.5,3.1,제주,6.585714285714286,6.84,2025-01
2025-01-07,6.3,3.0,4.9,6.0,제주,6.242857142857143,6.766666666666667,2025-01
2025-01-08,7.9,3.9,5.9,3.9,제주,6.314285714285714,6.683333333333334,2025-01
2025-01-09,4.0,-0.2,1.8,9.7,제주,5.5,6.456666666666667,2025-01
2025-01-10,3.1,-0.9,0.8,5.0,제주,4.857142857142857,6.206666666666666,2025-01
2025-01-11,3.5,1.8,3.0,5.1,제주,4.485714285714286,6.073333333333333,2025-01
2025-01-12,4.8,2.4,3.2,4.6,제주,3.871428571428571,5.973333333333334,2025-01
2025-01-13,7.2,3.3,4.9,0.0,제주,3.5000000000000004,5.936666666666667,2025-01
2025-01-14,12.6,3.2,8.4,0.1,제주,4.0,5.966666666666667,2025-01
2025-01-15,7.3,2.4,4.0,5.8,제주,3.7285714285714286,5.826666666666666,2025-01
2025-01-16,6.8,2.9,4.9,0.0,제주,4.171428571428572,5.716666666666667,2025-01
2025-01-17,6.4,2.1,5.0,0.0,제주,4.771428571428572,5.706666666666666,2025-01
2025-01-18,9.0,2.1,5.0,0.0,제주,5.057142857142858,5.739999999999999,2025-01
2025-01-19,10.7,3.6,7.3,0.0,제주,5.642857142857143,5.763333333333334,2025-01
2025-01-20,9.5,5.8,8.0,0.0,제주,6.085714285714286,5.803333333333334,2025-01
2025-01-21,8.8,3.7,6.2,0.0,제주,5.771428571428572,5.8566666666666665,2025-01
2025-01-22,11.1,4.6,6.9,0.0,제주,6.185714285714286,5.883333333333334,2025-01
2025-01-23,11.3,5.2,7.9,0.0,제주,6.614285714285715,5.8933333333333335,2025-01
2025-01-24,12.8,6.1,9.3,0.0,제주,7.228571428571428,5.916666666666667,2025-01
2025-01-25,10.1,8.2,9.0,1.0,제주,7.799999999999999,5.95,2025-01
2025-01-26,8.6,6.7,7.4,2.3,제주,7.814285714285715,6.0,2025-01
2025-01-27,6.6,2.4,4.4,16.6,제주,7.3,5.993333333333334,2025-01
2025-01-28,3.0,1.5,2.3,6.5,제주,6.742857142857143,5.8500000000000005,2025-01
2025-01-29,3.1,1.6,2.4,1.9,제주,6.1000000000000005,5.633333333333334,2025-01
2025-01-30,7.1,-0.9,2.8,0.0,제주,5.371428571428572,5.483333333333333,2025-01
2025-01-31,11.5,2.3,6.8,3.1,제주,5.014285714285714,5.53,2025-01
2025-02-01,10.1,7.0,8.4,51.2,제주,4.928571428571429,5.56,2025-02
2025-02-02,8.6,5.8,7.3,1.8,제주,4.914285714285714,5.626666666666667,2025-02
2025-02-03,6.4,1.5,3.9,5.6,제주,4.8428571428571425,5.570000000000001,2025-02
2025-02-04,1.3,-0.1,0.6,14.4,제주,4.6,5.340000000000001,2025-02
2025-02-05,3.0,-0.2,1.5,8.9,제주,4.4714285714285715,5.140000000000001,2025-02
2025-02-06,2.5,0.2,1.6,0.3,제주,4.3,5.03,2025-02
2025-02-07,4.5,-1.5,1.7,5.0,제주,3.5714285714285716,4.890000000000001,2025-02
2025-02-08,1.4,-0.9,0.3,4.2,제주,2.414285714285714,4.84,2025-02
2025-02-09,2.4,0.9,1.6,2.1,제주,1.5999999999999999,4.866666666666666,2025-02
2025-02-10,3.2,-2.5,1.6,0.0,제주,1.2714285714285716,4.820000000000001,2025-02
2025-02-11,7.8,-1.9,3.2,0.0,제주,1.642857142857143,4.819999999999999,2025-02
2025-02-12,12.5,5.1,8.8,15.2,제주,2.685714285714286,4.95,2025-02
2025-02-13,5.6,1.9,3.7,0.4,제주,2.985714285714286,4.793333333333334,2025-02
2025-02-14,8.9,1.7,4.8,0.0,제주,3.4285714285714284,4.820000000000001,2025-02
2025-02-15,9.4,3.3,6.9,3.6,제주,4.371428571428572,4.886666666666667,2025-02
2025-02-16,11.8,6.3,8.6,0.0,제주,5.371428571428572,5.006666666666667,2025-02
2025-02-17,6.5,2.6,4.7,0.5,제주,5.814285714285715,4.996666666666667,2025-02
2025-02-18,4.0,1.9,3.1,1.2,제주,5.8,4.8566666666666665,2025-02
2025-02-19,4.8,1.6,3.3,0.0,제주,5.014285714285714,4.7,2025-02
2025-02-20,5.2,1.5,2.8,0.0,제주,4.885714285714286,4.586666666666667,2025-02
2025-02-21,4.7,0.9,2.6,0.0,제주,4.571428571428571,4.443333333333333,2025-02
2025-02-22,4.4,1.0,2.8,1.1,제주,3.985714285714286,4.2733333333333325,2025-02
2025-02-23,2.5,0.7,1.8,4.1,제주,3.0142857142857147,4.023333333333333,2025-02
2025-02-24,3.9,0.6,2.2,0.5,제주,2.6571428571428575,3.7966666666666664,2025-02
2025-02-25,7.9,-1.3,3.8,0.0,제주,2.7571428571428567,3.676666666666667,2025-02
2025-02-26,9.9,5.1,7.5,0.0,제주,3.357142857142857,3.7800000000000002,2025-02
2025-02-27,13.4,3.2,7.7,2.2,제주,4.057142857142857,3.96,2025-02
2025-02-28,14.5,8.4,11.1,0.0,제주,5.271428571428571,4.25,2025-02
2025-03-01,18.4,7.7,13.8,3.5,제주,6.842857142857143,4.616666666666666,2025-03
2025-03-02,20.7,14.8,17.1,7.4,제주,9.028571428571428,4.959999999999999,2025-03
2025-03-03,16.5,8.4,10.8,34.2,제주,10.257142857142858,5.040000000000001,2025-03
2025-03-04,9.9,7.5,8.6,17.3,제주,10.942857142857145,5.083333333333333,2025-03
2025-03-05,8.9,6.1,7.6,1.8,제주,10.957142857142857,5.206666666666666,2025-03
2025-03-06,8.0,4.8,6.3,3.2,제주,10.757142857142856,5.3966666666666665,2025-03
2025-03-07,11.0,2.4,6.9,0.2,제주,10.157142857142857,5.576666666666667,2025-03
2025-03-08,10.9,5.3,8.0,2.1,제주,9.328571428571427,5.790000000000001,2025-03
2025-03-09,11.3,4.4,7.9,0.0,제주,8.014285714285714,5.996666666666666,2025-03
2025-03-10,12.8,5.6,9.3,0.0,제주,7.8,6.296666666666667,2025-03
2025-03-11,14.8,9.7,11.6,0.3,제주,8.228571428571428,6.63,2025-03
2025-03-12,13.9,9.2,11.6,0.0,제주,8.8,6.963333333333333,2025-03
2025-03-13,13.5,8.3,11.0,0.2,제주,9.471428571428572,7.223333333333333,2025-03
2025-03-14,15.1,10.8,12.7,0.0,제주,10.299999999999999,7.3533333333333335,2025-03
2025-03-15,11.3,8.8,9.8,35.4,제주,10.557142857142859,7.556666666666667,2025-03
2025-03-16,8.7,2.6,6.2,8.7,제주,10.314285714285713,7.6033333333333335,2025-03
2025-03-17,6.2,3.0,4.3,0.2,제주,9.6,7.516666666666667,2025-03
2025-03-18,5.7,3.3,4.4,9.5,제주,8.571428571428571,7.376666666666666,2025-03
2025-03-19,5.9,2.9,4.1,0.6,제주,7.5,7.3566666666666665,2025-03
2025-03-20,13.1,4.4,9.4,0.0,제주,7.271428571428572,7.566666666666666,2025-03
2025-03-21,18.9,10.7,15.0,0.0,제주,7.6000000000000005,7.956666666666666,2025-03
2025-03-22,20.5,15.4,17.7,0.0,제주,8.72857142857143,8.453333333333335,2025-03
2025-03-23,22.7,15.5,19.2,0.0,제주,10.585714285714285,9.006666666666666,2025-03
2025-03-24,22.1,14.9,18.9,0.9,제주,12.671428571428573,9.543333333333331,2025-03
2025-03-25,25.8,17.5,21.0,0.0,제주,15.042857142857143,10.183333333333334,2025-03
2025-03-26,24.2,13.4,18.8,0.0,제주,17.142857142857142,10.736666666666666,2025-03
2025-03-27,24.0,9.1,17.9,7.1,제주,18.357142857142858,11.206666666666669,2025-03
2025-03-28,8.7,6.8,7.6,3.5,제주,17.3,11.21,2025-03
2025-03-29,8.3,4.3,6.5,0.6,제주,15.700000000000001,11.169999999999998,2025-03
2025-03-30,7.2,2.5,5.1,0.0,제주,13.685714285714285,10.97,2025-03
2025-03-31,10.4,2.9,6.8,0.0,제주,11.957142857142856,10.736666666666668,2025-03
2025-04-01,12.4,5.1,8.9,0.0,제주,10.228571428571428,10.463333333333333,2025-04
2025-04-02,14.3,6.0,10.0,0.0,제주,8.971428571428572,10.436666666666667,2025-04
2025-04-03,10.7,7.9,9.0,0.6,제주,7.7,10.45,2025-04
2025-04-04,12.6,7.0,9.7,0.0,제주,8.0,10.52,2025-04
2025-04-05,15.9,8.3,12.3,5.7,제주,8.828571428571427,10.72,2025-04
2025-04-06,14.2,6.7,10.8,0.1,제주,9.642857142857142,10.85,2025-04
2025-04-07,20.1,8.8,14.4,0.0,제주,10.728571428571428,11.063333333333333,2025-04
2025-04-08,21.5,12.0,17.0,0.0,제주,11.885714285714284,11.366666666666667,2025-04
2025-04-09,20.5,10.5,15.8,5.7,제주,12.714285714285714,11.583333333333334,2025-04
2025-04-10,16.8,10.0,14.5,0.0,제주,13.5,11.68,2025-04
2025-04-11,17.9,9.1,13.8,0.0,제주,14.085714285714287,11.753333333333334,2025-04
2025-04-12,19.3,8.2,15.6,30.5,제주,14.557142857142859,11.906666666666666,2025-04
2025-04-13,12.5,7.3,9.7,1.9,제주,14.4,11.806666666666668,2025-04
2025-04-14,14.0,8.3,11.0,10.5,제주,13.914285714285715,11.846666666666668,2025-04
2025-04-15,14.3,7.7,11.1,1.0,제주,13.071428571428571,12.01,2025-04
2025-04-16,23.1,15.1,19.1,0.0,제주,13.542857142857143,12.503333333333334,2025-04
2025-04-17,24.2,16.0,20.0,0.0,제주,14.328571428571427,13.023333333333333,2025-04
2025-04-18,25.8,18.2,21.9,0.2,제주,15.485714285714286,13.616666666666667,2025-04
2025-04-19,22.7,15.9,19.1,4.1,제주,15.985714285714286,13.94,2025-04
2025-04-20,20.6,16.5,18.0,0.0,제주,17.17142857142857,14.04,2025-04
2025-04-21,24.0,17.3,20.2,0.0,제주,18.485714285714288,14.123333333333333,2025-04
2025-04-22,21.7,14.8,19.0,22.2,제주,19.614285714285717,14.116666666666667,2025-04
2025-04-23,16.9,13.3,14.9,0.9,제주,19.014285714285712,13.983333333333333,2025-04
2025-04-24,18.5,11.7,15.3,0.0,제주,18.342857142857145,13.793333333333333,2025-04
2025-04-25,15.7,10.1,12.8,0.0,제주,17.04285714285714,13.593333333333334,2025-04
2025-04-26,20.0,10.0,14.7,0.0,제주,16.414285714285715,13.486666666666666,2025-04
2025-04-27,20.3,14.0,16.9,10.5,제주,16.257142857142856,13.796666666666669,2025-04
2025-04-28,16.9,11.7,14.6,1.6,제주,15.457142857142856,14.066666666666666,2025-04
2025-04-29,18.6,8.9,13.9,0.0,제주,14.728571428571428,14.360000000000001,2025-04
2025-04-30,19.8,13.6,16.6,0.0,제주,14.971428571428573,14.686666666666666,2025-04
2025-05-01,20.9,13.7,16.9,10.9,제주,15.2,14.953333333333335,2025-05
2025-05-02,17.3,11.0,14.2,0.0,제주,15.4,15.093333333333334,2025-05
2025-05-03,22.2,10.0,15.5,0.1,제주,15.514285714285714,15.31,2025-05
2025-05-04,17.4,9.0,13.4,0.0,제주,15.014285714285714,15.433333333333334,2025-05
2025-05-05,18.5,12.2,14.3,16.1,제주,14.971428571428573,15.5,2025-05
2025-05-06,16.7,11.2,14.3,4.6,제주,15.028571428571428,15.616666666666667,2025-05
2025-05-07,16.8,10.2,13.8,0.0,제주,14.628571428571428,15.596666666666668,2025-05
2025-05-08,21.8,11.7,16.6,0.6,제주,14.585714285714285,15.583333333333334,2025-05
2025-05-09,21.1,15.4,18.5,80.5,제주,15.200000000000001,15.673333333333334,2025-05
2025-05-10,16.7,13.5,14.8,1.2,제주,15.1,15.683333333333334,2025-05
2025-05-11,18.2,13.4,15.7,0.4,제주,15.428571428571429,15.746666666666666,2025-05
2025-05-12,21.5,14.3,18.1,0.0,제주,15.971428571428572,15.830000000000002,2025-05
2025-05-13,22.4,14.4,19.4,0.4,제주,16.7,16.153333333333332,2025-05
2025-05-14,23.7,13.3,19.0,0.1,제주,17.442857142857143,16.419999999999998,2025-05
2025-05-15,22.8,19.4,20.9,0.6,제주,18.057142857142857,16.746666666666666,2025-05
2025-05-16,21.9,20.0,21.0,32.4,제주,18.414285714285715,16.81,2025-05
2025-05-17,22.9,17.2,20.1,0.0,제주,19.17142857142857,16.813333333333333,2025-05
2025-05-18,18.4,14.1,16.2,0.4,제주,19.242857142857144,16.62333333333333,2025-05
2025-05-19,24.2,14.9,20.3,0.0,제주,19.557142857142857,16.663333333333334,2025-05
2025-05-20,24.9,19.3,22.0,0.4,제주,19.928571428571427,16.796666666666667,2025-05
2025-05-21,23.3,18.9,20.8,16.1,제주,20.185714285714283,16.816666666666666,2025-05
2025-05-22,22.9,19.0,20.5,0.6,제주,20.12857142857143,16.866666666666667,2025-05
2025-05-23,19.7,17.0,18.3,9.3,제주,19.74285714285714,16.98,2025-05
2025-05-24,17.0,14.3,15.7,4.4,제주,19.114285714285717,16.993333333333332,2025-05
2025-05-25,19.6,14.5,16.6,0.2,제주,19.171428571428574,17.12,2025-05
2025-05-26,22.0,15.2,18.8,0.0,제주,18.957142857142856,17.256666666666668,2025-05
2025-05-27,21.8,16.8,19.5,0.0,제주,18.599999999999998,17.34333333333333,2025-05
2025-05-28,22.6,17.3,20.0,0.0,제주,18.485714285714288,17.523333333333333,2025-05
2025-05-29,22.5,17.9,19.9,0.0,제주,18.400000000000002,17.723333333333333,2025-05
2025-05-30,21.3,15.5,18.8,0.0,제주,18.47142857142857,17.796666666666667,2025-05
2025-05-31,21.7,15.5,18.6,0.0,제주,18.885714285714283,17.853333333333335,2025-05
2025-06-01,23.1,16.6,19.9,0.0,제주,19.357142857142858,18.043333333333337,2025-06
2025-06-02,19.3,17.3,18.3,15.3,제주,19.285714285714285,18.136666666666667,2025-06
2025-06-03,20.4,16.5,18.5,1.7,제주,19.142857142857142,18.306666666666665,2025-06
2025-06-04,25.2,19.6,21.8,0.0,제주,19.4,18.55666666666667,2025-06
2025-06-05,24.6,17.9,21.5,0.0,제주,19.62857142857143,18.79666666666667,2025-06
2025-06-06,25.3,19.9,22.6,0.3,제주,20.171428571428574,19.089999999999996,2025-06
2025-06-07,25.1,18.3,21.5,1.4,제주,20.585714285714285,19.25333333333333,2025-06
2025-06-08,23.8,20.6,21.9,1.9,제주,20.87142857142857,19.366666666666667,2025-06
2025-06-09,25.9,19.3,22.0,0.0,제주,21.4,19.60666666666667,2025-06
2025-06-10,25.0,18.5,21.4,0.1,제주,21.814285714285713,19.796666666666667,2025-06
2025-06-11,23.0,18.8,20.8,1.0,제주,21.671428571428574,19.886666666666667,2025-06
2025-06-12,22.0,20.0,20.9,4.0,제주,21.58571428571429,19.936666666666664,2025-06
2025-06-13,27.2,20.7,24.1,17.5,제주,21.8,20.106666666666666,2025-06
2025-06-14,26.3,22.8,23.6,36.2,제주,22.099999999999998,20.196666666666665,2025-06
2025-06-15,27.0,22.5,24.8,15.8,제주,22.514285714285716,20.32333333333333,2025-06
2025-06-16,27.4,22.3,24.5,16.0,제주,22.871428571428574,20.469999999999995,2025-06
2025-06-17,30.3,22.2,26.3,0.0,제주,23.571428571428573,20.80666666666667,2025-06
2025-06-18,26.3,21.3,24.3,0.0,제주,24.071428571428573,20.939999999999998,2025-06
2025-06-19,30.2,21.6,25.9,1.8,제주,24.78571428571429,21.069999999999997,2025-06
2025-06-20,29.3,24.6,26.5,3.0,제주,25.12857142857143,21.259999999999998,2025-06
2025-06-21,28.5,24.9,26.5,7.5,제주,25.542857142857144,21.459999999999997,2025-06
2025-06-22,24.8,20.2,22.2,19.5,제주,25.17142857142857,21.59,2025-06
2025-06-23,26.9,20.1,23.4,0.0,제주,25.014285714285712,21.846666666666668,2025-06
2025-06-24,27.4,22.1,24.5,9.4,제주,24.75714285714286,22.11,2025-06
2025-06-25,26.2,20.7,23.5,0.0,제주,24.642857142857142,22.266666666666666,2025-06
2025-06-26,25.9,22.1,23.9,0.3,제주,24.357142857142858,22.413333333333334,2025-06
2025-06-27,28.3,21.6,25.3,0.0,제주,24.185714285714283,22.59,2025-06
2025-06-28,28.8,24.2,26.3,0.0,제주,24.157142857142855,22.803333333333335,2025-06
2025-06-29,28.5,23.4,26.2,0.6,제주,24.728571428571428,23.05,2025-06
2025-06-30,28.9,24.0,26.5,1.1,제주,25.17142857142857,23.313333333333333,2025-06
2025-07-01,30.0,24.4,27.5,0.5,제주,25.599999999999998,23.566666666666666,2025-07
2025-07-02,29.4,25.0,27.2,0.0,제주,26.128571428571426,23.863333333333333,2025-07
2025-07-03,29.8,24.3,26.9,0.0,제주,26.557142857142857,24.143333333333334,2025-07
2025-07-04,31.2,23.5,27.5,0.0,제주,26.87142857142857,24.333333333333332,2025-07
2025-07-05,32.7,24.6,28.4,0.0,제주,27.17142857142857,24.563333333333333,2025-07
2025-07-06,32.5,26.2,29.3,0.0,제주,27.614285714285717,24.78666666666667,2025-07
2025-07-07,30.8,24.3,27.9,0.0,제주,27.814285714285713,25.0,2025-07
2025-07-08,32.1,24.6,28.5,0.0,제주,27.957142857142856,25.219999999999995,2025-07
2025-07-09,31.1,25.8,28.2,0.6,제주,28.1,25.426666666666666,2025-07
2025-07-10,30.0,25.8,27.3,2.3,제주,28.157142857142855,25.62333333333333,2025-07
2025-07-11,27.6,24.8,26.2,8.5,제주,27.97142857142857,25.803333333333335,2025-07
2025-07-12,26.6,24.5,25.6,1.8,제주,27.571428571428573,25.96,2025-07
2025-07-13,25.4,23.2,24.2,79.9,제주,26.842857142857138,25.96333333333333,2025-07
2025-07-14,27.3,22.9,24.8,2.1,제주,26.400000000000002,26.003333333333334,2025-07
2025-07-15,28.1,23.3,25.5,0.5,제주,25.97142857142857,26.026666666666667,2025-07
2025-07-16,28.3,23.1,26.3,2.3,제주,25.7,26.086666666666666,2025-07
2025-07-17,29.1,26.0,27.5,3.7,제주,25.72857142857143,26.126666666666665,2025-07
2025-07-18,31.1,25.0,27.8,5.7,제주,25.957142857142856,26.243333333333336,2025-07
2025-07-19,29.4,25.9,27.2,13.6,제주,26.185714285714287,26.28666666666667,2025-07
2025-07-20,30.9,25.3,27.9,0.1,제주,26.714285714285715,26.333333333333332,2025-07
2025-07-21,29.8,25.5,27.7,23.0,제주,27.12857142857143,26.373333333333335,2025-07
2025-07-22,30.2,24.2,27.3,5.2,제주,27.385714285714283,26.543333333333333,2025-07
2025-07-23,31.1,24.3,27.6,0.5,제주,27.571428571428573,26.683333333333334,2025-07
2025-07-24,31.2,24.8,28.2,0.0,제주,27.67142857142857,26.80666666666667,2025-07
2025-07-25,31.6,26.5,28.6,3.4,제주,27.785714285714285,26.97666666666667,2025-07
2025-07-26,30.5,26.3,28.6,1.0,제주,27.985714285714284,27.133333333333333,2025-07
2025-07-27,30.4,26.3,28.4,6.5,제주,28.057142857142857,27.236666666666668,2025-07
2025-07-28,31.8,25.2,28.2,0.2,제주,28.12857142857143,27.3,2025-07
2025-07-29,32.2,24.3,28.1,0.0,제주,28.242857142857144,27.363333333333333,2025-07
2025-07-30,30.4,24.8,27.5,0.0,제주,28.228571428571428,27.396666666666665,2025-07
2025-07-31,32.1,26.3,28.8,0.0,제주,28.314285714285713,27.439999999999998,2025-07
2025-08-01,32.8,26.1,29.6,0.0,제주,28.45714285714286,27.52,2025-08
2025-08-02,30.9,26.2,28.4,0.1,제주,28.428571428571427,27.569999999999997,2025-08
2025-08-03,29.0,25.8,27.6,12.7,제주,28.314285714285717,27.57333333333333,2025-08
2025-08-04,31.6,27.7,29.3,4.9,제주,28.471428571428568,27.603333333333335,2025-08
2025-08-05,32.0,27.6,29.5,0.8,제주,28.67142857142857,27.610000000000003,2025-08
2025-08-06,31.3,27.7,29.3,3.0,제주,28.928571428571427,27.65666666666667,2025-08
2025-08-07,30.3,27.2,28.6,6.2,제주,28.9,27.660000000000004,2025-08
2025-08-08,29.7,26.4,27.8,3.0,제주,28.642857142857142,27.646666666666665,2025-08
2025-08-09,29.7,25.5,27.4,22.4,제주,28.500000000000004,27.65,2025-08
2025-08-10,29.0,25.2,27.5,18.3,제주,28.485714285714288,27.69333333333333,2025-08
2025-08-11,28.0,24.6,26.1,56.6,제주,28.028571428571432,27.709999999999997,2025-08
2025-08-12,29.9,25.4,27.3,11.5,제주,27.714285714285715,27.813333333333336,2025-08
2025-08-13,31.3,25.9,28.4,0.6,제주,27.585714285714285,27.933333333333334,2025-08
2025-08-14,29.9,25.5,27.7,5.9,제주,27.45714285714286,28.006666666666664,2025-08
2025-08-15,29.9,25.3,27.5,0.7,제주,27.414285714285715,28.046666666666667,2025-08
2025-08-16,30.0,24.3,27.0,1.3,제주,27.357142857142858,28.029999999999998,2025-08
2025-08-17,30.4,24.4,27.5,2.6,제주,27.357142857142858,28.019999999999996,2025-08
2025-08-18,29.9,25.2,27.4,16.3,제주,27.54285714285714,28.026666666666667,2025-08
2025-08-19,30.0,24.5,27.2,8.8,제주,27.528571428571432,28.003333333333334,2025-08
2025-08-20,30.7,24.9,27.6,7.1,제주,27.414285714285715,28.0,2025-08
2025-08-21,30.2,25.4,27.6,0.8,제주,27.4,28.01,2025-08
2025-08-22,30.6,25.8,28.1,1.9,제주,27.485714285714284,28.026666666666667,2025-08
2025-08-23,31.7,26.5,29.0,0.1,제주,27.77142857142857,28.053333333333335,2025-08
2025-08-24,31.6,26.6,28.9,1.7,제주,27.971428571428568,28.063333333333333,2025-08
2025-08-25,31.7,25.8,28.5,0.9,제주,28.12857142857143,28.060000000000002,2025-08
2025-08-26,32.7,27.2,29.2,0.6,제주,28.414285714285715,28.086666666666662,2025-08
2025-08-27,30.0,26.4,28.1,2.5,제주,28.485714285714288,28.083333333333332,2025-08
2025-08-28,30.6,26.0,28.1,3.6,제주,28.557142857142857,28.083333333333332,2025-08
2025-08-29,30.7,25.1,27.8,6.0,제주,28.514285714285716,28.09333333333333,2025-08
2025-08-30,30.1,25.0,27.4,10.5,제주,28.285714285714285,28.04666666666667,2025-08
2025-08-31,30.5,25.1,27.4,11.4,제주,28.071428571428573,27.973333333333336,2025-08
2025-09-01,31.2,25.8,28.1,3.6,제주,28.014285714285716,27.963333333333335,2025-09
2025-09-02,29.5,26.2,27.6,6.2,제주,27.785714285714285,27.963333333333335,2025-09
2025-09-03,30.6,24.7,27.6,4.4,제주,27.714285714285715,27.906666666666663,2025-09
2025-09-04,30.5,25.5,27.7,1.3,제주,27.657142857142855,27.846666666666668,2025-09
2025-09-05,30.0,25.4,27.5,6.5,제주,27.61428571428571,27.78666666666667,2025-09
2025-09-06,31.1,25.0,28.1,1.9,제주,27.714285714285715,27.77,2025-09
2025-09-07,31.9,27.3,28.8,2.1,제주,27.914285714285715,27.803333333333335,2025-09
2025-09-08,29.9,25.9,27.7,8.3,제주,27.85714285714286,27.813333333333336,2025-09
2025-09-09,28.4,24.8,26.1,9.9,제주,27.642857142857142,27.76666666666667,2025-09
2025-09-10,26.8,24.1,25.2,8.0,제주,27.3,27.736666666666668,2025-09
2025-09-11,27.1,24.4,25.6,4.0,제주,27.0,27.68,2025-09
2025-09-12,31.3,25.1,27.6,5.3,제주,27.014285714285716,27.653333333333332,2025-09
2025-09-13,30.3,27.0,27.9,10.0,제주,26.985714285714284,27.660000000000004,2025-09
2025-09-14,28.9,25.3,26.8,22.0,제주,26.7,27.636666666666667,2025-09
2025-09-15,29.1,24.8,26.7,21.0,제주,26.557142857142853,27.62666666666667,2025-09
2025-09-16,30.9,25.4,28.0,0.9,제주,26.82857142857143,27.643333333333334,2025-09
2025-09-17,31.5,25.6,28.2,0.9,제주,27.25714285714286,27.67,2025-09
2025-09-18,26.6,23.7,24.9,3.2,제주,27.157142857142855,27.593333333333337,2025-09
2025-09-19,28.5,23.8,25.7,0.9,제주,26.885714285714283,27.529999999999998,2025-09
2025-09-20,26.8,22.4,24.8,13.3,제주,26.442857142857147,27.436666666666667,2025-09
2025-09-21,25.6,21.7,23.4,1.2,제주,25.957142857142856,27.279999999999998,2025-09
2025-09-22,27.1,22.2,24.4,2.4,제주,25.62857142857143,27.126666666666665,2025-09
2025-09-23,26.0,23.3,24.6,0.7,제주,25.14285714285714,26.983333333333334,2025-09
2025-09-24,29.7,24.9,27.0,2.3,제주,24.971428571428568,26.933333333333334,2025-09
2025-09-25,29.3,24.0,26.0,2.2,제주,25.128571428571426,26.826666666666668,2025-09
2025-09-26,26.8,23.5,25.3,4.7,제주,25.071428571428573,26.733333333333334,2025-09
2025-09-27,26.8,22.4,24.3,6.4,제주,25.0,26.60666666666667,2025-09
2025-09-28,27.6,23.3,25.1,19.3,제주,25.242857142857144,26.51666666666667,2025-09
2025-09-29,24.7,20.6,22.8,1.6,제주,25.014285714285716,26.363333333333333,2025-09
2025-09-30,24.2,19.8,21.8,0.0,제주,24.614285714285717,26.176666666666666,2025-09
2025-10-01,24.7,18.7,21.8,0.0,제주,23.871428571428574,25.966666666666665,2025-10
2025-10-02,26.0,19.8,23.1,3.5,제주,23.45714285714286,25.81666666666667,2025-10
2025-10-03,27.7,21.2,24.2,83.0,제주,23.3,25.703333333333333,2025-10
2025-10-04,26.6,22.9,25.0,2.1,제주,23.4,25.613333333333333,2025-10
2025-10-05,26.2,22.5,24.1,0.0,제주,23.25714285714286,25.5,2025-10
2025-10-06,27.1,21.8,24.5,0.0,제주,23.5,25.38,2025-10
2025-10-07,26.2,22.0,24.2,4.8,제주,23.842857142857145,25.22666666666667,2025-10
2025-10-08,24.1,21.7,22.9,7.4,제주,24.0,25.066666666666666,2025-10
2025-10-09,25.2,22.6,23.6,1.0,제주,24.071428571428573,24.983333333333334,2025-10
2025-10-10,26.5,22.1,23.7,0.0,제주,24.0,24.933333333333334,2025-10
2025-10-11,27.5,21.2,24.0,0.0,제주,23.857142857142858,24.88,2025-10
2025-10-12,26.7,21.9,24.1,0.2,제주,23.857142857142858,24.763333333333332,2025-10
2025-10-13,28.3,22.2,25.1,3.2,제주,23.942857142857143,24.67,2025-10
2025-10-14,24.6,22.1,23.3,8.3,제주,23.814285714285713,24.553333333333335,2025-10
2025-10-15,26.1,22.5,24.0,13.6,제주,23.97142857142857,24.46333333333333,2025-10
2025-10-16,25.2,22.2,23.4,21.8,제주,23.942857142857143,24.31,2025-10
2025-10-17,26.6,22.8,24.0,0.8,제주,23.985714285714288,24.169999999999998,2025-10
2025-10-18,23.9,19.3,21.7,6.8,제주,23.657142857142862,24.063333333333333,2025-10
2025-10-19,21.6,18.8,20.6,16.2,제주,23.157142857142855,23.893333333333334,2025-10
2025-10-20,18.4,15.5,17.0,0.0,제주,22.0,23.633333333333333,2025-10
2025-10-21,17.5,16.8,17.1,6.6,제주,21.11428571428571,23.423333333333336,2025-10
2025-10-22,20.6,16.8,18.5,6.3,제주,20.32857142857143,23.22666666666667,2025-10
2025-10-23,21.1,17.9,19.4,3.8,제주,19.757142857142856,23.053333333333335,2025-10
2025-10-24,21.1,17.5,19.0,1.3,제주,19.04285714285714,22.78666666666667,2025-10
2025-10-25,19.1,16.5,17.7,3.8,제주,18.47142857142857,22.509999999999998,2025-10
2025-10-26,17.9,15.7,16.6,3.4,제주,17.9,22.220000000000002,2025-10
2025-10-27,16.1,13.6,14.8,9.3,제주,17.585714285714285,21.903333333333332,2025-10
2025-10-28,15.2,12.0,13.6,0.2,제주,17.085714285714285,21.519999999999996,2025-10
2025-10-29,17.9,11.8,15.1,0.0,제주,16.6,21.263333333333332,2025-10
2025-10-30,19.5,15.2,17.4,0.3,제주,16.314285714285713,21.116666666666667,2025-10
2025-10-31,19.6,16.0,17.4,2.3,제주,16.085714285714285,20.970000000000002,2025-10
2025-11-01,17.9,14.9,16.5,4.7,제주,15.914285714285715,20.75,2025-11
2025-11-02,18.2,12.2,15.7,0.6,제주,15.785714285714286,20.466666666666665,2025-11
2025-11-03,13.3,10.3,11.7,0.0,제주,15.342857142857143,20.023333333333333,2025-11
2025-11-04,18.4,11.6,15.7,1.1,제주,15.64285714285714,19.743333333333332,2025-11
2025-11-05,19.6,15.6,17.3,0.0,제주,15.957142857142856,19.503333333333334,2025-11
2025-11-06,19.5,16.2,17.6,0.0,제주,15.985714285714284,19.283333333333335,2025-11
2025-11-07,21.1,16.9,18.7,0.0,제주,16.17142857142857,19.14333333333333,2025-11
2025-11-08,19.9,16.9,18.3,37.3,제주,16.428571428571427,18.966666666666665,2025-11
2025-11-09,18.4,15.1,16.7,10.1,제주,16.571428571428573,18.733333333333334,2025-11
2025-11-10,15.5,9.0,13.2,0.0,제주,16.785714285714285,18.373333333333335,2025-11
2025-11-11,15.1,8.5,12.3,0.0,제주,16.3,17.98,2025-11
2025-11-12,17.9,14.5,15.7,0.0,제주,16.071428571428573,17.666666666666668,2025-11
2025-11-13,17.2,13.0,14.9,0.0,제주,15.685714285714285,17.386666666666667,2025-11
2025-11-14,15.3,10.3,13.0,0.0,제주,14.87142857142857,17.02,2025-11
2025-11-15,17.5,9.1,12.8,0.0,제주,14.085714285714285,16.666666666666668,2025-11
2025-11-16,20.2,11.4,15.1,0.0,제주,13.857142857142858,16.369999999999997,2025-11
2025-11-17,14.4,9.2,11.9,2.7,제주,13.671428571428573,16.043333333333333,2025-11
2025-11-18,10.3,8.2,9.5,1.7,제주,13.27142857142857,15.673333333333334,2025-11
2025-11-19,10.6,7.7,8.9,10.4,제주,12.299999999999999,15.403333333333332,2025-11
2025-11-20,13.7,9.9,12.1,0.0,제주,11.9,15.236666666666668,2025-11
2025-11-21,13.7,11.3,12.6,0.4,제주,11.842857142857143,15.04,2025-11
2025-11-22,14.9,8.8,11.8,0.0,제주,11.700000000000001,14.786666666666665,2025-11
2025-11-23,17.2,8.8,12.5,0.0,제주,11.328571428571427,14.569999999999999,2025-11
2025-11-24,18.9,11.2,15.0,0.1,제주,11.771428571428572,14.479999999999999,2025-11
2025-11-25,14.7,9.6,11.8,2.8,제주,12.1,14.32,2025-11
2025-11-26,11.7,7.9,9.9,0.0,제주,12.242857142857144,14.156666666666666,2025-11
2025-11-27,15.9,8.4,11.3,1.6,제주,12.12857142857143,14.08,2025-11
2025-11-28,10.6,6.9,9.1,1.7,제주,11.62857142857143,13.88,2025-11
2025-11-29,17.2,6.3,11.6,0.0,제주,11.6,13.686666666666666,2025-11
2025-11-30,20.3,11.1,15.3,0.0,제주,12.0,13.616666666666667,2025-11
2025-12-01,15.0,8.3,12.4,1.0,제주,11.62857142857143,13.48,2025-12
2025-12-02,10.2,6.5,8.6,0.0,제주,11.171428571428573,13.243333333333334,2025-12
2025-12-03,6.8,4.1,5.5,6.5,제주,10.542857142857143,13.036666666666667,2025-12
2025-12-04,9.7,4.9,7.1,0.9,제주,9.942857142857141,12.75,2025-12
2025-12-05,9.9,4.5,7.0,2.3,제주,9.642857142857142,12.406666666666668,2025-12
2025-12-06,14.1,5.2,9.8,0.0,제주,9.385714285714286,12.146666666666668,2025-12
2025-12-07,16.9,10.7,13.5,0.0,제주,9.12857142857143,11.973333333333334,2025-12
2025-12-08,13.0,6.7,10.2,0.1,제주,8.814285714285713,11.703333333333335,2025-12
2025-12-09,10.1,6.3,7.6,0.0,제주,8.671428571428573,11.4,2025-12
2025-12-10,15.0,5.8,10.3,0.0,제주,9.357142857142858,11.303333333333333,2025-12
2025-12-11,14.7,7.3,11.9,6.6,제주,10.042857142857143,11.290000000000001,2025-12
2025-12-12,13.0,3.3,9.1,0.3,제주,10.342857142857143,11.069999999999999,2025-12
2025-12-13,14.6,7.9,11.5,13.5,제주,10.585714285714287,10.956666666666667,2025-12
2025-12-14,8.4,6.9,7.4,6.7,제주,9.714285714285714,10.770000000000001,2025-12
2025-12-15,10.0,5.1,7.8,0.2,제주,9.37142857142857,10.603333333333332,2025-12
2025-12-16,15.4,5.6,10.7,0.0,제주,9.814285714285715,10.456666666666669,2025-12
2025-12-17,13.0,6.5,10.3,5.3,제주,9.814285714285715,10.403333333333332,2025-12
2025-12-18,10.6,4.6,7.4,0.0,제주,9.171428571428573,10.333333333333334,2025-12
2025-12-19,18.0,6.2,12.2,0.2,제주,9.614285714285714,10.443333333333333,2025-12
2025-12-20,19.2,10.8,14.7,5.3,제주,10.071428571428571,10.53,2025-12
2025-12-21,10.2,3.3,6.5,0.3,제주,9.942857142857141,10.326666666666666,2025-12
2025-12-22,10.6,1.1,6.2,0.0,제주,9.714285714285714,10.139999999999999,2025-12
2025-12-23,16.6,7.0,12.1,0.3,제주,9.914285714285713,10.126666666666667,2025-12
2025-12-24,14.3,7.3,10.4,8.2,제주,9.928571428571429,9.973333333333333,2025-12
2025-12-25,7.5,2.4,5.7,8.3,제주,9.685714285714285,9.770000000000001,2025-12
2025-12-26,2.7,0.4,1.3,3.6,제주,8.128571428571428,9.483333333333333,2025-12
2025-12-27,5.3,1.5,3.4,0.0,제주,6.514285714285714,9.22,2025-12
2025-12-28,11.3,2.7,6.7,0.0,제주,6.542857142857144,9.139999999999999,2025-12
2025-12-29,15.3,8.4,11.3,0.2,제주,7.271428571428571,9.13,2025-12
2025-12-30,9.6,5.6,7.4,0.3,제주,6.6,8.866666666666667,2025-12
2025-12-31,6.9,1.8,4.1,0.2,제주,5.7,8.59,2025-12
2026-01-01,3.6,0.6,1.5,0.8,제주,5.1000000000000005,8.353333333333333,2026-01
2026-01-02,3.3,0.1,1.6,12.1,제주,5.142857142857143,8.223333333333334,2026-01
2026-01-03,6.0,3.8,4.9,0.5,제주,5.357142857142857,8.15,2026-01
2026-01-04,8.5,4.7,7.1,0.1,제주,5.414285714285714,8.153333333333334,2026-01
2026-01-05,7.7,3.7,6.4,8.3,제주,4.714285714285714,8.04,2026-01
2026-01-06,7.0,1.5,4.7,0.0,제주,4.328571428571428,7.746666666666667,2026-01
2026-01-07,8.9,5.2,7.2,1.6,제주,4.771428571428571,7.646666666666666,2026-01
2026-01-08,4.8,2.8,3.6,3.5,제주,5.071428571428571,7.513333333333334,2026-01
2026-01-09,10.2,3.4,6.1,0.0,제주,5.714285714285714,7.373333333333334,2026-01
2026-01-10,12.0,3.2,8.7,0.7,제주,6.257142857142857,7.266666666666667,2026-01
2026-01-11,3.5,0.8,1.9,4.2,제주,5.514285714285713,7.026666666666667,2026-01
2026-01-12,10.0,1.8,5.4,0.0,제주,5.371428571428572,6.823333333333334,2026-01
2026-01-13,11.2,2.9,7.8,0.0,제주,5.814285714285714,6.836666666666667,2026-01
2026-01-14,12.2,1.9,6.8,0.0,제주,5.757142857142857,6.803333333333333,2026-01
2026-01-15,16.7,7.9,13.1,0.2,제주,7.114285714285714,6.883333333333334,2026-01
2026-01-16,16.7,5.9,10.1,0.0,제주,7.685714285714285,6.876666666666666,2026-01
2026-01-17,10.4,5.6,8.0,0.0,제주,7.585714285714286,6.896666666666666,2026-01
2026-01-18,14.9,4.9,10.1,0.0,제주,8.757142857142858,6.826666666666666,2026-01
2026-01-19,9.9,2.0,6.1,3.2,제주,8.857142857142858,6.540000000000001,2026-01
2026-01-20,3.2,0.2,1.5,1.3,제주,7.957142857142857,6.373333333333334,2026-01
2026-01-21,1.8,-0.2,0.8,5.8,제주,7.1000000000000005,6.1933333333333325,2026-01
2026-01-22,1.8,-0.2,0.7,3.8,제주,5.328571428571428,5.8133333333333335,2026-01
2026-01-23,6.0,2.3,3.9,0.0,제주,4.442857142857142,5.596666666666666,2026-01
2026-01-24,7.0,1.3,4.6,0.0,제주,3.957142857142857,5.5600000000000005,2026-01
2026-01-25,4.7,-0.1,2.6,0.7,제주,2.885714285714286,5.6033333333333335,2026-01
2026-01-26,4.3,-0.4,2.4,1.9,제주,2.357142857142857,5.569999999999999,2026-01
2026-01-27,5.4,1.7,3.8,3.1,제주,2.685714285714286,5.473333333333333,2026-01
2026-01-28,3.7,0.9,2.3,0.0,제주,2.8999999999999995,5.173333333333333,2026-01
2026-01-29,6.3,0.3,3.1,1.1,제주,3.242857142857143,5.03,2026-01
2026-01-30,3.6,-0.3,2.0,0.0,제주,2.9714285714285715,4.96,2026-01
2026-01-31,4.8,-0.0,2.8,0.0,제주,2.7142857142857144,5.003333333333334,2026-01
2026-02-01,6.9,3.0,5.1,0.4,제주,3.0714285714285716,5.12,2026-02
2026-02-02,5.9,1.8,4.0,2.1,제주,3.3000000000000003,5.09,2026-02
2026-02-03,7.0,2.5,4.4,0.0,제주,3.3857142857142857,5.0,2026-02
2026-02-04,12.7,2.7,7.5,0.0,제주,4.128571428571428,5.036666666666667,2026-02
2026-02-05,13.4,5.9,9.9,0.2,제주,5.1000000000000005,5.209999999999999,2026-02
2026-02-06,6.3,1.9,3.9,0.0,제주,5.371428571428572,5.1,2026-02
2026-02-07,2.0,-0.7,0.6,8.4,제주,5.057142857142858,4.999999999999999,2026-02
2026-02-08,0.8,-2.0,-0.5,3.7,제주,4.257142857142857,4.779999999999999,2026-02
2026-02-09,6.3,1.0,3.4,0.0,제주,4.171428571428572,4.6033333333333335,2026-02
2026-02-10,9.3,3.8,7.0,6.0,제주,4.542857142857143,4.7733333333333325,2026-02
2026-02-11,9.1,4.1,7.2,3.0,제주,4.5,4.833333333333333,2026-02
2026-02-12,10.1,3.0,6.1,0.0,제주,3.9571428571428577,4.776666666666667,2026-02
2026-02-13,13.2,4.7,8.4,0.0,제주,4.6000000000000005,4.83,2026-02
2026-02-14,13.9,4.9,9.9,0.4,제주,5.928571428571429,4.723333333333333,2026-02
2026-02-15,13.9,6.6,9.6,0.0,제주,7.371428571428572,4.706666666666667,2026-02
2026-02-16,6.5,3.6,4.9,0.0,제주,7.585714285714286,4.6033333333333335,2026-02
2026-02-17,7.8,2.8,5.2,0.0,제주,7.328571428571428,4.4399999999999995,2026-02
2026-02-18,10.3,4.7,6.9,0.0,제주,7.285714285714286,4.466666666666667,2026-02
2026-02-19,9.0,1.2,5.9,0.0,제주,7.257142857142857,4.613333333333333,2026-02
2026-02-20,14.5,6.5,10.0,0.0,제주,7.485714285714287,4.92,2026-02
2026-02-21,17.3,4.7,10.6,0.0,제주,7.585714285714286,5.25,2026-02
2026-02-22,19.5,6.2,12.8,0.0,제주,8.042857142857143,5.546666666666667,2026-02
2026-02-23,10.5,2.6,6.8,0.0,제주,8.314285714285715,5.62,2026-02
2026-02-24,9.7,7.8,8.8,37.4,제주,8.828571428571427,5.826666666666667,2026-02
2026-02-25,10.9,7.8,9.3,2.2,제주,9.171428571428573,6.0566666666666675,2026-02
2026-02-26,11.4,10.0,10.5,9.4,제주,9.828571428571431,6.28,2026-02
2026-02-27,11.7,9.2,10.7,23.7,제주,9.928571428571429,6.5600000000000005,2026-02
2026-02-28,13.6,9.1,10.9,0.1,제주,9.971428571428572,6.819999999999999,2026-02
2026-03-01,15.6,10.6,12.0,6.1,제주,9.857142857142858,7.153333333333333,2026-03
2026-03-02,12.6,8.9,11.7,46.4,제주,10.557142857142859,7.45,2026-03
2026-03-03,11.4,8.2,9.2,5.4,제주,10.614285714285714,7.586666666666668,2026-03
2026-03-04,11.6,7.6,9.2,0.0,제주,10.6,7.760000000000001,2026-03
2026-03-05,16.7,6.2,11.2,0.1,제주,10.7,7.986666666666666,2026-03
2026-03-06,10.9,4.1,7.2,19.5,제주,10.2,7.9766666666666675,2026-03
2026-03-07,6.3,1.6,4.1,0.5,제주,9.228571428571428,7.783333333333333,2026-03
2026-03-08,8.0,0.6,4.3,0.0,제주,8.128571428571428,7.796666666666666,2026-03
2026-03-09,7.7,2.3,5.2,1.2,제주,7.2,7.95,2026-03
2026-03-10,8.6,1.2,5.1,0.0,제주,6.614285714285714,8.136666666666667,2026-03
2026-03-11,9.7,2.5,6.1,0.0,제주,6.171428571428572,8.226666666666667,2026-03
2026-03-12,9.9,4.3,7.1,1.5,제주,5.5857142857142845,8.229999999999999,2026-03
2026-03-13,10.4,7.6,8.7,0.4,제주,5.799999999999999,8.28,2026-03
2026-03-14,12.0,6.2,8.6,0.0,제주,6.442857142857142,8.363333333333333,2026-03
2026-03-15,10.3,4.7,7.7,0.2,제주,6.928571428571429,8.34,2026-03
2026-03-16,10.5,6.6,8.3,0.2,제주,7.371428571428571,8.286666666666667,2026-03
2026-03-17,14.5,6.2,10.4,0.3,제주,8.12857142857143,8.313333333333334,2026-03
2026-03-18,14.7,7.2,10.8,22.8,제주,8.8,8.51,2026-03
2026-03-19,10.4,5.2,7.8,0.1,제주,8.9,8.596666666666668,2026-03
2026-03-20,12.4,4.5,8.2,0.0,제주,8.82857142857143,8.639999999999999,2026-03
2026-03-21,14.2,6.0,9.7,0.0,제주,8.985714285714286,8.766666666666667,2026-03
2026-03-22,15.5,7.1,11.2,0.0,제주,9.485714285714286,8.806666666666667,2026-03
2026-03-23,15.2,8.0,11.8,0.0,제주,9.985714285714286,8.846666666666666,2026-03
2026-03-24,19.0,10.7,14.1,0.4,제주,10.514285714285714,8.889999999999999,2026-03
2026-03-25,13.7,10.2,11.5,13.0,제주,10.614285714285714,9.046666666666665,2026-03
2026-03-26,16.6,8.1,12.7,0.0,제주,11.314285714285715,9.176666666666668,2026-03
2026-03-27,18.6,11.6,14.8,0.0,제주,12.257142857142856,9.360000000000001,2026-03
2026-03-28,18.2,11.7,14.3,0.0,제주,12.914285714285713,9.486666666666668,2026-03
2026-03-29,20.1,11.5,15.6,0.0,제주,13.542857142857143,9.649999999999999,2026-03
2026-03-30,17.9,12.7,15.8,35.5,제주,14.114285714285714,9.813333333333333,2026-03
2026-03-31,17.1,11.3,13.2,1.2,제주,13.985714285714286,9.853333333333332,2026-03
2026-04-01,14.7,11.3,13.0,4.4,제주,14.200000000000001,9.896666666666667,2026-04
2026-04-02,16.4,9.4,13.0,0.0,제주,14.242857142857144,10.023333333333333,2026-04
2026-04-03,20.0,13.1,15.6,9.1,제주,14.357142857142858,10.236666666666668,2026-04
2026-04-04,17.9,10.4,13.7,42.3,제주,14.271428571428572,10.319999999999999,2026-04
2026-04-05,18.2,8.2,13.0,0.0,제주,13.9,10.513333333333332,2026-04
2026-04-06,22.0,12.2,17.2,1.3,제주,14.099999999999998,10.95,2026-04
2026-04-07,12.6,6.4,10.5,0.0,제주,13.714285714285714,11.156666666666666,2026-04
2026-04-08,15.5,5.3,10.5,0.0,제주,13.357142857142858,11.333333333333334,2026-04
2026-04-09,19.6,11.0,16.4,46.0,제주,13.842857142857142,11.71,2026-04
2026-04-10,20.3,11.5,15.4,3.1,제주,13.814285714285715,12.02,2026-04
2026-04-11,18.6,10.9,15.2,0.0,제주,14.028571428571427,12.29,2026-04
2026-04-12,19.0,14.1,16.0,2.4,제주,14.457142857142856,12.533333333333333,2026-04
2026-04-13,19.6,14.0,16.5,0.5,제주,14.357142857142858,12.796666666666665,2026-04
2026-04-14,17.4,14.4,15.8,7.6,제주,15.114285714285716,13.066666666666666,2026-04
2026-04-15,19.2,14.6,16.5,1.5,제주,15.971428571428573,13.34,2026-04
2026-04-16,18.3,14.5,16.0,0.0,제주,15.914285714285715,13.526666666666667,2026-04
2026-04-17,20.0,15.0,17.3,7.9,제주,16.185714285714287,13.743333333333334,2026-04
2026-04-18,19.9,15.7,17.6,31.1,제주,16.528571428571432,14.07,2026-04
2026-04-19,20.0,16.4,18.0,11.0,제주,16.814285714285717,14.396666666666668,2026-04
2026-04-20,18.5,10.7,15.2,5.6,제주,16.62857142857143,14.580000000000002,2026-04
2026-04-21,19.1,8.2,13.9,0.0,제주,16.357142857142858,14.669999999999998,2026-04
2026-04-22,16.0,12.2,14.0,19.1,제주,16.0,14.743333333333334,2026-04
2026-04-23,16.3,13.0,14.3,14.2,제주,15.757142857142856,14.75,2026-04
2026-04-24,17.5,13.1,15.5,0.0,제주,15.5,14.883333333333333,2026-04
2026-04-25,18.3,11.7,15.3,0.0,제주,15.171428571428573,14.97,2026-04
2026-04-26,18.9,13.6,15.6,4.2,제주,14.828571428571427,14.996666666666666,2026-04
2026-04-27,19.0,11.8,15.8,0.0,제주,14.914285714285715,15.046666666666665,2026-04
2026-04-28,17.3,11.9,14.6,2.0,제주,15.014285714285714,15.013333333333334,2026-04
2026-04-29,13.8,11.7,12.7,1.0,제주,14.828571428571427,14.91,2026-04
2026-04-30,14.7,11.6,13.0,5.9,제주,14.642857142857142,14.903333333333334,2026-04
2026-05-01,17.4,12.4,15.3,1.0,제주,14.614285714285714,14.98,2026-05
2026-05-02,20.3,15.9,17.9,0.6,제주,14.985714285714286,15.143333333333334,2026-05
2026-05-03,18.3,13.4,15.4,26.5,제주,14.957142857142857,15.136666666666667,2026-05
2026-05-04,16.3,11.4,13.6,1.6,제주,14.642857142857142,15.133333333333333,2026-05
2026-05-05,17.5,10.3,14.0,0.0,제주,14.557142857142859,15.166666666666666,2026-05
2026-05-06,20.3,10.9,15.7,0.0,제주,14.985714285714286,15.116666666666667,2026-05
2026-05-07,20.5,11.5,16.7,0.1,제주,15.514285714285714,15.323333333333334,2026-05
2026-05-08,17.0,12.8,14.9,0.8,제주,15.457142857142857,15.47,2026-05
2026-05-09,19.2,11.2,15.1,0.0,제주,15.057142857142859,15.426666666666668,2026-05
2026-05-10,19.8,11.9,16.2,0.0,제주,15.171428571428569,15.453333333333335,2026-05
2026-05-11,22.6,13.7,18.8,1.1,제주,15.914285714285715,15.573333333333334,2026-05
2026-05-12,22.2,16.0,18.4,22.0,제주,16.54285714285714,15.653333333333334,2026-05
2026-05-13,20.3,15.4,17.8,0.0,제주,16.84285714285714,15.696666666666667,2026-05
2026-05-14,24.5,15.1,20.0,0.0,제주,17.314285714285713,15.836666666666668,2026-05
2026-05-15,24.5,16.9,20.2,0.0,제주,18.071428571428573,15.96,2026-05
2026-05-16,23.6,17.2,20.7,0.0,제주,18.87142857142857,16.116666666666667,2026-05
2026-05-17,24.2,18.6,21.5,0.0,제주,19.62857142857143,16.256666666666668,2026-05
2026-05-18,25.1,17.1,21.1,0.0,제주,19.957142857142856,16.37333333333333,2026-05
2026-05-19,25.1,15.4,20.7,1.9,제주,20.285714285714285,16.46333333333333,2026-05
2026-05-20,24.0,21.6,22.6,16.4,제주,20.97142857142857,16.71,2026-05
2026-05-21,23.1,16.7,20.0,6.7,제주,20.97142857142857,16.913333333333334,2026-05
2026-05-22,21.6,16.7,18.8,2.1,제주,20.771428571428572,17.073333333333334,2026-05
2026-05-23,21.6,17.6,19.2,2.1,제주,20.557142857142857,17.236666666666668,2026-05
2026-05-24,23.0,18.9,20.7,0.0,제주,20.442857142857143,17.41,2026-05
2026-05-25,25.5,19.3,23.0,2.9,제주,20.714285714285715,17.666666666666668,2026-05
2026-05-26,26.3,22.0,23.8,25.3,제주,21.157142857142855,17.939999999999998,2026-05
2026-05-27,24.3,20.8,22.6,0.1,제주,21.157142857142862,18.166666666666668,2026-05
2026-05-28,22.6,18.9,21.1,1.0,제주,21.314285714285717,18.383333333333333,2026-05
2026-05-29,23.0,18.8,20.5,0.0,제주,21.557142857142857,18.64333333333333,2026-05
2026-05-30,24.6,18.3,21.8,0.0,제주,21.928571428571427,18.936666666666664,2026-05
2026-05-31,24.9,18.6,22.2,0.0,제주,22.142857142857142,19.166666666666668,2026-05
2026-06-01,27.2,18.1,22.0,29.0,제주,22.0,19.303333333333335,2026-06
2026-06-02,22.7,20.7,21.5,37.5,제주,21.671428571428574,19.506666666666668,2026-06
2026-06-03,23.5,19.6,21.8,0.7,제주,21.557142857142857,19.779999999999998,2026-06
2026-06-04,24.3,20.3,21.9,15.7,제주,21.67142857142857,20.043333333333337,2026-06
2026-06-05,22.6,19.0,20.8,1.3,제주,21.714285714285715,20.21333333333333,2026-06
2026-06-06,24.7,18.0,21.4,0.2,제주,21.657142857142862,20.37,2026-06
2026-06-07,22.8,21.0,22.0,2.2,제주,21.628571428571426,20.606666666666666,2026-06
2026-06-08,21.1,17.8,19.8,5.3,제주,21.314285714285713,20.763333333333335,2026-06
2026-06-09,22.8,17.4,20.1,0.0,제주,21.11428571428571,20.89333333333333,2026-06
2026-06-10,24.1,17.1,21.2,0.0,제주,21.02857142857143,20.973333333333336,2026-06
2026-06-11,22.9,20.2,21.3,0.0,제주,20.942857142857143,21.069999999999997,2026-06
2026-06-12,23.8,19.7,21.7,0.0,제주,21.071428571428573,21.2,2026-06
2026-06-13,25.0,19.6,22.8,0.0,제주,21.271428571428572,21.293333333333333,2026-06
2026-06-14,27.0,20.4,23.3,2.6,제주,21.457142857142856,21.396666666666665,2026-06
2026-06-15,25.3,19.2,22.4,2.9,제주,21.828571428571426,21.453333333333333,2026-06
2026-06-16,26.8,21.2,23.6,1.8,제주,22.32857142857143,21.523333333333333,2026-06
2026-06-17,27.3,22.2,24.2,13.3,제주,22.75714285714286,21.626666666666665,2026-06
2026-06-18,24.8,22.2,23.2,5.0,제주,23.02857142857143,21.709999999999997,2026-06
2026-06-19,27.9,22.4,24.8,10.9,제주,23.47142857142857,21.783333333333335,2026-06
2026-06-20,26.0,22.1,24.5,15.9,제주,23.714285714285715,21.933333333333334,2026-06
2026-06-21,24.7,21.0,22.7,0.0,제주,23.628571428571426,22.063333333333333,2026-06
2026-06-22,23.1,20.8,21.6,30.3,제주,23.514285714285716,22.143333333333334,2026-06
2026-06-23,21.8,20.4,20.7,42.3,제주,23.099999999999998,22.14333333333333,2026-06
2026-06-24,22.2,20.3,21.0,44.4,제주,22.642857142857142,22.076666666666664,2026-06
2026-06-25,23.4,20.4,21.4,6.1,제주,22.38571428571429,21.99666666666667,2026-06
2026-06-26,24.0,20.0,21.7,0.3,제주,21.942857142857143,21.966666666666665,2026-06
2026-06-27,24.2,19.4,21.9,0.0,제주,21.571428571428573,21.993333333333332,2026-06
2026-06-28,24.4,19.1,22.3,0.8,제주,21.514285714285712,22.053333333333335,2026-06
2026-06-29,26.8,18.9,23.0,0.0,제주,21.714285714285715,22.093333333333337,2026-06
2026-06-30,26.3,20.4,23.4,5.2,제주,22.099999999999998,22.133333333333333,2026-06
2026-07-01,27.8,22.5,24.7,54.0,제주,22.628571428571426,22.223333333333336,2026-07
2026-07-02,25.1,22.3,23.6,2.5,제주,22.942857142857143,22.293333333333333,2026-07
2026-07-03,24.9,21.7,23.3,19.8,제주,23.17142857142857,22.343333333333337,2026-07
2026-07-04,28.1,22.4,25.3,12.3,제주,23.657142857142855,22.456666666666663,2026-07
2026-07-05,28.2,25.1,26.0,11.3,제주,24.185714285714287,22.63,2026-07
2026-07-06,31.4,24.8,27.6,9.9,제주,24.842857142857145,22.836666666666666,2026-07
2026-07-07,29.3,25.7,27.3,1.0,제주,25.400000000000002,23.013333333333332,2026-07
2026-07-08,29.8,25.9,27.7,0.8,제주,25.82857142857143,23.276666666666664,2026-07
2026-07-09,28.9,25.1,26.5,4.9,제주,26.24285714285714,23.490000000000002,2026-07
2026-07-10,29.7,25.1,27.4,5.2,제주,26.82857142857143,23.696666666666665,2026-07
2026-07-11,31.3,24.5,28.1,0.7,제주,27.228571428571428,23.923333333333336,2026-07
2026-07-12,31.6,26.9,28.4,3.4,제주,27.571428571428573,24.146666666666665,2026-07
2026-07-13,30.4,26.3,27.9,4.5,제주,27.614285714285717,24.316666666666666,2026-07
2026-07-14,30.9,26.5,28.3,1.0,제주,27.757142857142856,24.483333333333334,2026-07
2026-07-15,32.2,27.7,29.5,0.4,제주,28.014285714285712,24.720000000000002,2026-07
2026-07-16,29.7,26.3,28.0,0.1,제주,28.228571428571428,24.866666666666667,2026-07
2026-07-17,30.8,26.9,28.8,1.5,제주,28.428571428571427,25.02,2026-07
2026-07-18,33.7,27.1,30.4,1.3,제주,28.75714285714286,25.259999999999998,2026-07
2026-07-19,29.3,25.8,27.7,11.3,제주,28.657142857142855,25.35666666666667,2026-07
2026-07-20,32.0,26.1,28.9,0.3,제주,28.8,25.503333333333334,2026-07
2026-07-21,32.2,26.6,28.8,2.4,제주,28.871428571428574,25.706666666666667,2026-07
2026-07-22,31.0,27.0,28.7,3.6,제주,28.75714285714286,25.94333333333333,2026-07
2026-07-23,32.8,25.8,29.0,0.0,제주,28.900000000000002,26.220000000000002,2026-07
2026-07-24,29.9,25.1,27.4,1.4,제주,28.7,26.433333333333334,2026-07
2026-07-25,30.5,25.4,28.3,3.0,제주,28.4,26.663333333333334,2026-07
2026-07-26,30.4,25.6,28.3,3.0,제주,28.485714285714288,26.883333333333333,2026-07
2026-07-27,29.5,25.3,27.6,4.9,제주,28.3,27.073333333333334,2026-07
2026-07-28,30.4,26.3,28.2,2.1,제주,28.214285714285715,27.269999999999996,2026-07
2026-07-29,29.7,25.9,27.9,0.0,제주,28.099999999999998,27.433333333333334,2026-07
2026-07-30,30.3,24.9,27.9,0.0,제주,27.942857142857143,27.583333333333332,2026-07
2026-07-31,31.5,25.1,28.8,0.0,제주,28.142857142857142,27.719999999999995,2026-07
2026-08-01,31.6,26.9,29.3,0.5,제주,28.285714285714285,27.910000000000004,2026-08
2026-08-02,30.8,25.7,28.6,0.0,제주,28.32857142857143,28.086666666666662,2026-08
2026-08-03,32.0,25.4,29.6,0.0,제주,28.614285714285717,28.23,2026-08
2026-08-04,33.1,28.0,30.4,0.0,제주,28.928571428571427,28.376666666666665,2026-08
2026-08-05,31.1,27.4,29.0,3.3,제주,29.08571428571429,28.423333333333336,2026-08
2026-08-06,30.7,26.8,28.4,4.2,제주,29.157142857142855,28.46,2026-08
2026-08-07,31.0,26.8,29.0,3.5,제주,29.185714285714283,28.503333333333334,2026-08
2026-08-08,30.3,27.5,29.0,6.0,제주,29.142857142857142,28.586666666666666,2026-08
2026-08-09,28.7,25.9,27.3,13.6,제주,28.957142857142856,28.583333333333332,2026-08
2026-08-10,30.2,26.1,27.2,3.6,제주,28.61428571428571,28.553333333333335,2026-08
2026-08-11,28.2,24.8,26.2,0.1,제주,28.014285714285712,28.48,2026-08
2026-08-12,27.3,23.0,25.4,0.3,제주,27.5,28.396666666666665,2026-08
2026-08-13,28.6,24.1,26.2,0.5,제주,27.185714285714287,28.326666666666664,2026-08
2026-08-14,28.8,23.0,26.0,5.7,제주,26.75714285714286,28.209999999999997,2026-08
2026-08-15,28.8,23.4,26.0,11.4,제주,26.32857142857143,28.14333333333333,2026-08
2026-08-16,28.8,25.8,27.2,20.4,제주,26.314285714285713,28.09,2026-08
2026-08-17,29.3,25.3,26.9,22.8,제주,26.271428571428572,27.973333333333336,2026-08
2026-08-18,28.7,24.7,26.7,14.0,제주,26.342857142857138,27.939999999999998,2026-08
2026-08-19,29.2,25.2,27.1,6.8,제주,26.58571428571429,27.88,2026-08
2026-08-20,31.6,24.3,28.0,0.4,제주,26.842857142857138,27.85333333333333,2026-08
2026-08-21,32.0,25.9,28.6,1.0,제주,27.214285714285715,27.85,2026-08
2026-08-22,30.3,26.8,28.3,5.9,제주,27.54285714285714,27.826666666666664,2026-08
2026-08-23,31.5,26.6,28.6,4.8,제주,27.742857142857144,27.866666666666667,2026-08
2026-08-24,30.9,26.0,28.0,9.4,제주,27.900000000000002,27.856666666666666,2026-08
2026-08-25,30.6,25.2,27.7,4.2,제주,28.042857142857144,27.836666666666666,2026-08
2026-08-26,32.4,26.1,28.9,0.9,제주,28.3,27.88,2026-08
2026-08-27,31.7,26.6,28.8,8.3,제주,28.414285714285715,27.9,2026-08
2026-08-28,30.1,26.9,28.1,17.8,제주,28.342857142857145,27.906666666666663,2026-08
2026-08-29,29.0,26.4,27.8,16.8,제주,28.271428571428572,27.903333333333332,2026-08
